IMF1,IMF2,IMF3,IMF4,IMF5,IMF6,IMF7,ORIG
1.00686342916216,-0.636054800420294,0.265633044519448,0.0721277061229483,-0.15479757052551,-0.032949764569357,-0.00206295947230995,0.4601664
1.00837642577469,-0.501804204690266,0.0907396870009853,0.0166953735055714,0.104040284921335,0.0799286454387967,-0.00958506060566353,0.7859808
1.00943205724295,-0.262731561317397,-0.173515167830273,-0.079689519592224,0.200564976287091,-0.0822635107755048,0.0336241263217446,0.7219584
1.00996635503162,0.0345854012710457,-0.350031037173021,-0.119140645411527,-0.0501071500952761,0.0253545832031697,-0.0686402208193465,0.479088
1.01027103863678,0.333462967107312,-0.264726719859906,-0.00824817213598277,-0.240709096191361,0.0745197077147701,0.111763522379744,0.7571232
1.01696533020005,0.582772336812488,0.0874327387631402,0.166992108743979,0.00467511206538357,-0.134925030413344,-0.150733407408013,1.0037952
1.03095646198107,0.722000470822516,0.423992074235051,0.141428909288379,0.256870854166315,0.054154295367261,0.149657594232107,3.4044192
1.03822397767248,0.685967689660535,0.383569993534711,-0.1400162892303,0.0127280025948673,0.0983380673618109,-0.0986989368025988,1.56151584
1.05094801631604,0.490023742621686,-0.0175049841020544,-0.254370510089441,-0.228955925305587,-0.129412580872601,0.0230396803346731,0.42256512
1.07401520416644,0.175078946943901,-0.438363363854386,0.00993807200561887,-0.0457329598439361,-0.0242375972929826,0.0358493041587019,0.61280928
1.10039254950952,-0.211533042468654,-0.515660673851114,0.270705244583746,0.162207640777495,0.14905020169157,-0.0748461768100624,0.809568
1.12942672073304,-0.590556379690415,-0.136922627213485,0.139031015644197,0.0773387926836044,-0.0702929822749723,0.0897455211541819,0.42588288
1.16119547233726,-0.871473016297944,0.409522620134194,-0.210064622870781,-0.098411679472703,-0.134082442146351,-0.0877328491663342,0.21914496
1.19345633401093,-0.978285831367276,0.63264735309026,-0.27532060779748,-0.116553807908372,0.198449113216174,0.0726861156262905,0.7083936
1.22480799635336,-0.864835468094112,0.284351285533241,0.0616575600801994,0.0347574656521122,-0.00336419421296066,-0.0507755812589686,0.83376
1.25509528522392,-0.530031859278365,-0.365712942193947,0.34030020877575,0.16094860851499,-0.24607399069246,0.0319824998478031,0.45182016
1.28699617405937,-0.0253475995996847,-0.725393679927008,0.150261858026726,0.0335552045167327,0.244027584899944,-0.0203964225186245,1.118448
1.31732536270964,0.536341516794201,-0.43188336794872,-0.283782955431294,-0.214768690984264,0.0510993857193884,0.0111613057196679,0.91524384
1.34835022300091,1.02063920969448,0.300755353549596,-0.344864675433222,-0.0945144291254433,-0.334028078083586,0.00572431271690114,1.6557264
1.38222776719529,1.29305168026861,0.80670765007234,0.0867817837327201,0.259909977915494,0.264378936291389,-0.0455260217230737,4.91593536
1.39945010470267,1.22877200080263,0.542373676292189,0.394946937831043,0.123590616169436,0.104031356763743,0.101398510556806,5.1331968
1.39610993839218,0.821448792157345,-0.253964718215874,0.190286267214345,-0.247659868227261,-0.327615734593077,-0.110998857348124,1.376784
1.39018721149784,0.20181706303477,-0.761338445720808,-0.18431051862569,-0.0791917600404413,0.219788105284659,0.0846362066627479,1.097712
1.38158500479808,-0.466409463731322,-0.500284106259221,-0.29040620491534,0.22276823275571,0.0675642499967523,-0.0379311003734641,0.4954176
1.36944345916976,-1.01005447436783,0.232030919907523,-0.0804462653765348,0.0330306002992577,-0.243339786180663,-0.00866012657345801,0.4273344
1.35562446017149,-1.28434305191698,0.702449239299268,0.176524326897287,-0.188248611209896,0.181248191807793,0.0449075067578789,0.9949824
1.34043577175633,-1.2175514046408,0.467495984256335,0.230912278284334,0.0149416322998164,0.0156166178438547,-0.0609998843937304,0.8844336
1.32501575890781,-0.826396124144606,-0.205287688524322,0.0629830888120761,0.158571979080153,-0.149987776321908,0.0579690294227499,0.16931808
1.31312719333515,-0.209976166347512,-0.634124095518006,-0.161620756616037,-0.0586092709892753,0.13630615445022,-0.0405031027271579,0.09593856
1.30787633476413,0.469126970772254,-0.421688083655902,-0.244039594590891,-0.135761905835625,-0.0428872569161719,0.00979088550976871,0.2820528
1.31380997798314,1.0276649529695,0.173908823551351,-0.086477127383146,0.0880074825238649,-0.0554579027058963,0.0118647457499824,1.99962432
1.33060682574192,1.30028529186674,0.524973119858495,0.177769726686843,0.081833100899406,0.0826784780274129,-0.0355475276269271,2.89558368
1.3565850366173,1.19163474422231,0.294386307978494,0.260614764700853,-0.147368482065535,-0.0831283512179335,0.0400165611358192,2.97845856
1.38244528710023,0.70171442959462,-0.244637194447259,0.0137730765607571,-0.0581050553319828,0.0427092601926561,-0.0355920322077886,2.178144
1.40153749096684,-0.046166851206524,-0.49153939501286,-0.289303474558055,0.213028427739636,0.058504123485136,0.0380164867720818,0.9589536
1.41874348700008,-0.821004838152611,-0.155118656614321,-0.220063928074983,0.0647663883620038,-0.134180831885221,-0.0378345270949778,0.2214864
1.4339267830401,-1.37793590937323,0.386153415504408,0.172598635923262,-0.275278342897765,0.098045236994276,0.0331669687074441,0.40438656
1.45020588424855,-1.52549098146926,0.507658871461984,0.373272335366508,-0.0665489360832382,0.0502779348356296,-0.0197687202550936,0.7235136
1.46752717363497,-1.19739057529941,0.0300187410595464,0.0652526960183827,0.332227823587652,-0.189080416097698,-0.0066944777561138,0.3234816
1.48695996116885,-0.474053627306844,-0.54640740430311,-0.381044897768222,0.0607549476520613,0.157018513544356,0.0373097088240148,0.68864256
1.50144630503751,0.426329106228312,-0.572053316393532,-0.355522272035882,-0.402223411048999,0.0446409375219408,-0.0662694117939716,0.51843456
1.51347007234193,1.23633187774579,0.0605872310509826,0.183954739987432,-0.0441530619887946,-0.225007385472371,0.0903922720602231,3.9501216
1.5061504567445,1.68354979271408,0.700357564894341,0.522999243916365,0.460856495398775,0.190786767149089,-0.0975746499688804,5.7226176
1.48240827650716,1.63628877471465,0.675778447339334,0.208924109414339,0.0874129309953564,0.104804117626317,0.124163009568192,5.17542912
1.4432971400235,1.11691569341129,-0.0274343635163833,-0.365518689306038,-0.474860105944951,-0.324835029682139,-0.143348498122181,1.2914208
1.40137471726937,0.305644059845085,-0.708536011601865,-0.446623377717415,-0.0878164452146069,0.222626809657451,0.161142032666258,0.883872
1.35862191551125,-0.55332724660618,-0.693854074560202,0.0453843904852883,0.484544433109074,0.130852333589911,-0.170569537540705,0.48383136
1.31879297438104,-1.21176001562593,0.00596097426633618,0.454663623657088,0.0856062964339769,-0.388886294758418,0.15700221893316,0.09612
1.28384716881528,-1.49435459161488,0.69513077441587,0.255727991791896,-0.50548898407144,0.253998938750735,-0.117357360804812,0.32978016
1.25067669126654,-1.35099459060635,0.676284176235188,-0.281754727928556,-0.103849223823801,0.154124308468634,0.0361076104809973,0.5354208
1.21360732855395,-0.85701387328441,-0.0348660176322775,-0.446888166288847,0.519057972830959,-0.430682440999186,0.08442566440966,0.35132832
1.17307906615824,-0.167116041645072,-0.699546256214691,-0.00291525973265819,0.141213114394638,0.298528298116227,-0.212553953550197,0.27006048
1.13419454889794,0.529421017994036,-0.623695912633231,0.470483253943552,-0.518169731406284,0.145742515035889,0.319419319024059,1.7496
1.09443124984637,1.04360226210764,0.101434472752112,0.313685531598948,-0.182938668349952,-0.481154102889607,-0.37343874218594,0.77605344
1.06421722198706,1.26349599818424,0.730043785133684,-0.271615934076286,0.531608918453056,0.367585428666486,0.352519107117307,3.93987456
1.04319645510495,1.14498079255602,0.589313780887612,-0.518367864766324,0.204446240209976,0.0997922407995065,-0.262178094941998,0.37044
1.05210313493397,0.753978611191775,-0.179027684905097,-0.0758451658136161,-0.552254891173574,-0.507511962654539,0.0917765240888198,0.17853696
1.0748305524903,0.157259777251304,-0.857810730900283,0.395526054754766,-0.326994192771424,0.366850456231248,0.0739457367702962,0.1496448
1.10922666609782,-0.514625456779278,-0.741861665664557,0.281150956241883,0.548073036380724,0.184938523199306,-0.197718786414649,0.41071104
1.15049107787063,-1.10977951353106,0.124274543853002,-0.191626746031966,0.427580170413613,-0.580890897075783,0.234599246474874,0.05425056
1.19087806320158,-1.48708715362038,0.927148819292381,-0.353619671077953,-0.560147448994722,0.363048052529462,-0.184154447985556,0.11844576
1.22927090691466,-1.53110162283908,0.874086805670409,-0.00930433417846238,-0.51273035163988,0.293780066649459,0.0816341188179776,0.13053312
1.27129916309762,-1.18715851729601,-0.0251260941465225,0.329462914177242,0.586694346241663,-0.688939596319773,0.0321370393343586,0.20183904
1.3166650924235,-0.508355164350533,-0.954525118871387,0.168722544693828,0.583586096592565,0.338790852830299,-0.125011462539782,0.80292384
1.36128533869334,0.34994867113203,-1.02827439808995,-0.25157672020691,-0.627905691230582,0.425153789520985,0.160807452885751,0.5530032
1.40434440714253,1.17619007105403,-0.119314045150762,-0.295566433360097,-0.651876222381715,-0.782436973197004,-0.121981819178033,0.54776736
1.44421931645239,1.74755816077162,0.955305807020281,0.110141666701672,0.663227872082901,0.2958508034813,0.0120584782280425,6.6680064
1.45870121968336,1.8676940241047,1.14496129848521,0.341881108402687,0.703319796312054,0.561502646923448,0.14388771021679,7.6933152
1.44606106418534,1.49885502286201,0.282823402308986,0.118372405696248,-0.615530105517378,-0.787934653684664,-0.23188933922298,1.8763488
1.4260438177764,0.774858870141487,-0.767185778407298,-0.159937306659595,-0.669974591718668,0.16661265951297,0.231476259369279,1.7783712
1.3929402588978,-0.116057193759238,-1.06477700115775,-0.176369602402977,0.559571718720803,0.619747609051344,-0.132045692752254,1.3235616
1.35359712216677,-0.932057717443424,-0.380259281393843,0.00044547344594134,0.668298191177549,-0.694500986857876,-0.0210955906958559,0.2532816
1.31011927856845,-1.46543985551644,0.616033581209344,0.107434145285935,-0.492300026104517,-0.000547204233696915,0.183316880222131,0.0415152
1.26892325953439,-1.58831462743884,1.01161649510594,0.0733074734993121,-0.661616030414687,0.683878536923067,-0.302529795718463,0.74720448
1.22381001754024,-1.30563962049403,0.459369428277421,-0.00812354848429152,0.406585748395001,-0.609829250813931,0.330076781321739,0.5704992
1.17700487508278,-0.714291658769897,-0.487557901523339,-0.0347969051424687,0.667528335854217,-0.127811335300223,-0.236734453431437,0.21896352
1.13061489292941,0.0187281758671047,-0.938183927055034,-0.0317081205626774,-0.313951594483962,0.727259595234669,0.0377582916081054,0.58195584
1.08440667595098,0.697801053715106,-0.510754942184719,-0.0466587384491831,-0.679193392982348,-0.540716259799286,0.212871931697552,0.35900928
1.03941218758639,1.15845728361143,0.361895099311795,-0.0147874211574938,0.22939864432463,-0.227649685784244,-0.433583824349356,0.84423168
1.01210551399571,1.31900109644278,0.875263134828679,0.0958375424505793,0.693747160229756,0.745866252213152,0.534047221624102,5.96268
0.978177021008548,1.11512948526601,0.507880930173472,0.0566278294115946,-0.219484932182247,-0.516290246147984,-0.495927746638267,1.06255584
0.94847092391102,0.630082095291641,-0.325892955376858,-0.0818702665056837,-0.664021450816206,-0.179396226313628,0.348318165554039,0.43872192
0.924592263899235,0.00748877421714339,-0.7944685826016,-0.113536184562594,0.202624501133345,0.639572253809991,-0.144080529041472,0.35747136
0.906660512904382,-0.587552243997384,-0.482431364796639,0.011101479539457,0.612930324693248,-0.477239984940052,-0.0771552229826053,0.0455328
0.887749438489479,-1.016225043584,0.244162460776427,0.110900262942484,-0.20209294261499,-0.103692727492961,0.263985144311977,0.04580064
0.870899050118611,-1.17313427364347,0.683090401240741,0.065101416395029,-0.550042252048859,0.545444855220022,-0.373952777709819,0.04284576
0.85550000997691,-1.02902613465413,0.45752191730544,-0.0584077104371039,0.200198156776488,-0.464199928262918,0.386554343798612,0.05130432
0.844930452616455,-0.627907388930095,-0.161080565179848,-0.0997241739522892,0.485725426876742,-0.0273335573264778,-0.311746919251142,0.17103744
0.834361973863318,-0.0893546785451535,-0.583343524656473,-0.029049659394971,-0.213069229000694,0.446669408182395,0.170884920651498,0.3582144
0.826787867372735,0.448511994729182,-0.439212273775771,0.0716050819648506,-0.414282468878782,-0.424337210214721,0.000152231623272299,0.0443232
0.820859451989848,0.849581688937015,0.0866491820423497,0.0874687401558986,0.222051982421274,0.0249059994732742,-0.161666406522878,1.50061248
0.822963074141661,1.02804985565071,0.490055777511205,0.0089750853551116,0.346821716921447,0.355635187220647,0.274045386644567,2.99347488
0.831403845378983,0.942820646702242,0.403514062776667,-0.0988008417260035,-0.254025248579613,-0.405219785276345,-0.328883399613383,0.883872
0.845752836604633,0.618860380057963,-0.0576637660084925,-0.117184612516931,-0.291691106863553,0.102994279968728,0.314750814689169,0.8191584
0.870163578606505,0.144739159731864,-0.431851237724713,0.00757612727143022,0.279652370015719,0.261564243352787,-0.247202219301564,0.60148224
0.901340839353136,-0.369911277246498,-0.39543309229976,0.129527007062964,0.206596318768614,-0.407310523313252,0.124723420277482,0.0461808
0.935102027641812,-0.808813967722239,-0.0252163571126168,0.0842079858529411,-0.320956826571402,0.212183397351726,0.0255368006687384,0.04580064
0.970558632336994,-1.06630367856556,0.328266763875806,-0.0762873112822771,-0.122530217314005,0.166642502356201,-0.175047828225124,0.04443552
1.00565849355423,-1.07699414799052,0.369455731987403,-0.143553611494349,0.361304341172683,-0.417278370131394,0.293534892484467,0.34454592
1.04162659220198,-0.826731401986639,0.10467701557483,-0.0173097802148768,0.0426189371353704,0.320807354662572,-0.355056781939942,0.41904
1.07621211822193,-0.367834747829225,-0.217151036203757,0.138797561255716,-0.404070367920816,0.0628220445568927,0.345337445053895,0.43067808
1.11361697763936,0.202697447814294,-0.327043582630686,0.119444625503011,0.0432176555203501,-0.416278029412892,-0.263915838402096,0.74290176
1.14589678163634,0.737434210820989,-0.182185928661325,-0.0790313190608918,0.429104520334989,0.407068453331601,0.118136513220072,2.99340576
1.17175240567894,1.10487903828581,0.0890765887190277,-0.177902755793366,-0.111225910372973,0.00396593023606698,0.0819710025815436,1.99841472
1.19897236101139,1.22569387075809,0.305807099383713,-0.000300172433377627,-0.429527671116869,-0.43568087118093,-0.290347268423904,1.6149024
1.22410552589742,1.055868874318,0.287770687166147,0.187092221206005,0.157970893993421,0.444824081273226,0.442880789985629,4.8165408
1.23184266588096,0.604822615309507,0.00962028881253973,0.0805082230179208,0.422281271135257,0.000833805209737193,-0.48184648274392,2.3216544
1.22985064572739,-0.0035884325556926,-0.265376552197493,-0.112517553619835,-0.141774407202585,-0.409507013556572,0.42320612122465,0.99997632
1.22208440298817,-0.60169732348374,-0.275803034535371,-0.0796655824819561,-0.390603057436196,0.392601794725616,-0.272501515967593,0.0759456
1.21274398730619,-1.0247771914474,-0.0179940479421181,0.0949349092958162,0.135013237199264,0.00825905934266912,0.0658127154269752,0.5215968
1.20237054069342,-1.16268498957121,0.248134308881198,0.0883144980124148,0.358786406294235,-0.373578693146182,0.153223765679793,0.37642752
1.19492581227569,-0.980473575096913,0.267450655166591,-0.103189872006035,-0.125148504633155,0.347935564453256,-0.338324708992717,0.10736064
1.19024325429883,-0.537976975269118,0.0212272888847181,-0.155449024481691,-0.336783358416585,0.00723928669554495,0.44425704617381,0.38375424
1.19127729347534,0.0377438178197309,-0.246745138649007,0.065408630468008,0.110755326968313,-0.326335895446089,-0.452360153456626,0.05592672
1.19693088037378,0.57823146136603,-0.284131368573887,0.224609457234836,0.297220784340956,0.28999096193079,0.350495369934979,2.78650368
1.20304262287656,0.925432597691952,-0.0626627266223395,0.0250165772704912,-0.107799666589227,0.0256095088953674,-0.162624393516908,1.3812768
1.21604703607707,0.99711518125349,0.225111458772825,-0.258687712089899,-0.246667419646251,-0.269607346665297,-0.0657637947078531,1.30427712
1.23591997060142,0.780366145050047,0.299625521919364,-0.190204596518431,0.0839303366519636,0.186970014536528,0.262590488148848,2.5472448
1.25698816480387,0.333439043752167,0.0648674364454513,0.166706250498451,0.172756503992768,0.0710212848067514,-0.386048674488845,1.8542304
1.27683845500937,-0.2137280924846,-0.252787019501275,0.320657426389997,-0.0571089347090528,-0.187753316055638,0.413403684525582,1.1442384
1.29765852977414,-0.693822011256059,-0.317703450413824,0.0345663048982705,-0.0890680480402009,0.0647789500672246,-0.340127983209377,0.05397408
1.31879615552064,-0.963144344568189,-0.0495109532103977,-0.327627283766157,0.028498912974347,0.104849482299957,0.185995707904787,0.13959648
1.34053901555818,-0.940153393088467,0.28518467023525,-0.26004629988536,0.00449218056611168,-0.100919827693792,0.00815734546104053,0.6023808
1.36062145660267,-0.632834195664393,0.336247494959091,0.179131494455423,0.00022109219669669,-0.0542482534752785,-0.190654903482688,0.64183968
1.38336015945574,-0.12484213615894,0.0453592095475684,0.41231384422139,0.0887031326881499,0.14339546532536,0.316862691922189,2.7805248
1.40112031881952,0.424411389345019,-0.312062630547821,0.0798550748102858,-0.038590568426388,-0.0316955797372822,-0.357626396323831,0.71282592
1.42498936846665,0.870781674471962,-0.340437974044834,-0.367892189757122,-0.14896178795056,-0.13234302308656,0.321905742012363,0.91610784
1.46532489415355,1.09309559201279,0.00694429749646596,-0.320251435409253,0.0699091929739684,0.119368797670588,-0.243233835374986,1.00890144
1.5239375379919,1.00531958606918,0.329120799693493,0.12104211617825,0.156148093676,0.0220508893876155,0.109554385858464,3.3731424
1.58812788942977,0.581954430327595,0.226750940060213,0.329276580506358,-0.151300991788868,-0.156113094084054,0.0379758205774153,1.0656576
1.67258671142644,-0.0643867093861596,-0.161221729525763,0.105241712881864,-0.153065677057979,0.134798497898265,-0.174260892378323,1.1924064
1.76517385109701,-0.787209740656296,-0.414018929777454,-0.246039417870916,0.166561943319789,-0.025953838177186,0.231720165790483,0.33073056
1.86149348160227,-1.39142100885935,-0.227496782029806,-0.278079313027867,0.132514599065347,-0.0868940536914048,-0.195812151134471,0.06215616
1.95671313680193,-1.68930939490195,0.239414726246909,0.0412492676859261,-0.182830012388703,0.136446515096636,0.0801301101631771,0.26452224
2.05402581809219,-1.54734312264644,0.508306457663713,0.311468845239517,-0.104160152750197,-0.0914937900048118,0.076728148964324,1.5558048
2.14807023207158,-0.958256947429294,0.246794651625036,0.176944547258304,0.187831639697619,-0.0334524146914813,-0.225470916186039,1.4154048
2.23981976545788,-0.036806952427882,-0.321086812763697,-0.187341150182703,0.0798693760407444,0.156824189956213,0.316285523775285,3.1248288
2.31806208534234,0.977457449679982,-0.623864515431414,-0.321277545964066,-0.20195759587601,-0.169325840481557,-0.309922219195241,2.125872
2.38291560102235,1.81557158786327,-0.277560532693625,-0.0182618527372419,-0.025622898575953,0.0571495297055012,0.218246505865699,5.5207008
2.42154577327783,2.22089974672589,0.426367102021665,0.335856293844986,0.226566840164693,0.134396048569289,-0.048822607245237,7.7281344
2.42052962639105,2.0499253001278,0.795318642709704,0.290755917081231,0.0234422614511054,-0.196103620725695,-0.107504254297851,7.072272
2.38382095686437,1.35262192017921,0.463122065082123,-0.0471261104266547,-0.145050696317515,0.158719647020857,0.267199971416502,5.999616
2.31560884912657,0.334839230654734,-0.272546877847764,-0.24473541245192,0.0613993174214784,0.0403502847339871,-0.348996140717291,2.800224
2.22981856868837,-0.694253094527412,-0.712890643489259,-0.096754630341184,0.140820644836365,-0.213704026775533,0.368633539132081,1.147392
2.13873311825289,-1.43855973846989,-0.458546370828057,0.13783994853799,-0.11555738703536,0.223868652929161,-0.314780218125076,0.34481376
2.04543458355623,-1.71762146488201,0.200525154611822,0.130979444256699,-0.144398146322424,-0.0486349447901215,0.194195200978651,0.61998048
1.95067768431229,-1.50270363276897,0.612880381732289,-0.0533410490456859,0.162143967580123,-0.192533048372724,-0.0314317243851576,1.302912
1.85045187191736,-0.91310178425342,0.41019959008485,-0.11689437700038,0.143264818300462,0.295199291790046,-0.139310919253883,1.7889984
1.7449767920093,-0.151517930976997,-0.14422189178453,0.0274321772071857,-0.18956036653709,-0.120865447200909,0.298134021764703,1.25818272
1.64425800747213,0.570521228035671,-0.465918093977212,0.145648829532476,-0.114527632759054,-0.184307968582113,-0.404883302904957,0.56096928
1.55553841478452,1.07010320595261,-0.290862755456487,0.0188219206111425,0.210467799450643,0.326492307381129,0.422017381729162,2.20248288
1.49051518910268,1.243485848622,0.112528177630004,-0.18777904761302,0.068327271104483,-0.178387185440949,-0.357289873932673,0.3290112
1.46054661589856,1.07214808724583,0.274592984028291,-0.168469876512963,-0.282669820419943,-0.193148505109113,0.177460553501677,0.43055712
1.46906448141678,0.602056707177747,0.0260292353819534,0.0406151104005487,-0.111977830715993,0.353065124460781,0.0268656533433865,0.97161984
1.50334407260289,-0.0819836545885184,-0.343628081547727,0.105225011865397,0.245905239724515,-0.213976760788433,-0.265287927284022,0.83745792
1.5454380916711,-0.842836988141836,-0.373308054855904,-0.0407444488934203,0.0982401569549665,-0.130512494924233,0.471997565066928,0.04486752
1.59624589681005,-1.47413799918195,0.079732747636162,-0.0734509186411305,-0.20244653955873,0.384389904111283,-0.596330851659596,0.04124736
1.646395094414,-1.79065220346709,0.559449522881946,0.0859921412591412,-0.0985331281363681,-0.315106238072974,0.593023287371107,0.11090304
1.70311830405607,-1.64700674705105,0.507838417547783,0.156394165733804,0.179089962040862,-0.0347491152185834,-0.440598286960208,0.37107936
1.76566815458103,-1.02619279129728,-0.140932572089162,-0.0719821827491457,0.0862667532054016,0.365359650939387,0.147173010061856,0.25242624
1.8401126819547,-0.045311460659911,-0.776434722836514,-0.296210499953995,-0.169135487065253,-0.400795413274149,0.217692893768794,0.3300048
1.91997228191732,1.03559260569347,-0.715964641633043,-0.132084801623028,-0.114122227201736,0.0529624345710957,-0.590776437015408,1.23968448
1.99509124382989,1.89214213928968,0.077903331615324,0.26616456720836,0.124479539515207,0.363026717522934,0.863451001023407,8.07325056
2.03399806617082,2.2241435152638,0.879138680294868,0.344136606484688,0.141236258556319,-0.436034966531263,-0.921846117300277,4.4203968
2.05572739320473,1.95846975859712,0.983335343692012,0.0439268414605194,0.0414924610281006,0.189123054253154,0.786224414194488,8.814528
2.03675068305186,1.14537190780122,0.19638080309945,-0.30010807005808,-0.149590746603958,0.196203098434597,-0.455444209179285,2.6212032
2.00843067692033,0.077341596140191,-0.751923432989476,-0.186591749483736,-0.0728727153982567,-0.32571460010759,0.0681446103445604,1.3415328
1.97519919561547,-0.925085143474849,-1.0186354946289,0.189927190158969,0.162049292102102,0.141754652251251,0.266426145201891,0.42080256
1.9437814485036,-1.58322947508623,-0.380110225832263,0.259601490264929,0.0974736424299671,0.104014311873403,-0.471941986651506,0.22928832
1.91154653168884,-1.75111732609474,0.572206590710812,-0.082822101117324,-0.189933523022976,-0.187453426119479,0.509798572577709,0.5055264
1.87915342081826,-1.43172130967434,0.991548822723271,-0.309685824582966,-0.130269067153458,0.0934372125079833,-0.401991381342077,1.557792
1.83558680939491,-0.777781551353458,0.513511526919213,-0.0660824623731909,0.209412721318099,0.0235520807832099,0.212926554411086,1.93968
1.78586195627264,0.00622324692149068,-0.386079611003698,0.331659888316946,0.197758413542914,-0.0243202465373346,-0.00114277273651523,3.0225312
1.72155889112338,0.692560901148498,-0.896060323446074,0.277785599148138,-0.215376734879159,7.33507080385419e-05,-0.148266865689345,0.84328128
1.66376517628042,1.15143138970838,-0.53912721735956,-0.157297187463135,-0.20338512297743,-0.0140575537100781,0.214575294019567,1.53007488
1.61969493072649,1.30560541952395,0.300280075545366,-0.403754945688724,0.198594224888548,0.0354824465274421,-0.217836313026549,1.97938944
1.59109296157503,1.14125179719113,0.777382058496368,-0.151599862770807,0.165204646115194,-0.0527384498771335,0.154114201391069,2.791152
1.57968245919887,0.711597054367598,0.443627322512046,0.268490553617296,-0.219277008765059,-0.0159479068907067,-0.0792133309199159,2.1084192
1.57861096226961,0.108756980840195,-0.345006606503358,0.305500180324756,-0.176819824316257,0.0808753427616651,0.00119345712304647,1.4058144
1.58236207871599,-0.537194708179571,-0.779791611424444,-0.0627891837809662,0.218823331233503,-0.0701070918892032,0.0492255837967633,0.24376896
1.58734566745728,-1.07996013158756,-0.416026813816553,-0.324812827078156,0.182040177340941,-0.0269576448546219,-0.0631781685563241,0.11716704
1.59004335354711,-1.38831799765031,0.378439555436069,-0.138092268191735,-0.215086282774893,0.121822696426047,0.047658745191172,0.18245952
1.59441810100171,-1.36717366544164,0.80666227323684,0.235771641524296,-0.172145588471072,-0.0914844422454478,-0.0115323208206407,1.035936
1.600512800324,-1.00281258990601,0.421839691135837,0.277515040166482,0.207941892158305,-0.0605377816640555,-0.0300563232115801,0.9896256
1.61235033457329,-0.363998400484355,-0.40350958014443,-0.0654836073712581,0.159921196666675,0.174268056745871,0.053633095030038,1.11828384
1.6269187424989,0.392811701274772,-0.856998484045696,-0.332259527420728,-0.221458118084556,-0.125845364559466,-0.0572798664536624,0.30938976
1.64249730329812,1.07278765066838,-0.472936798834682,-0.154852960218041,-0.156183738070778,-0.0686493148800149,0.0353871528548734,1.96915104
1.65653499535758,1.49096306408654,0.390528010390127,0.234853456244271,0.22817271889474,0.220272456337497,0.00328730385085911,4.8289824
1.65850957261248,1.51553188938686,0.880556520862257,0.305285479048792,0.145872295886325,-0.160027682095513,-0.042617881717679,5.0880096
1.64582928361283,1.13532375532686,0.528171839980286,-0.0107450887172658,-0.200319394667907,-0.0416518262489778,0.095867646460354,3.8458368
1.61862135356389,0.460308633980495,-0.303117371633838,-0.260930801926466,-0.0962454411659559,0.235463523498356,-0.128108047008838,2.0755008
1.58159147848814,-0.308568197296243,-0.790425452092919,-0.118359506547464,0.210968092273746,-0.204633392724921,0.146310860224934,0.64020672
1.54071592191836,-0.946243680381565,-0.478007020391903,0.177759180880467,0.0693606383757926,-0.0273564423638607,-0.13337510214857,0.20942496
1.50000967555155,-1.27787827393064,0.281623376941825,0.18968096940017,-0.219569699040889,0.243647182340046,0.0841055215661741,0.8833536
1.45663039538416,-1.23521262883055,0.705660973011455,-0.0900626507701203,-0.0541592191616271,-0.240407591820136,-0.00746961920062456,0.7967808
1.40968803819545,-0.855584789911737,0.401997189210946,-0.222288419791102,0.234300186924909,0.0159352597091415,-0.0745625675912733,0.9588672
1.3598518692847,-0.263919658505951,-0.266305591638233,0.00705788678382353,0.0490939394246697,0.239874997758157,0.147494979233147,1.4967936
1.30888653623152,0.367136233206101,-0.598478141644218,0.251767323932532,-0.2371988363281,-0.277768166659082,-0.186057823969389,0.0700704
1.26404756326756,0.870076439355861,-0.28738122087868,0.118989201279936,-0.0378577181824295,0.0483504473682614,0.1737815074963,2.51284896
1.21911764442263,1.10224474806539,0.270020126877393,-0.24368802153547,0.222024024752871,0.227284949560492,-0.114627833826804,1.27143648
1.19619137679069,1.03901968878166,0.504106939808691,-0.253506692378918,0.0524444326957374,-0.27164287499016,0.0234733225851791,1.49757984
1.19079698368921,0.688931193537609,0.153917017697828,0.0941771799035381,-0.28163886640784,-0.0289041137094719,0.021659789081932,1.4421024
1.19373412371629,0.121807416235044,-0.417178318791468,0.259833524587545,-0.116923302727081,0.315960005563109,-0.0133553421902093,0.80915328
1.20691455052837,-0.515718917879405,-0.558545758916878,0.0231029747355008,0.33511546603571,-0.243824504065329,-0.0519631560926623,0.04590432
1.22293099525617,-1.06422631442784,-0.0841304961663265,-0.250187972069233,0.152984574062088,-0.159972316145087,0.131026313864485,0.04122144
1.23837410739438,-1.37064694998633,0.525927403845609,-0.136133125505625,-0.389093337182481,0.446441852192672,-0.177612789716749,0.1027728
1.25393024903891,-1.32759664336475,0.617911924259635,0.210882331402612,-0.178114660222178,-0.232323653813156,0.160265097884576,0.37072512
1.27286995552439,-0.912492396742434,0.0530255638868293,0.260969040011966,0.44727952801684,-0.30897589950046,-0.0653844049537935,0.41267232
1.29705309281847,-0.211149499381827,-0.622455717804871,-0.107513007974645,0.192990671567789,0.572812350499452,-0.104120445415832,1.03518432
1.32081869987116,0.588227722927398,-0.718849164569332,-0.385734150470233,-0.530367692044666,-0.22513935537998,0.297315340723553,0.7306848
1.33911557233651,1.26034828431828,-0.083938038106487,-0.11284632639177,-0.207123887880191,-0.417307747308121,-0.446756487440848,1.1969424
1.35348971231148,1.61308186503991,0.699601704351291,0.394689855840007,0.619913554953142,0.679219982859912,0.491936667536647,8.03192544
1.3327900335193,1.49766896965895,0.808142350579687,0.366869560600291,0.204761977459219,-0.228716488372548,-0.38125228252156,4.2511392
1.29538873603862,0.98309820757204,0.181503890726615,-0.119842038908589,-0.582754534137053,-0.403595800321461,0.195445210844421,2.080512
1.24813825644894,0.243339016055575,-0.557709277487785,-0.39294427217995,-0.164476396642499,0.602761858850105,0.022638038527697,1.19232
1.19623956296308,-0.497439586786264,-0.734441801015992,-0.130592777205113,0.556002650528549,-0.202022151025635,-0.210839784519486,0.17505504
1.14104864599837,-1.03515691732939,-0.239881129662454,0.261705358716825,0.129562058331168,-0.358744715973973,0.329725019948744,0.0465264
1.08858920382999,-1.2333558817093,0.429158376786827,0.27067338527035,-0.523915051922722,0.525020462584224,-0.357491329159982,0.14144544
1.03718046769862,-1.07559406670108,0.64732465825238,-0.0754809934339795,-0.11040335079481,-0.184903851086557,0.287770246402117,0.56455488
0.984811697322883,-0.650698560216434,0.253972758810977,-0.290083549377603,0.483313415545698,-0.294776437819073,-0.147763685607299,0.6630768
0.927059413745718,-0.11515089569579,-0.334025849860068,-0.102494950861566,0.0938707470050256,0.456768236261902,-0.0131312651098446,0.9062928
0.868944285419135,0.37734113675158,-0.540707256451218,0.222328325373495,-0.420707595552826,-0.164214514626363,0.157650854365666,0.52843968
0.811102374736068,0.70099055784578,-0.21624431219856,0.236102180457016,-0.0747141714626798,-0.262257394870785,-0.248809120792987,0.5260032
0.761549245029825,0.802588845199649,0.276636645862185,-0.0666519528076021,0.364625810614391,0.40050159315499,0.2647164905815,2.2158576
0.722973523826639,0.68642543022444,0.434266003418833,-0.286930817137628,0.0328974332112106,-0.165210758419352,-0.224000862794877,0.71711136
0.694480612659993,0.403859451037267,0.120342703232581,-0.153684380680436,-0.340549052969999,-0.216984308660109,0.126501300975928,0.36112608
0.671200665450188,0.0356070249810618,-0.314222781516152,0.150063333985867,-0.0169820416655262,0.362345276350077,-0.0108298823890827,0.7579872
0.651484977279132,-0.318773541479809,-0.39973235695521,0.256543797529285,0.309477440627158,-0.15403104715123,-0.0939810063619544,0.0597456
0.634677837713807,-0.569056458937425,-0.0490973334824042,0.0550762802249002,-0.00259637716629384,-0.184937826733582,0.158459351176025,0.047304
0.61870647661575,-0.660621262850746,0.350088528680988,-0.206168810759359,-0.285139011875993,0.316451351256995,-0.172691193023976,0.0938736
0.599819311453382,-0.584291166943427,0.361416541854598,-0.218422761585947,0.0219351441399624,-0.131703050904706,0.141737154866659,0.37930464
0.578672135442779,-0.364277350565405,-0.0153368403023922,0.0445413404159344,0.276261751675385,-0.147417595200862,-0.0708828493074309,0.18118944
0.559473686778233,-0.0516647961840418,-0.355360630331899,0.277186101694136,-0.0265954962065,0.255548734525354,-0.0126660648372499,0.26970624
0.54785287123191,0.280512014868151,-0.290166369730139,0.174866972593386,-0.268806931382779,-0.124446841723747,0.0757541521078703,0.19386432
0.539789258861213,0.53708546952706,0.0761366322566791,-0.189947050315684,0.00708551611156164,-0.113865337332786,-0.11096444567696,0.61436448
0.538462415820395,0.653140077189585,0.33775970433691,-0.34668607879383,0.267535176391875,0.239051892044661,0.117547826702767,0.3692736
0.560240519710808,0.614067417351901,0.228523593668919,-0.036198702098759,0.0112438657396102,-0.153388037163957,-0.117707389516455,0.67289184
0.594547822100658,0.394599488967543,-0.182431742380364,0.298845098080499,-0.343883593657934,-0.132206457708897,0.0733514525954816,0.04681152
0.640304718222371,0.0257174701688441,-0.464012653328175,0.201273055672314,-0.0523885113215812,0.328674894847599,0.00501967663056608,0.3058992
0.693794048476495,-0.418780029962123,-0.282100949768494,-0.184129776998453,0.394445212685545,-0.222777207000133,-0.121449996928591,0.04392576
0.744763731133058,-0.837810779002182,0.218345326022443,-0.320853368100153,0.0732979088576401,-0.142609544611673,0.246507200790407,0.0450576
0.794482803930472,-1.09635074127111,0.561186524388201,0.013356815095621,-0.424193660177127,0.445624093953986,-0.331269016669604,0.0419904
0.84353221791231,-1.0826210827421,0.377408812973595,0.362723080547501,-0.0841297707800035,-0.336481217297783,0.343204320115558,0.0543456
0.898547910367213,-0.744618086219609,-0.201073591759181,0.213369262569049,0.459166857052484,-0.152959349149167,-0.266142516874285,0.17276544
0.954682810082659,-0.144849863393834,-0.655659001440231,-0.288306389830204,0.0695921447412517,0.545275915346225,0.0906780952428648,0.6706368
1.00840734505097,0.566167825413247,-0.523747598281423,-0.440434734798921,-0.502032875538241,-0.414916011785646,0.153544806313307,0.20863872
1.05636607922756,1.19006900147626,0.13973975426681,0.0445648397027644,-0.0488627320883147,-0.155267148116521,-0.403871119628431,1.99399104
1.09547042760391,1.53429809443228,0.741782964389311,0.538131442974415,0.546476028799623,0.620636046291557,0.590653781692325,7.86359232
1.09992360905225,1.44992219753669,0.667121741143233,0.304425150173733,0.0352417663332828,-0.469450805306588,-0.622070843285959,2.6005536
1.09532267238357,0.991954761851162,0.0284840873312357,-0.288802945703618,-0.464741717951872,-0.0816171139663255,0.531327765337704,2.4889248
1.08008031789117,0.285438720876911,-0.609607779199357,-0.465240163917271,-0.017365437957307,0.505971961047697,-0.343368599736709,0.5647968
1.06088254111433,-0.47000777524755,-0.693024492359695,-0.0282285226673582,0.403396573172874,-0.428469462135073,0.115545319100528,0.04770144
1.04060307260992,-1.07145746598197,-0.16856831881461,0.41408833403611,0.0066364893939461,-0.0167110799036937,0.106141887411068,0.0403488
1.02487324238899,-1.36304085436223,0.489750904260748,0.289673073559952,-0.343737081165747,0.384267597104175,-0.287247362401049,0.05717952
1.01172504185919,-1.29131592286894,0.688886150512752,-0.217137092806619,-0.015378124538425,-0.38394523960812,0.392925005678412,0.18121536
0.998640471295895,-0.903629653274765,0.257887680469638,-0.426826266900889,0.272597181284606,0.0645094255118966,-0.418777503627065,0.13203648
0.980717387258977,-0.325815936513059,-0.400340428282007,-0.0661633874323993,0.0251750599217806,0.272445377250627,0.379796346876048,0.85387392
0.963169302280924,0.296067675458305,-0.662633331947926,0.399150408061254,-0.177778194357519,-0.332956300365021,-0.284524762939111,0.05092416
0.948540107035565,0.81464024959089,-0.296184862148585,0.343572613639403,-0.0315087895869981,0.108088498138417,0.152938827988008,1.54721664
0.945026460301448,1.12325949899506,0.340644873418668,-0.175308120859667,0.0845204543857479,0.170121513497036,-0.0121189910311382,1.45342944
0.959022873478989,1.16072845844375,0.625455604690501,-0.497138926409471,0.010417385499662,-0.30095219899002,-0.142388296030218,1.30974624
0.985843734073703,0.906255306205999,0.258679987228286,-0.219583565110575,-0.0426208604180684,0.1553538324762,0.264740684062658,1.586304
1.02422284898535,0.408613407156269,-0.399081988675339,0.325931552452189,-0.0171528038819474,0.108158466195884,-0.35062921520527,1.02165408
1.06781866844031,-0.229259305157074,-0.685216911087006,0.462258843690496,-0.025068867375595,-0.277466758800092,0.375058056150031,0.126792
1.11901876776765,-0.850283676563391,-0.278677541817645,0.0247508270063768,0.0203208236960768,0.211046881551552,-0.336345500538164,0.04392576
1.1707583080454,-1.30465141826174,0.423218304884495,-0.464366544845477,0.071032628501006,0.0177102678910027,0.227459192463237,0.0447552
1.22196486025365,-1.46345745767705,0.719354934270351,-0.382787803300774,-0.0190989834835219,-0.219964729422145,-0.0578666450344112,0.05990976
1.27087162964195,-1.2610472167733,0.301823596247308,0.201668741276502,-0.110403129237435,0.24964807487793,-0.140404911984549,0.29647296
1.32144130318272,-0.711393372072727,-0.418653602761782,0.572164262605476,0.028848101073586,-0.0776446553246494,0.33164002594679,0.9803808
1.37579477400396,0.0729239970534466,-0.731644455312593,0.218666615966597,0.145613227099646,-0.17411735684184,-0.479283512375228,0.05789664
1.43221853391367,0.894757303067438,-0.339687563125475,-0.474728335524381,-0.0596132558008986,0.280010960691607,0.532022995030584,3.23954208
1.47735977232952,1.5168248861197,0.360292735173703,-0.619656902193912,-0.192673702853518,-0.138768789050946,-0.45785702821326,1.19632896
1.5280724755118,1.78596022879378,0.740619070341606,0.10284407935918,0.13537709740079,-0.101214392151025,0.274445911373913,5.57082144
1.56217410550841,1.5764443267712,0.39737501683807,0.743389499174965,0.189763370625434,0.198185944340646,-0.0392920648934785,5.66784
1.57460010311704,0.919990237630305,-0.325375073592496,0.432055613083237,-0.162889612149365,-0.047954962125911,-0.144524558818098,2.8739232
1.57519139920953,0.00823047685720039,-0.66640845011413,-0.422818843965658,-0.115686289972825,-0.0841730087103376,0.260486977122435,0.83961792
1.56798068689161,-0.897955461443773,-0.291108979295624,-0.720299059716053,0.20907925675256,0.041430405219676,-0.2878776997663,0.08832672
1.55300431610866,-1.5438608328541,0.37499316424979,-0.0890850253087267,0.0507396679098068,0.0830485919889536,0.247236940159741,0.88372512
1.53259370808877,-1.74374410440339,0.627614260158696,0.66050796713152,-0.238763543936595,-0.0561375918801432,-0.158189338292547,0.6943968
1.51202111193785,-1.433897444303,0.221880516367688,0.572680776641089,0.0279770677965885,-0.122024253440389,0.0625416232162802,0.48797856
1.4956729149171,-0.701724951152293,-0.405596426526976,-0.255949064921841,0.262626356123436,0.201038658552617,-0.0019899879620988,0.8293536
1.4759356793255,0.22275350314064,-0.621375415995676,-0.79753213680182,-0.132493676317572,-0.0295763546353662,-0.0151808280568258,0.3468096
1.45396117398533,1.07050225211518,-0.191526623019806,-0.315117659230515,-0.267733404431207,-0.227650351871026,0.0119020186650933,0.46679328
1.44613556643473,1.61487492431239,0.466146560613666,0.630735303168206,0.247964570638842,0.269071231659678,-0.0220327063373337,5.67344736
1.42284989051503,1.64800061807094,0.592942850088747,0.722430046701892,0.195289611468483,-0.0594947988751632,0.035919302769647,5.1839136
1.38867942312291,1.17195482446811,0.0864103609701474,-0.133222835040972,-0.295661331567138,-0.144751592006482,-0.00233464497788451,1.6082496
1.35946536206078,0.366573218717832,-0.449691916110306,-0.748256030743823,-0.0790624245548804,0.200266446658113,-0.0751901643717646,0.7099056
1.33038581034763,-0.525862655558987,-0.470413708882432,-0.376160396056204,0.309642583499932,-0.143146156967577,0.158337757272803,0.12435552
1.3022962664472,-1.23759276396024,-0.00426530787491655,0.429651479086221,-0.0372995031493977,0.0329012844238294,-0.208074993301617,0.29496096
1.27618375761149,-1.55967509633567,0.418494650574466,0.629335442525591,-0.323825352201634,0.106202541379358,0.192422018307006,0.33365088
1.25497409294112,-1.40290002484156,0.352739453100706,0.0318765778066906,0.147350928910044,-0.233342682834146,-0.106364186835073,0.20763648
1.23291285352764,-0.836888543164527,-0.111776397025412,-0.567699441601851,0.317698078048788,0.208784339058602,-0.0469395165314629,0.33498144
1.2062374982957,-0.0472261993828775,-0.441163047842581,-0.423748897556095,-0.255424069344836,0.03662741954861,0.240383041826164,0.6242832
1.17695272123029,0.732436761326161,-0.240856911410841,0.255710022020269,-0.290266966983829,-0.317851797362411,-0.410007815506762,0.45099936
1.1503815705041,1.2815151883715,0.276316200428888,0.593400839942808,0.367958546746103,0.346138201171141,0.492495719914124,5.48584704
1.11245851582663,1.42648499967333,0.485967713436112,0.146685717080171,0.24499037357393,-0.0315374244693286,-0.44377869252986,2.3365584
1.08024314430838,1.16375521696897,0.15459190583917,-0.434963090199522,-0.426797690496077,-0.332821282842484,0.280414760886085,1.40461344
1.05410837453158,0.58388212632214,-0.382937863997754,-0.427568505429831,-0.221020687412686,0.371571586753009,-0.0547616881606607,0.19764
1.03738582411735,-0.1391472426369,-0.549100349301547,0.079726892774222,0.46475631866079,-0.0540183865372859,-0.191889648080689,0.849744
1.02206584837949,-0.815165918798883,-0.151616453067359,0.399368285201488,0.169093673055347,-0.335053174075726,0.392149656749605,0.08090496
1.01363777957957,-1.25425851343743,0.437033079562355,0.213735150296096,-0.497647979859516,0.419874311326641,-0.497432030922055,0.05731776
1.00512779108241,-1.35297467446438,0.594250216560324,-0.180625898660755,-0.13966397589251,-0.117437950971308,0.469488760802823,0.08954496
0.996536567521449,-1.09236348201809,0.129609392620733,-0.306759845502516,0.533480757021456,-0.30112462428136,-0.308325559822616,0.08354016
0.984110717612587,-0.5510615459853,-0.499476446595952,-0.0803414390104949,0.114574929319822,0.456774364605395,0.0571885756121399,0.05422464
0.975581986304865,0.13651824725201,-0.619993488552186,0.20789899303387,-0.551920569797307,-0.182734477243657,0.223599485468284,0.314928
0.968619949281721,0.782887063615036,-0.0919236710766889,0.229638290948581,-0.104974805645687,-0.296398154278325,-0.470379850281869,0.70422048
0.962043008090998,1.21031034588705,0.54270908216176,-0.0117899715032461,0.558417710037824,0.514645246247325,0.61053992042604,5.477328
0.942193420164754,1.28878390159171,0.611056938011231,-0.228917223585588,0.090918247905708,-0.229735301077132,-0.588547035873675,1.30015584
0.926341163268444,1.03424827431815,0.0840038413293597,-0.120784624214955,-0.508354697224277,-0.261808507934085,0.420958916240776,2.0219328
0.907228991139071,0.517551273213869,-0.519201338275327,0.122642158128931,-0.102237131725153,0.464758766450476,-0.163250111122979,0.9754128
0.88885719403291,-0.110836335755902,-0.597585500785807,0.177914656979749,0.467935370148604,-0.194077434192,-0.109829679026012,0.79145856
0.868897559192979,-0.684758819185607,-0.0856566491961492,0.000878056147525433,0.110650253888509,-0.252270352782574,0.327639119358254,0.07636896
0.84945239128631,-1.05409786115248,0.503938650960723,-0.145232163618484,-0.424294084994266,0.419816578479379,-0.438901802418257,0.0691632
0.826843297509624,-1.13553169179421,0.583158061774742,-0.0862339833007214,-0.121540006996716,-0.158376168661729,0.425880687517616,0.09527328
0.805390688069328,-0.912995833218951,0.0929968579849466,0.0762783395958406,0.393095132241927,-0.234722410954278,-0.298549535880314,0.14321664
0.783308922620926,-0.458721067308477,-0.475871687645284,0.112721745804067,0.128473836244769,0.355776863075451,0.0979405981211559,0.17311104
0.764643885707917,0.103150892384616,-0.561548309531975,-0.000229435781728483,-0.358354546323185,-0.109216497606929,0.115280579594074,0.24428736
0.744604626850956,0.612235016109213,-0.10427345368033,-0.100290847917935,-0.146559995167978,-0.229307916888425,-0.283614548338265,0.06646752
0.729465078850437,0.943604952370468,0.446043094240669,-0.0447549624314158,0.336078148699857,0.316584076215101,0.365924145284724,3.0649104
0.718377831208506,1.01373153214465,0.545146533472602,0.0597133457902083,0.152344809657365,-0.0924148963762931,-0.352139220686936,1.4388192
0.716332285833462,0.815740726144221,0.104493504066816,0.0535365194213676,-0.319765771660368,-0.207829978522837,0.244288019019554,1.2002688
0.720532605151936,0.39911742415721,-0.451912163810391,-0.0573322823242376,-0.18448321163816,0.26245735567571,-0.0900244210409121,0.370008
0.727954851004606,-0.132204102599535,-0.583795747740651,-0.0946569505621306,0.287668675672508,-0.0508123995209202,-0.0713077840813525,0.057024
0.737640626580258,-0.639567788055958,-0.148939958271072,0.0251137834422259,0.214474554334519,-0.181850382443945,0.196473479365734,0.0589248
0.748727740797422,-0.987980742541894,0.443109835146811,0.132079026563074,-0.258719853363893,0.194220068546102,-0.258709137423757,0.05580576
0.761124221928399,-1.08046635332463,0.619183629446431,0.0464291427075677,-0.243793699066273,-0.00304007802343909,0.248577563408308,0.0931824
0.775989531842514,-0.885436809279335,0.195773629458655,-0.133628464642343,0.227460203055454,-0.165858986250816,-0.179792589357751,0.086184
0.788982570435046,-0.455290157359678,-0.438852113699422,-0.148787473173284,0.264684619098957,0.127169198057682,0.0758963173450563,0.04823712
0.802529853744701,0.104795622046937,-0.659883714143748,0.0693791245816317,-0.18586122339961,0.0636109424325703,0.0369442964817412,0.47130336
0.814360360751052,0.647989682903066,-0.235636312857836,0.228057141315149,-0.286923436492603,-0.173571671056808,-0.129700649853282,0.6242832
0.828140020263512,1.03739141428607,0.44408848139365,0.0784889163731626,0.15285274970875,0.0736996675307497,0.18354235310124,3.00567456
0.840454206233699,1.16342567184086,0.706722567778823,-0.220040558376807,0.301600685489367,0.11498419372831,-0.192008721727814,2.52066816
0.856247108376264,0.995756876573052,0.28578533651623,-0.234812902320047,-0.10558152124571,-0.15673234287884,0.166178351831934,1.1221632
0.884332971579257,0.580736284460164,-0.424354882686873,0.0996781081172093,-0.320650542252173,-0.013782276061961,-0.132033144323151,0.51596352
0.915980785751095,-0.00415248861114161,-0.778321823871774,0.290044996626068,0.0113294189013207,0.151280414904276,0.0782806177053738,0.60626016
0.949924351360604,-0.625453141171168,-0.419618371310051,0.0510829842921276,0.336665670248894,-0.0702349824998468,-0.00658435207768361,0.04777056
0.985407903639681,-1.12983053485234,0.356920242495208,-0.273945271693803,0.0805258357900559,-0.133861194030949,-0.0807729295742554,0.05239296
1.01828536384601,-1.38621485647028,0.835699558710142,-0.207820414217862,-0.357326429241421,0.186823966605327,0.172636267854878,0.20750688
1.05064114074034,-1.30536895688539,0.555959550696838,0.183644645009788,-0.158799342207762,0.029351554542167,-0.243828048031378,0.104112
1.08474944777784,-0.877984021042853,-0.25507598975919,0.338753434290966,0.381517165746358,-0.278777302365955,0.273548909054376,0.3583008
1.1228757393942,-0.188769051041057,-0.867007158140827,-0.00595216017800042,0.230510007096308,0.22346647024489,-0.25421814855956,0.2886624
1.16165764291173,0.589499857943225,-0.71126309123801,-0.399221895800283,-0.423456681532017,0.127354468192477,0.173454075590402,0.66019104
1.19689937300408,1.24709996537144,0.102418204820244,-0.253780141637068,-0.307963278687113,-0.403908204838792,-0.0379074675271774,1.73791872
1.22810612824036,1.60154202054191,0.86331965694267,0.297493685843488,0.472427253814782,0.265523429204714,-0.12511373286715,5.35781952
1.2423950261512,1.52839685099829,0.853792027994679,0.478192796840543,0.378206432826113,0.202372744935504,0.28372331003855,6.534432
1.23178032732361,1.03538349852201,0.073283712950272,0.0117383054904695,-0.471808172072167,-0.467384011634841,-0.353408364141381,0.91911456
1.2176217024092,0.297549944916822,-0.712498508658641,-0.422334814195867,-0.361939942759738,0.283581636516729,0.33932292895468,1.1362032
1.19712688657595,-0.481288224737825,-0.820939650720484,-0.273681192249982,0.457437575997898,0.163620143773589,-0.256278354100973,0.06767712
1.17286544554453,-1.08921489741764,-0.203321257078002,0.215123124966319,0.356788884356199,-0.434796511522691,0.140932278566855,0.22279968
1.1491865510844,-1.36681669245491,0.560861263504719,0.391024607725045,-0.431552500825497,0.291511954398332,-0.0206567750927241,0.24996384
1.1292324574035,-1.25687453212882,0.79338715387873,0.0471552584608217,-0.358557220025175,0.103128082894128,-0.087350099163733,0.48398688
1.1093596083021,-0.823077573926363,0.304717439265743,-0.348443174775553,0.38926244633986,-0.388772787476677,0.161567018264187,0.34103808
1.08877714600892,-0.209156685207372,-0.439155716294499,-0.27148538173614,0.361610751636618,0.319580724413263,-0.192465666471245,0.84592512
1.06771572821156,0.407624942910496,-0.756927009549141,0.169277536185423,-0.33808869759092,0.0379828359968167,0.18942952686959,0.15740352
1.05595594991615,0.876666013338922,-0.366363855925199,0.391490255593138,-0.352301937055077,-0.351819318423151,-0.164598010756917,0.71198784
1.05357742109699,1.08053502579928,0.329055144024648,0.068591893480663,0.258814693841841,0.311839495111287,0.109124718423434,2.662848
1.06132584892743,0.976451818239412,0.666526853029875,-0.38388004589263,0.321916893214249,0.011097679927317,-0.0435367218905706,1.9584288
1.08251287718864,0.607124022708504,0.357988579801678,-0.339665232197049,-0.198509193716674,-0.315630807077043,-0.0363489077990124,0.58631904
1.11410330558672,0.071891702999837,-0.285153179880923,0.154902616953957,-0.327501068029034,0.287182372501028,0.0971567536072753,0.8375616
1.15251412776487,-0.490938817347065,-0.654223437596033,0.437797934629057,0.114487909490286,0.0110600066976127,-0.137970259733653,0.14253408
1.19579477782261,-0.934305020386222,-0.40974197899864,0.128109785538265,0.321446456650956,-0.27798052801817,0.147184976936387,0.0577152
1.24168692109564,-1.14268110231608,0.206350506276776,-0.361339192974688,-0.0411442900449415,0.250974374316447,-0.132195485885781,0.18803232
1.28433985118905,-1.06452410662027,0.610181784336366,-0.372800922974519,-0.322251902684221,0.0166818581364214,0.0993523782010319,0.4092768
1.32436146640656,-0.709141711749027,0.44942798220139,0.134016918851482,-0.0171893731871098,-0.227910940893942,-0.0470945527743688,1.00477152
1.3618696722975,-0.1561003445451,-0.101854101735843,0.486189560977921,0.331220370850819,0.190887788469831,-0.0132084815261508,2.19437856
1.39721941261194,0.461118595255015,-0.532335827792845,0.187415371707422,0.0792273827680113,0.0222735963708273,0.0728900286131118,2.0572704
1.42606059774759,0.981809649762614,-0.470719431280535,-0.387230307876527,-0.337740799224824,-0.172162567652307,-0.115684565721852,0.89275392
1.45556598500119,1.28198148856835,0.0237044011704658,-0.435169847923326,-0.116063457727577,0.145346075043193,0.14525081017924,2.22122304
1.4885870722957,1.27835554061383,0.48629795570686,0.121204203857507,0.335881188574804,-0.0160170324152904,-0.169411049543271,3.790368
1.51648379104374,0.93885800335727,0.466231919825274,0.494234277592709,0.125322701103745,-0.105520637034486,0.174391945231448,4.4372448
1.52975303499662,0.32153016508826,-0.00198945585754857,0.17872093300629,-0.322380504356618,0.154531256634085,-0.132828843102793,1.9544544
1.53728155533335,-0.402056515025833,-0.408182093063771,-0.323803751809773,-0.0823822341246937,-0.0567785016064782,0.0675103303719054,0.59845824
1.53929911053542,-1.0333687556067,-0.361494400401828,-0.329750644762921,0.316211612890879,-0.108889590461656,0.0115127314230611,0.21391776
1.53813070468007,-1.39023238473247,0.0419256315700376,0.103327154626265,0.0495694462905901,0.195764173614711,-0.0817904938953666,0.4576608
1.53643309791862,-1.36144501190729,0.358631361534955,0.339207947433275,-0.302639492529946,-0.0974656955629502,0.132439191977087,0.39144384
1.53855812910495,-0.942048180513705,0.273158726809598,0.0837467923173572,-0.0186898878727703,-0.12042597839633,-0.160173723164132,0.62679744
1.54046390018852,-0.253073477907518,-0.106361613800927,-0.269427713827177,0.268504090242249,0.232708202862559,0.152370509573753,1.7469216
1.53995380140922,0.508400706656156,-0.358996650795219,-0.216376932474442,-0.0141830669157382,-0.108064369670754,-0.107312330074812,1.2979008
1.53611438498806,1.12644836280895,-0.206915489462917,0.1450861542825,-0.230430699308678,-0.139404336855416,0.0360263371625093,2.8725408
1.52194225184106,1.41905528539987,0.176307705263754,0.276329205983388,0.0471460322595757,0.262386660192096,0.0508425398665276,4.30556256
1.49657735446832,1.31200820355404,0.387210863179232,0.0225519595974956,0.223675106012574,-0.090631970367613,-0.109802425264369,3.3984576
1.46843502695715,0.862261309501384,0.219982516229487,-0.202547944670545,-0.0434782962765036,-0.182516113216108,0.137605908846118,2.1255264
1.44107483634245,0.210895529352727,-0.16562665056631,-0.105495219180465,-0.217329151419887,0.254645182539742,-0.134361886492524,1.395792
1.41299053138449,-0.463361842268305,-0.403953436068548,0.0961079191347318,0.0288159497425806,-0.0517123905363242,0.101152762217259,0.65630304
1.38475439716938,-0.982598472931224,-0.257570918289586,0.0956073094636634,0.212091671521112,-0.204843770380198,-0.0460039099064892,0.22301568
1.35713788478541,-1.21883553631305,0.144187635876261,-0.0447217744654604,-0.0147582164801777,0.237541558419687,-0.018781038979495,0.3999456
1.32865095009532,-1.12912652189968,0.413672635133598,-0.06501692329364,-0.212508807504523,-0.0164279630391014,0.0753837958002173,0.650592
1.29745637020762,-0.757482721581608,0.285381545416564,0.0544894872646633,0.00300297827057149,-0.215738991017755,-0.105775552200923,0.37349856
1.26718817023404,-0.209794299251573,-0.113575845068685,0.085863313844124,0.223379409036791,0.21930774493534,0.105722243893593,1.8085248
1.2351008327905,0.360094366077235,-0.407482890249604,-0.0679260500414732,0.00249699735796244,0.000761968941949704,-0.079696416893359,0.77074848
1.20653672358933,0.81227624377326,-0.305563711568226,-0.149592359317601,-0.2233589249602,-0.203859117595845,0.0422343491759982,0.90388224
1.18366707591013,1.03708205274376,0.0878611361239124,0.0151619790122006,-0.0210086481279077,0.16924064464401,-0.0196076117248318,2.49113664
1.15890477478385,0.970968159224593,0.36655482902802,0.182870400018361,0.196116232448265,0.0275855601944628,0.0106060613256115,3.3969024
1.12700453362465,0.635911410788977,0.270007718089611,0.0812383145749501,0.0464496823110846,-0.148997176024411,-0.00184149901427279,2.1009888
1.09130172979852,0.144275013668072,-0.0562649510372339,-0.143288980071177,-0.141614563220545,0.105957321154541,-0.000112750491028243,1.2140928
1.05318822950894,-0.352590880083634,-0.270181250405482,-0.153995363930832,-0.062346816927822,0.0230818056352049,0.00371963623759359,0.13338432
1.01512765388085,-0.708663321585607,-0.191036640683511,0.074000942536001,0.0917170957708433,-0.0883606632234838,-0.0125398998874902,0.341064
0.975967049265879,-0.832549212760489,0.0430457632656129,0.197953627129501,0.0747181560657671,0.0421156116963923,0.0277698488043035,0.3837456
0.937801412149528,-0.702055451893285,0.177682554709208,0.0256888152043564,-0.0375854167769758,0.0322036711411868,-0.0457494441723367,0.48341664
0.899286787385239,-0.376155324827001,0.105468991656672,-0.201676648364835,-0.0918759419169977,-0.0404936079126865,0.0583468638533053,0.33150816
0.860561533929714,0.0342428855453199,-0.0440811115662536,-0.138399771943687,-0.013686554984698,-0.00980100343539522,-0.0560607211902997,0.51981696
0.824312143836872,0.403485382126281,-0.0866829871092843,0.148185278759873,0.112301106137236,0.0371791964140834,0.0339183891775675,1.538136
0.786574627695816,0.616541082776607,-0.0141290155653352,0.230235166543437,0.0550837070904821,-0.00374131128413086,0.00255811011679472,1.68997536
0.750936411856569,0.625104542978668,0.0549598736058982,-0.0226080832233312,-0.11748738663242,-0.0319323493686865,-0.0352692497417727,0.45911232
0.72740428183457,0.453821616781622,0.028575908365633,-0.250859753378373,-0.093059473063716,0.010160868163726,0.0442438484523001,0.5986656
0.712094843802049,0.154029957029585,-0.087240021813097,-0.158969921909532,0.0807171870941339,0.0057671036718011,-0.0497895115523992,0.3925584
0.7015329897386,-0.191172080468106,-0.15185320345974,0.126200182496477,0.111622631186816,0.00284813940099476,0.0498633568391938,0.40611456
0.696712365207603,-0.48136416989147,-0.0409193517099745,0.244703610537708,-0.0474034606399698,-0.0190767798304928,-0.0514857461376071,0.05837184
0.695860791401946,-0.637617442575607,0.162514871244033,0.0453242337856932,-0.143359602173943,-0.00613146969266294,0.0463227251211969,0.12202272
0.696943290345252,-0.620278204223002,0.229470804215142,-0.217082847767379,0.00573281349037552,0.048584401327118,-0.0358631793841413,0.140184
0.696672796715847,-0.438368552560037,0.0408292755439991,-0.202438189167969,0.172301302846263,-0.0467987106916213,0.0192843394183561,0.41821056
0.694838296025206,-0.137960623750788,-0.233245410505331,0.0868640653526573,0.0467473813263203,-0.0107157881144376,0.0108179550848494,0.24516864
0.695928325890089,0.211600406037932,-0.283661102244704,0.288221272963803,-0.188363576069922,0.0823418004313969,-0.0487769397549185,0.53271648
0.702476673920805,0.521487428620347,-0.0205074821029721,0.113205469607414,-0.10546470392027,-0.0945692997639333,0.0794217916525257,0.9476352
0.713185060039635,0.701917286206589,0.293695014726454,-0.248080674067535,0.189935409808104,-0.00410619389944661,-0.100853889683676,1.33154496
0.730823387523738,0.699727326327393,0.319580483893846,-0.307801912118221,0.163584577997434,0.134461264710945,0.105590755344454,0.88435584
0.764198666007339,0.513372006906802,-0.000724242857421257,0.0549432497077737,-0.200372173539064,-0.165310082172688,-0.105276762813102,0.50236416
0.806945729087308,0.161529039425473,-0.395955834750236,0.335394048750715,-0.27241118951853,-0.0194322942302865,0.0687371511593731,0.32934816
0.855966805763122,-0.28701637345752,-0.459047167012472,0.136922709152397,0.191169874206737,0.24613274400655,-0.000384928794126129,0.46977408
0.909335209009375,-0.724845760623014,-0.061084188884693,-0.264046331561713,0.369667270091943,-0.253680785387469,-0.0989745327345747,0.0533088
0.959916824548794,-1.03747698237176,0.454351426017667,-0.304852510864814,-0.192953654943559,-0.0367647470873191,0.207203716070689,0.07922016
1.01009921783712,-1.11096218985449,0.591241635489299,0.104301101784654,-0.449106883424071,0.377181961383759,-0.284407220602654,0.19287936
1.06114206153235,-0.884738204239784,0.162927563980994,0.397632758819935,0.19884668200345,-0.379125687141666,0.299601491828907,0.61829568
1.11621468923114,-0.378412190158747,-0.478389405608415,0.130060118108851,0.524836269838738,-0.0506906392580017,-0.240861413658493,0.70384032
1.16955400543175,0.287285032117625,-0.739510441318969,-0.373802020099408,-0.224448645451371,0.504925076028002,0.102234581703672,0.9908784
1.21842986533473,0.936686851721305,-0.311799195733579,-0.386301594982438,-0.598011091285332,-0.476460176782697,0.0996423628876738,0.615816
1.26334389274198,1.38746625419282,0.480672517293885,0.183631595409428,0.260294227730695,-0.0699213576865909,-0.316328567689544,3.8094624
1.293255765552,1.48064138594686,0.883439869267676,0.544150069560959,0.658671045911209,0.604218973222604,0.487851106596036,8.0856576
1.28822794722034,1.14904057928106,0.461261059629515,0.157073708730192,-0.262886295846539,-0.507394020052431,-0.513805174993954,1.8225216
1.27628219544843,0.527899992068436,-0.340892328534938,-0.369742988136568,-0.592984951845875,-0.063977793307846,0.422954612063956,1.3608
1.25621092919963,-0.206132097617329,-0.798008431238402,-0.354017417395702,0.258788078443954,0.521471906212543,-0.247957663919146,0.59701536
1.23243408287363,-0.84630909848164,-0.523668180884619,0.107032238297591,0.538949709655626,-0.428314628849509,0.0467785669225633,0.07699104
1.20907035747862,-1.22029711714777,0.204321711631651,0.36409364417699,-0.247029002274498,-0.06298745135026,0.132689568947526,0.24228288
1.18837131096312,-1.242585366613,0.712976421139071,0.114223991927811,-0.49409827843985,0.422446472745394,-0.261109776564425,0.4183488
1.1673870194742,-0.938040692683649,0.549573790649324,-0.254385261409933,0.221124494543066,-0.332305725841056,0.315590035346581,0.9307872
1.14335757942696,-0.417884915920338,-0.106590486554518,-0.241798233626174,0.447726050582092,-0.0506500134278683,-0.294422436688334,0.62474976
1.11634332906083,0.16489294012419,-0.626933603195602,0.0984844781207149,-0.18227022040089,0.328909058162223,0.224843671860914,0.98244576
1.09237200687278,0.66367521709766,-0.532797152046986,0.282838269765335,-0.386940659371833,-0.249830548631164,-0.132050419832083,0.48603456
1.07266231802887,0.957885536399748,0.0433782846138331,0.0594459901707401,0.133979010423489,-0.0626091980068439,0.0346224010846935,1.9171296
1.0609830351462,0.989767103562447,0.53260590298525,-0.242760570362712,0.319109248640848,0.257385804602968,0.0428132567069239,2.22836832
1.06077186744986,0.76773839537559,0.480558376380972,-0.206533189540099,-0.106235307773433,-0.178778619446853,-0.107984795955083,1.6343424
1.06542102753214,0.346109258549925,-0.046919531927719,0.0823180570663725,-0.286469186539831,-0.075091819461952,0.143604136523848,0.73315584
1.07686873292251,-0.161423146512394,-0.511114297941114,0.231980085331624,0.0740421670972981,0.223484550832526,-0.154019932626163,0.82859328
1.09010150045653,-0.631378204134127,-0.467820679051303,0.0587106209380516,0.235164899740627,-0.138629850864502,0.134017862020308,0.10120896
1.10443001425799,-0.944525181650087,0.0259430451848821,-0.171082312828763,-0.0429763592394719,-0.068568667182148,-0.0900512509049638,0.07090848
1.11637050274051,-1.02299595332722,0.477362189911375,-0.146736204850439,-0.184736230084615,0.181094683226006,0.0337345636639666,0.34118496
1.12818463560759,-0.837848089492395,0.46256715667763,0.0799830661298801,0.0235107380419896,-0.0926016860944722,0.0285748059918575,0.9114336
1.14018354380369,-0.429229585258176,0.0130750774917974,0.179138360491985,0.136059252290382,-0.0795980028044071,-0.0860346198347572,0.54598752
1.15540518327839,0.105505361923465,-0.430337871024662,0.0195941976371689,-0.00500179444779056,0.140609018405796,0.125168991548697,1.3466304
1.16945946455413,0.621244874821578,-0.464234317871314,-0.171623260807367,-0.10056783879157,-0.0483992124999181,-0.143183155397086,0.5419872
1.18601974763747,0.984697312851613,-0.0662841395099219,-0.11013539618839,-0.00770570628591797,-0.0715485386082848,0.139119361715269,2.42808192
1.19850862361988,1.08520968949549,0.368628002942794,0.103179761858638,0.0502992400710304,0.0756809271993922,-0.120054616027211,2.76253632
1.20755772656883,0.891735954334336,0.447041326976034,0.169247455375425,0.0307915360735469,0.0286553027526463,0.0978172278162177,3.5857728
1.20500517937501,0.443903070458668,0.114660898859735,-0.0050980226571653,0.000380088051855628,-0.0874230418707366,-0.070205352166165,2.1622464
1.19057025045487,-0.129524937736215,-0.27949273572612,-0.142087384213332,-0.0192303801743791,0.0442885030718607,0.0623081428041696,1.00717344
1.17115364222011,-0.647436991809815,-0.346213830015027,-0.0229421847566039,-0.0140452654040942,0.079889306119308,-0.0542878743292686,0.16828128
1.15051292947439,-0.950713918112573,-0.0661483046306741,0.143602191282747,0.0147862867035023,-0.136572932738882,0.0348435965900604,0.17358624
1.13067290510194,-0.952057464679509,0.229037459100767,0.058879169412072,0.0240315037628851,0.0299320498067353,0.00361579101115689,0.534816
1.10964779085513,-0.664657062625223,0.23147957491471,-0.169224649452817,-0.0195640865292582,0.138558217402428,-0.0671882359536717,0.78159168
1.08520790636106,-0.188638538703822,-0.0149740451435987,-0.154329311369932,-0.0341379330263949,-0.173928221976937,0.151538031417313,0.8172576
1.0573777998873,0.327403374529276,-0.193476366787623,0.151628124398752,0.0348775019097597,0.0201159809520546,-0.230675996186732,1.30319712
1.02592266706287,0.728039186758516,-0.101526815993395,0.297476220471093,0.0497039369585824,0.181322118698841,0.279873963699698,3.13041888
0.983907333293053,0.892181674618288,0.122441167073518,-0.00724530508180702,-0.0418573668199938,-0.200874409091668,-0.261434616264759,1.18361952
0.947708714547618,0.810720896129223,0.22778434687401,-0.328627274958873,-0.0137409452222442,0.0367368157485183,0.185339061007291,0.86173632
0.929113424389305,0.533754625412761,0.0663785953287889,-0.188718783047167,0.0337205299226453,0.130859356950286,-0.0867133916819842,0.8387712
0.922710558838427,0.123520707917009,-0.259009297918212,0.186114332066608,-0.0865912970772334,-0.215264306068366,-0.0501057973426067,0.32999616
0.923463363505569,-0.331494948924144,-0.407485561660396,0.257280137915535,-0.0533591364354088,0.133890475154486,0.197578733785386,0.0545616
0.934983143703419,-0.72130028963467,-0.138196327913277,-0.0377444736903313,0.1772326691946,0.0616724062995868,-0.340438622293889,0.13023936
0.945127058825782,-0.971470588660602,0.330958659548652,-0.275604323894691,0.0384342720043156,-0.256416494559994,0.433115477225673,0.1829088
0.95543997636072,-1.01235165706683,0.543888058306876,-0.0998516416468205,-0.251984002729444,0.286170146772097,-0.432759184444523,0.10558944
0.964969240199473,-0.816710961822797,0.233695768659765,0.236828697601592,-0.0170132462559469,-0.0534678692137188,0.324858796640339,0.51662016
0.979944715414158,-0.402076256658411,-0.35394121717703,0.238421026034652,0.333913960888457,-0.29640842597501,-0.120921819468624,0.28638144
0.998157472321675,0.142422061118342,-0.671404852486236,-0.135256422611978,-0.021413530938711,0.423566098943654,-0.151780752991566,0.25557984
1.02085327911608,0.687526247840968,-0.366827517639391,-0.353219982067507,-0.426194122810705,-0.152557832400143,0.427798102099887,1.01088864
1.0435193021956,1.08430520116828,0.324828941728786,-0.0709878738793428,0.0474242193091068,-0.329176939390318,-0.640426366109358,0.94410144
1.06881203484156,1.2184966649538,0.762368639360329,0.346532808239217,0.511586759241167,0.554485343109401,0.716830853782952,7.10282304
1.06598234460748,0.998256039037113,0.453101999067414,0.263317207610426,-0.101213159970586,-0.25345535955342,-0.610162138150371,1.7179776
1.05880950149088,0.518741966284366,-0.256817561640737,-0.124335947304896,-0.483357406910365,-0.24597965035701,0.387671793772173,1.2288672
1.04650347981191,-0.0822813722235665,-0.686836363207506,-0.288802862226924,0.153148053862304,0.484259921735258,-0.115933247772634,0.5863536
1.03152586312368,-0.635746278224476,-0.453993220234434,-0.0739554889583329,0.458703865125633,-0.275322841704668,-0.133728728937797,0.04783968
1.01492899956754,-0.991928060121588,0.188462727130341,0.183501472269448,-0.197560295352352,-0.145838721486398,0.315000948976517,0.1417392
1.00122706776485,-1.05784103799101,0.6222013694852,0.167752320973043,-0.433177192621605,0.393288239397505,-0.406483314870545,0.44646336
0.985520827539167,-0.838481626627802,0.440519110897935,-0.0501435303045565,0.226995154435365,-0.293570431903079,0.404341914134388,0.8499168
0.969385624770035,-0.407844409954654,-0.146782272281126,-0.151084494951634,0.41417676999086,-0.0210972854012318,-0.325229167094422,0.58823712
0.94933208178004,0.102363559033124,-0.560054271410157,-0.0410772902469382,-0.2557780729382,0.28441095897081,0.205532410349685,0.54667008
0.931706041393666,0.561689590212606,-0.401295842881964,0.0980183700992303,-0.37740660344472,-0.29640590598585,-0.074388706878976,0.23151744
0.917459651669514,0.85211549859033,0.13614720308755,0.0715488964025289,0.276278305760075,0.0693664173927511,-0.0479904811084146,2.15904096
0.90737372220987,0.903342464785789,0.496228203800431,-0.0541503989612917,0.331986829083498,0.191510440087714,0.139682225620684,2.3378112
0.906016859824225,0.713739608944354,0.336338190234498,-0.0796553157392919,-0.304339321659809,-0.292985239806973,-0.201918250150109,1.0853568
0.906326161648696,0.325546623216703,-0.17273058362682,-0.00770795282417668,-0.31946151881491,0.138628528924402,0.218564821669294,1.1556864
0.904875600417195,-0.160105471456788,-0.496921436829484,0.0423656570145498,0.332363639575889,0.146103162214581,-0.187831265445438,0.585792
0.904091534738687,-0.603681499782129,-0.286148023226784,0.0365296167051941,0.319734522165994,-0.302478122244219,0.125682742863746,0.07483104
0.904532666117606,-0.878962400750452,0.237124060193558,0.0121687501325391,-0.362499967741707,0.181260790685442,-0.0534725003497649,0.08875008
0.904961659329976,-0.910025949628115,0.508469034685215,-0.0149599597172365,-0.326080131542805,0.10776454314214,-0.0136152945712788,0.30292704
0.903670527265293,-0.689443734186477,0.228231795543107,-0.0443765311356893,0.391974762236347,-0.300585268105592,0.0650456081387499,0.72682272
0.899551943685194,-0.277698528082026,-0.308897088119837,-0.0391923572097546,0.336374964020689,0.222237259494582,-0.0927973240276265,0.9757584
0.891047904086441,0.21368064668607,-0.519515515508184,0.0311023612468412,-0.412972679271556,0.0700465044679897,0.105618972951912,0.28534464
0.883944375559357,0.661802910210669,-0.148312216554488,0.108262577390964,-0.330902759987187,-0.299189397153773,-0.104468670463173,0.88260192
0.873467439638931,0.937147258488234,0.404260183890598,0.0437323263619528,0.419576039182504,0.234266962647134,0.0866119249687488,3.5152704
0.856306475256303,0.959721840163786,0.533469212601315,-0.11648816132942,0.336319636958529,0.0783870781393602,-0.0413697367486127,2.18219616
0.843965121647958,0.740760682722069,0.104642865727334,-0.11776021527009,-0.395322255420835,-0.304749854773512,-0.015917542747807,0.84400704
0.833854737426627,0.331595336457745,-0.460757323385032,0.0527796264540142,-0.365921187282385,0.185226867401604,0.0547699211725444,0.49808736
0.825563089902538,-0.167360749158994,-0.577533267770834,0.154894013248074,0.364942801963382,0.145363049819764,-0.0606231980669178,0.5311872
0.820471165197225,-0.630397286040565,-0.0980134374815794,0.0353921349761752,0.39259583077776,-0.320213982612679,0.0259793009114965,0.28282176
0.814196094743755,-0.947994115588034,0.500701246857423,-0.155072441436523,-0.346787746596587,0.12751670261902,0.0341411061385658,0.11952576
0.806611223059906,-1.03710459016964,0.609859677526048,-0.131725689349739,-0.412273346573454,0.235960908122935,-0.0917594467124774,0.05234976
0.797750687778881,-0.866452830663615,0.104790705730185,0.102094813991438,0.336392330914967,-0.351635750649955,0.12596358510066,0.05241888
0.792836148304323,-0.461743651474722,-0.51226949222911,0.224569331253877,0.440691053552044,0.0670669668466986,-0.117739122567432,0.16538688
0.792719712310901,0.0807967682454547,-0.630570274663304,0.0178466521846393,-0.337650753163827,0.311168827832308,0.0518695031190431,0.131976
0.795877245595751,0.618089875036283,-0.135904702937771,-0.269520777494234,-0.484195551841044,-0.373121348207136,0.0532778435246022,0.114696
0.802920201003381,1.00654068372917,0.491534341726064,-0.203743744787594,0.338546295603633,0.0282643853671115,-0.167700537703174,1.38584736
0.823098649471009,1.14467655124796,0.642943375089994,0.18469085402152,0.52092134487483,0.36087818754184,0.238895653579042,4.5236448
0.836176744629596,0.949335730089306,0.117193529779034,0.31107245059578,-0.393854681405085,-0.41744359274625,-0.254854066745519,0.98480448
0.850698094970196,0.473771269693011,-0.533114289985226,0.00636417132349033,-0.516076348112066,0.100112623543133,0.232135411521152,0.49788
0.867171164765947,-0.15518870730064,-0.63086859350996,-0.307331403717639,0.445796302861257,0.301889207155383,-0.188329129793554,0.40506048
0.883047162774167,-0.768548117382065,-0.0780923772030548,-0.205105928736073,0.500421076407194,-0.440819636990304,0.130449290657431,0.05245344
0.897896706280521,-1.19086134958843,0.5599116136699,0.180548918610977,-0.492052709893138,0.199242519801127,-0.0589182233235966,0.0366336
0.914557221127149,-1.28890097690715,0.63208029011849,0.332019054540225,-0.478822309019086,0.2238785653072,-0.0228833655337924,0.11993184
0.933986634989401,-1.02118370903795,0.0532058083146769,0.0296220861975395,0.532510983653673,-0.471017147046122,0.105489984042386,0.05975424
0.956055948364592,-0.453821709353408,-0.601363472738453,-0.33500403482471,0.446850524826642,0.302370991885689,-0.187794921318357,0.14693184
0.976858170731798,0.252670229673204,-0.669740402879947,-0.26754246467345,-0.58478810652441,0.149207162591665,0.255450130821499,0.23433408
0.996733258518354,0.900680352276045,-0.0564018199342051,0.174874417514124,-0.410545192634437,-0.483856186023665,-0.290258909574506,0.8746704
1.01079961245067,1.29698710745864,0.631151592356761,0.399603442253885,0.626568837784906,0.378456028275114,0.271065236793259,6.23935872
1.00026099472055,1.30558352240842,0.688087360773834,0.0806098787385547,0.378300266461071,0.106476775469882,-0.167803913517444,3.46660992
0.982593928837406,0.965291951246656,0.120361016996482,-0.281392273375412,-0.57705037951168,-0.445389717030615,0.0367553446012391,1.25064
0.958769245614403,0.393002346852498,-0.508727825793928,-0.218132865678474,-0.340508053421146,0.314250117031232,0.0845188690647822,0.8033472
0.930296763917184,-0.238046567207015,-0.62643699061949,0.10853113937725,0.533719826723629,0.124233507174495,-0.157227374132951,0.9422784
0.898663716039426,-0.749047737651036,-0.167286685621369,0.230536277131634,0.313040058101056,-0.394015817089232,0.171808359543353,0.14300928
0.867808506288309,-1.00480223588883,0.409265801033042,0.0390566458804577,-0.484664815225512,0.237038873232152,-0.131948595837568,0.04158432
0.836428541321592,-0.960980198909894,0.563967118074631,-0.157876829773882,-0.294198203729824,0.139375080686934,0.0533049582869222,0.19888416
0.803082501481854,-0.662509090218221,0.189288343281138,-0.109708040036751,0.433803150218629,-0.327562961956263,0.036414280038096,0.62581248
0.766604632938809,-0.219652916611657,-0.321388390376442,0.0659843921869125,0.281907772009546,0.16352764535436,-0.100372359270141,0.50649408
0.731305088083579,0.236939649650385,-0.475991659786629,0.120686785876686,-0.368635040154757,0.15356299874432,0.121013334393445,0.3354912
0.700557371302888,0.58365410006917,-0.172457852550651,0.00994358676344486,-0.271529753052735,-0.283841648152877,-0.0966297650924839,0.15431904
0.67558901200266,0.73346525368276,0.241474035630968,-0.094251452080112,0.291508099133575,0.093966016419948,0.0284200931038419,1.52966016
0.659462920580595,0.661413996908209,0.359207784224648,-0.0646070495559697,0.24829125635656,0.177678406970651,0.052066932243232,1.81766592
0.648566935708937,0.395371491126924,0.100771594149226,0.0134981895508072,-0.240456125711642,-0.24935130639175,-0.13096383065188,0.33848928
0.642512322024564,0.0207478323542201,-0.225496244154509,0.035456966982111,-0.233835453369183,0.0484178352250972,0.17928017081296,0.23464512
0.640280030842142,-0.349946495226011,-0.280393461485548,0.0157633576622892,0.180219540747401,0.191703562631375,-0.185018154633148,0.1081728
0.640807969315757,-0.609890492582738,-0.0442855207296056,0.0100526287255142,0.210456120013994,-0.217913672816645,0.136444183386774,0.16574112
0.640088656069038,-0.691046001486378,0.195433513758628,0.00109440208140708,-0.127450310631408,0.00566657748934598,-0.0422077761210805,0.09297504
0.638508680581538,-0.57025486954984,0.194791234409512,-0.0285947080243488,-0.177859248415938,0.21863161227964,-0.0706405988395713,0.11496384
0.637170780233021,-0.280676130497775,-0.00419517947385069,-0.0386398952783082,0.0794499548153596,-0.205479525542315,0.172925356296936,0.4424976
0.63633162834026,0.0942558151475772,-0.158608997978159,0.0096931607523558,0.144953760008564,-0.0385185090054187,-0.236220088452668,0.20077632
0.637239973829977,0.44559638283184,-0.109331303197663,0.0660325973900052,-0.0345066690370004,0.247061088054136,0.236830193992928,1.990656
0.63227983974487,0.65890090728894,0.0450118419769819,0.029537430745561,-0.12192607063525,-0.192563672177282,-0.169221289053996,0.69990048
0.627789924064035,0.682678486567939,0.13068537431455,-0.0436706152517138,0.0160930266874453,-0.0517165702898087,0.0607966401936713,1.57781088
0.622698543896434,0.511378843170053,0.0575070515496904,-0.0584493292433677,0.0945416993886106,0.224886897239246,0.0538237038636607,1.3136256
0.619656431332142,0.199355073741063,-0.0753677520385811,0.00599937072895749,0.00518966181869206,-0.155009014051741,-0.140739841224964,0.41433984
0.618589631180292,-0.164981770496938,-0.113369298055943,0.0563606856544372,-0.0741642316233311,-0.0755793112697723,0.170745220335244,0.38199168
0.617751558196293,-0.482898198978523,-0.0202332915287459,0.0205143614765884,-0.0329043654601145,0.211719709637408,-0.1381624588008,0.12007872
0.61842822452515,-0.665105391335561,0.095864920797374,-0.0408857505247012,0.0557703002811636,-0.110664289110293,0.0557120198027643,0.03830112
