X1,X2,X3,X4,X5,Y
-1.0,-1.0,-1.0,-1.0,-1.0,-1.0
-0.9849014741339475,-0.9846579793957112,-0.984412596871903,-0.9841652571327949,-0.9839158892319851,-0.9836644206295072
-0.9696752744771243,-0.9691901473975935,-0.9687012652649483,-0.9682084902439096,-0.9677116814955197,-0.9672106950248215
-0.9543242132097642,-0.9535993375772561,-0.9528688606551221,-0.952132577238881,-0.9513902776634201,-0.9506417475768703
-0.9388511025120995,-0.9378883835062997,-0.9369182385184243,-0.935940396023238,-0.9349545786085001,-0.933960502676589
-0.9232587545643534,-0.9220601187563381,-0.920852254330847,-0.9196348245025066,-0.9184074852035811,-0.9171698847149106
-0.9075499815467628,-0.9061173768989778,-0.9046737635683795,-0.9032187405822208,-0.9017518983214821,-0.900272818082762
-0.8917275956395571,-0.8900629915058222,-0.8883856217070187,-0.8866950221679122,-0.8849907188350166,-0.8832722271710765
-0.8757944090229626,-0.8738997961484829,-0.8719906842227596,-0.8700665471651062,-0.8681268476170036,-0.8661710363707895
-0.8597532338772136,-0.8576306243985685,-0.8554918065915907,-0.8533361934793348,-0.851163185540265,-0.8489721700728258
-0.8436068823825419,-0.8412583098276821,-0.8388918442895072,-0.8365068390161319,-0.8341026334776117,-0.8316785526681233
-0.8273581667191734,-0.8247856860074331,-0.8221936527925061,-0.8195813616810208,-0.8169480923018677,-0.8142931085476097
-0.8110098990673402,-0.8082155865094326,-0.805400087576574,-0.8025626393795382,-0.7997024628858469,-0.796818762102215
-0.7945648916072766,-0.7915508449052817,-0.7885140041177106,-0.7854535500172103,-0.7823686461023653,-0.7792584377228774
-0.7780259565192063,-0.774794294766594,-0.7715382578919052,-0.7682569714995656,-0.7649495428242475,-0.7616150598005217
-0.761395905983366,-0.7579487696649735,-0.7544757043751498,-0.7509757817321409,-0.7474480539243042,-0.7438915527260834
-0.7446775521799825,-0.741017103172026,-0.7373291990434441,-0.7336128586204596,-0.7298670802753575,-0.7260908408904925
-0.7278737072892846,-0.7240021288593655,-0.7201015973727747,-0.7161710800700558,-0.7122095227502232,-0.7082158486846791
-0.7109871834915091,-0.7069066802985932,-0.7027957548391391,-0.6986533239864583,-0.6944782822217177,-0.6902695004995762
-0.69402079296688,-0.6897335910613204,-0.6854145269185288,-0.6810624682751956,-0.6766762595626601,-0.6722547207261191
-0.6769773478956318,-0.672485694719153,-0.6679607690869359,-0.663401390841799,-0.6588063556458719,-0.6541744337552329
-0.6598596604579929,-0.6551658248436973,-0.650437336820355,-0.6456729695918028,-0.6408714713441641,-0.6360315639778527
-0.642670542834193,-0.6377768150065624,-0.6328470855947828,-0.6278800824307305,-0.6228745075303584,-0.6178290357849084
-0.6254128072044634,-0.6203214987793588,-0.6151928708862067,-0.6100256072641157,-0.6048183650772709,-0.5995697735673335
-0.6080892657490382,-0.6028027097336883,-0.5974775481706233,-0.5921124219974874,-0.5867059448577208,-0.5812567017160579
-0.5907027306481418,-0.5852232814411621,-0.5797039729240245,-0.5741434045363769,-0.5685401477445244,-0.562892744622014
-0.573256014082008,-0.5675860474733858,-0.5618750006224051,-0.5561214327863131,-0.5503238746105004,-0.544480826676135
-0.5557519282308658,-0.549893841401969,-0.5439934867417571,-0.5380493846528271,-0.5320600263284678,-0.5260238722693482
-0.5381932852749474,-0.5321494967985173,-0.5260622867580746,-0.5199301380414505,-0.5137515037712406,-0.5075248057925891
-0.5205828973944814,-0.5143558472346395,-0.5080842561473524,-0.5017665708577093,-0.4954012078116401,-0.48898655163678784
-0.5029235767696993,-0.4965157262819443,-0.4900622503855797,-0.4835615610071373,-0.4770120393224825,-0.4704120341928746
-0.48521813558083315,-0.4786319675120355,-0.47199912494875385,-0.46531798639526356,-0.45858689917658446,-0.45180417785178195
-0.46746938600810917,-0.4607074044965245,-0.4538977353128665,-0.44703872492761676,-0.44012868824676454,-0.433165907004443
-0.44968014023176184,-0.4427448708070171,-0.4357609369539097,-0.428726654509728,-0.421640307405842,-0.41450014604178764
-0.43185321043201985,-0.4247472000151198,-0.4175915853478779,-0.410384653047129,-0.40312465752663296,-0.3958098193547487
-0.41399140878911267,-0.40671722569244106,-0.3993925359707656,-0.39201559844534817,-0.3845846394819564,-0.3770978513342538
-0.39609754748327153,-0.38865778141058993,-0.38116664429856484,-0.37362236860991704,-0.36602315414462616,-0.35836716637123833
-0.37817443869472844,-0.3705717007411724,-0.36291676580726995,-0.35520784144636175,-0.3474431023874637,-0.339620688856635
-0.3602248946037122,-0.35246181725579706,-0.3446457559728705,-0.33677489486021617,-0.3288473850832877,-0.3208613431813714
-0.3422517273904545,-0.3343309645260679,-0.3263564702713635,-0.31832640675701196,-0.3102389031049123,-0.30209205373638026
-0.324257749235182,-0.3161819761235959,-0.30805176417874325,-0.2998652550422747,-0.29162055732515635,-0.28331574491259703
-0.3062457723181288,-0.2980176856199902,-0.28973449317099953,-0.2813943176215362,-0.2729952486168412,-0.26453534110094645
-0.28821860881952666,-0.2798409265868538,-0.27140751272412644,-0.2629164724003302,-0.254365877852778,-0.2457537666923667
-0.2701790709196017,-0.26165453259579596,-0.2530736783141213,-0.2444345972841805,-0.23573534590579082,-0.22697394607778276
-0.2521299707985859,-0.24346133721842766,-0.2347358454169708,-0.22595157017862333,-0.21710655364869114,-0.20819880364813237
-0.2340741206367133,-0.22526417402635024,-0.21639686950867454,-0.2074702689891823,-0.19848240195430256,-0.18943126379434339
-0.2160143326142081,-0.20706587659117737,-0.19805960606521944,-0.1889935716213943,-0.17986579169543926,-0.17067425090734867
-0.1979534189113067,-0.18886927848450996,-0.17972691056260492,-0.17052435598078508,-0.1612596237449203,-0.15193068937807952
-0.17989419170823318,-0.17067721327796237,-0.16140163847682065,-0.15206549997288632,-0.1426667989755631,-0.13320350359746735
-0.16183946318522457,-0.15249251454313772,-0.14308664528386128,-0.1336198815032279,-0.12409021826018518,-0.1144956179564437
-0.14379204552250702,-0.13431801585164527,-0.1247847864597198,-0.11519037847733993,-0.10553278247160436,-0.09580995684593996
-0.12575475090031252,-0.11615655077509202,-0.10649891748038931,-0.09677986880075251,-0.08699739248263816,-0.07714944465688822
-0.1077303914988712,-0.09801095288508566,-0.08823189382186325,-0.07839123037899576,-0.06848694916610465,-0.05851700578021979
-0.08972177949841342,-0.07988405575323365,-0.06998657096013472,-0.060027341117599886,-0.050004353394821566,-0.03991556460686618
-0.07173172707916964,-0.061778692951143466,-0.05176580437119738,-0.041691078922095004,-0.03155250604160642,-0.021348045527758597
-0.05376304642137031,-0.043697698050422895,-0.033572449531044546,-0.02338532169801144,-0.013134307979276616,-0.00281737293382911
-0.035818549705246006,-0.025643904622679403,-0.01540936191566944,-0.005112947350878749,0.0052473399193495585,0.015673528783991086
-0.01790104911102708,-0.007620146239520564,0.002720602998935062,0.013123166213772297,0.023589536781454923,0.03412173523477047
-1.3356818943988102e-05,0.010370743527446491,0.020814589736775302,0.031320141090412035,0.04188938173422141,0.052524322027577064
0.01784171499077325,0.028325931106613966,0.038869742821857844,0.049475099373510245,0.06014397390483106,0.07087836477147968
0.03566135413789362,0.046242582926374176,0.0568832067781897,0.06758516315753638,0.07835041242046681,0.08918093907554647
0.05344274844218688,0.06411786541511955,0.07485212612977743,0.08564745453696077,0.0965057964083107,0.10742912054884668
0.0711830857234228,0.08194894500124272,0.0927736454006276,0.10365909560625308,0.11460722499554499,0.12561998480044778
0.08887955380137069,0.09973298811313636,0.11064490911474723,0.12161720845988344,0.13265179730935173,0.1437506074394188
0.1065293404958001,0.11746716117919243,0.12846306179614286,0.1395189151923213,0.15063661247691384,0.1618180640748279
0.12412963362648077,0.13514863062780402,0.14622524796882108,0.15736133789803697,0.1685587696254125,0.17981943031574366
0.1416776210131825,0.1527745628873629,0.16392861215678867,0.17514159867149992,0.18641536788203128,0.19775178177123487
0.15917049047567433,0.17034212438626217,0.18157029888405218,0.19285681960718026,0.2042035063739518,0.21561219405036947
0.1766054298337263,0.18784848155289358,0.19914745267461864,0.2105041227995479,0.22192028422835652,0.23339774276221603
0.19397962690710724,0.2052908008156502,0.21665721805249483,0.2280806303430727,0.2395628005724273,0.25110550351584315
0.2112902695155876,0.2226662486029245,0.23409673954168708,0.2455834643322241,0.25712815453334703,0.26873249803006316
0.2285345454789367,0.23997199134310865,0.251463161666202,0.2630097468614725,0.2746133917814302,0.286275532462664
0.24570964261692385,0.2572051954645951,0.26875362895004673,0.2803565469916578,0.2920153441595206,0.3037313590811783
0.2628127487493186,0.27436302739577645,0.28596523329692625,0.2976207216491009,0.3093307900535951,0.32109658560750254
0.2798410516958909,0.2914426013483946,0.3030948561293394,0.3147990747264935,0.3265563644664389,0.3383671948121605
0.2967916874539567,0.30844082266758877,0.32013932624948516,0.33188826786855397,0.3436880824753572,0.35553879286247847
0.31366158473101846,0.325354544481848,0.3370953313202256,0.34888434770269994,0.36072158558312273,0.3726067383415943
0.33044762041212583,0.3421804798630079,0.3539589487803856,0.3657829902395455,0.37765226969940424,0.389566261304664
0.3471465323829992,0.3589147363398997,0.37072588834046183,0.3825796278410538,0.3944754032395186,0.4064125117622579
0.36375445755775826,0.3755530565338747,0.387391617961224,0.3992695663842538,0.4111861752179198,0.42314040309233025
0.3802671706978251,0.39209094317102355,0.40395148010429627,0.41584803297395956,0.42777953991945794,0.43974478951468376
0.39668020848039354,0.4085237744409942,0.42040073907301245,0.4323100218438225,0.4442503929465853,0.45622048691255457
0.41298898398637296,0.42484685097469854,0.43673442811447294,0.44865046900970573,0.46059359187349247,0.47256215782292954
0.4291888333234486,0.4410552441192499,0.45294752271172234,0.4648642727602954,0.476803842161339,0.48876442644623275
0.44527486504642977,0.457143967900814,0.4690349609146618,0.4809461804755817,0.49287581124302693,0.5048219169828894
0.4612421308219101,0.4731079991995637,0.4849915310406343,0.49689090180838025,0.5088041665514595,0.5207292536333226
0.4770856454509145,0.48894216631171306,0.5008119839738432,0.5126931464115099,0.524583575519538,0.5364810605979589
0.4928002762722088,0.504641260387487,0.5164910705984938,0.5283476239377853,0.5402087055801663,0.5520719620772239
0.5083808537589942,0.5202000725771112,0.5320235417987884,0.5438490440400254,0.5556742241662487,0.5674965749676255
0.5238222083844737,0.5356133940308108,0.5474041484589325,0.559192116371048,0.5709747914655088,0.5827494849321084
0.5391191706218477,0.550876015898812,0.5626276414631319,0.5743715433958554,0.5861050366832901,0.5978252602757395
0.5542665709443202,0.5659827293313415,0.5776887645637943,0.5893819968423657,0.6010595718066507,0.6127184521097773
0.5692592398250935,0.5809283184015368,0.5925822310158018,0.6042181313565382,0.6158329917671144,0.6274235739464074
0.5840920007137091,0.595707536918956,0.6073027371252067,0.6188745846638304,0.6304198541995059,0.6419351055270779
0.5987596470245957,0.610315121874343,0.6218449624094342,0.6333459574882936,0.6448146832394979,0.6562475199621567
0.613256955480338,0.6247457935985994,0.6362035496728815,0.6476268173200528,0.659011996445011,0.6703552981119596
0.6275786862694475,0.6389942359912246,0.650373108745034,0.6617117251235585,0.6730063190615878,0.6842529518366172
0.6417195634240649,0.6530551002297573,0.6643482429805623,0.6755952494900184,0.6867922070852839,0.6979349638777705
0.6556742785013954,0.666923031066591,0.6781235633014524,0.6892719895176886,0.7003641876278377,0.7113956695032879
0.6694375166820046,0.6805926807633844,0.6916937108989782,0.7027365156491976,0.7137166415132068,0.7246293679075357
0.6830039705990345,0.6940587316188878,0.7050532985321167,0.715983253197606,0.7268439137819525,0.7376303614646005
0.6963683626959605,0.7073158377176603,0.7181967949613759,0.7290065919758899,0.739740352628784,0.7503929569192536
0.7095253874150622,0.7203585102504042,0.7311186337238542,0.7418009249262003,0.7524003105839472,0.7629114753192867
0.7224695973835071,0.7331812254546128,0.7438132514614391,0.754360649291899,0.7648181543656816,0.7751802412882423
0.7351955105391239,0.7457784626487511,0.7562750890837044,0.7666801763920086,0.7769882542392215,0.7871935794496638
0.747697647877454,0.7581447053862322,0.7684986014661859,0.7787539210644661,0.7889049804698021,0.7989457839104595
0.759970534597016,0.7702744510792991,0.7804782469759053,0.7905762981472066,0.8005626730514397,0.8104310057522475
0.7720087096505355,0.7821622006048976,0.7922084839798853,0.8021416924466167,0.8119555301030785,0.8216432615483436
0.7838067154292829,0.7938024548399738,0.8036837410476552,0.8134443480172873,0.8230776163170825,0.8325764560490458
0.7953590943245314,0.8051896850925571,0.8148983070939271,0.8244783765436186,0.8339228854620864,0.8432244176343344
0.8066603593818591,0.8163182240871538,0.825846339694875,0.8352377796645043,0.8444852155505791,0.8535808982208961
0.8177048861095253,0.8271822742172315,0.8365218872388287,0.845716483862482,0.8547584087466802,0.8636396149719903
0.8284869206686531,0.8377759295259946,0.8469189235435095,0.8559083403722405,0.8647362327405701,0.8733942817982077
0.8390006016880687,0.8480932100580705,0.8570313477652474,0.8658071662274716,0.8744124519959184,0.8828386022861758
0.849239994356654,0.8581280617694236,0.8668530251259283,0.8754067752609025,0.883780820735458,0.8919662774745676
0.8591990903339444,0.8678743969418867,0.8763778176714212,0.8847009711454041,0.8928350906544575,0.9007710084912957
0.8688718478595572,0.8773261247056372,0.8855995773669212,0.8936835550463944,0.9015690135367078,0.9092464964642848
0.8782522220452476,0.8864771441875092,0.8945121536897136,0.9023483282171141,0.9099763411660118,0.9173864425214489
0.8873341580749459,0.8953213520455108,0.90310939620422,0.9106890919108126,0.9180508253261612,0.925184547790711
0.8961115986823929,0.903852645024118,0.9113851544748737,0.9186996473807312,0.9257862178009577,0.9326345133999858
0.904578486687146,0.9120649198678195,0.9193332780660977,0.9263737958801204,0.9331762703741937,0.9397300404772002
0.9127287649087741,0.9199520733210924,0.926947616542324,0.93370533866222,0.9402147348296743,0.9464648301502645
0.9205563761668352,0.9275080021284239,0.9342220194679762,0.9406880769802846,0.9468953629511885,0.9528325835471034
0.9280552632808967,0.9347266030342916,0.9411503364074898,0.9473158120875509,0.9532119065225382,0.9588270017956355
0.9352193690705175,0.9416017727831856,0.9477264169252844,0.9535823452372694,0.9591581173275208,0.9644417860237775
0.9420426363552679,0.9481274081195803,0.9539441105857931,0.9594814776826865,0.9647277471499307,0.9696706373594504
0.948519007954703,0.9542974057879638,0.9597972669534436,0.9650070106770445,0.9699145477735671,0.9745072569305735
0.9546424266883919,0.9601056625328179,0.9652797355926617,0.9701527454735919,0.974712270982228,0.9789453458650652
0.9604068353758966,0.9655460750986233,0.9703853660678767,0.9749124833255742,0.9791146685597096,0.9829786052908427
0.9658061768367785,0.9706125402298644,0.9751080079435175,0.9792800254862366,0.9831154922898069,0.9866007363358293
0.9708343938906028,0.9752989546710236,0.9794415107840111,0.983249173208822,0.9867084939563215,0.9898054401279417
0.9754854293569326,0.9795992151665835,0.9833797241537834,0.9868137277465812,0.9898874253430483,0.9925864177950987
0.9797532260553312,0.9835072184610243,0.9869164976172666,0.9899674903527578,0.9926460382337845,0.9949373043269638
0.9836317268053589,0.9870168612988326,0.9900456807388864,0.9927042622805964,0.9949780188059587,0.9968514306634586
0.9871148744265836,0.990122040424489,0.9927611230830706,0.9950177796964044,0.9968767516324435,0.9983218814432302
0.9901966117385663,0.9928166525824762,0.995056609634577,0.9969014795498492,0.9983353769656047,0.9993415892170716
0.9928708815608704,0.9950945304329974,0.9969256284935275,0.9983485564044652,0.9993468841930533,0.999903368814556
0.9951315631125688,0.996949212029026,0.9983614272629984,0.9993520551534862,0.9999041459279012,1.0
0.9969722432295718,0.9983739967713443,0.9993571050422496,0.9999049048401933,1.0,0.9996242037262122
0.9983862718972474,0.9993620366960938,0.9999056459834892,1.0,0.9996272259006591,0.9987686150856785
0.9993668528488167,0.9999063697741215,1.0,0.9996301772916645,0.9987785179513584,0.9974258285565192
0.9999070766133151,1.0,0.9996330595794847,0.9987881888784371,0.9974465301858355,0.9955887488465891
1.0,0.9996358743832305,0.9987976333726705,0.9974667469547991,0.9956242243726776,0.9932511789471958
0.9996386232632521,0.9988068567394557,0.9974864903730194,0.9956588690136297,0.9933054533398791,0.9904082802149714
0.9988158640916462,0.9975057715312621,0.9956927024929876,0.993358456552367,0.9904854173567106,0.9870559720516625
0.9975246011177876,0.9957257438165379,0.9934102187599225,0.9905607478415335,0.9871600686413151,0.9831911162134301
0.9957580113003099,0.9934607690397037,0.990634314555844,0.9872617271470641,0.9833262941877849,0.9788118068655547
0.9935101354136027,0.9907061588253727,0.9873610054441211,0.9834583061098752,0.978982203488229,0.973916977820946
0.9907763204760578,0.9874579593015678,0.9835872271354185,0.9791486091899289,0.9741267389298922,0.9685060482842323
0.9875526424645169,0.9837131296851491,0.9793111187070975,0.9743315871479832,0.9687593243881918,0.9625790591738344
0.9838360835515121,0.9794698233286354,0.9745316390973744,0.9690066684208474,0.96288000045248,0.9561371833987213
0.9796248110303889,0.9747270071562368,0.9692482211976505,0.9631738932765133,0.9564899305991275,0.9491824668280298
0.9749177996243188,0.9694841184096523,0.9634609049620817,0.956834415979676,0.9495911442442773,0.9417176929977356
0.969714490823411,0.9637411967365483,0.9571708356593682,0.9499902498788384,0.9421864025385556,0.9337464112087244
0.964014923976021,0.9574993786202572,0.9503800109465752,0.942644134263571,0.9342792262391733,0.9252725676237001
0.9578202269858698,0.9507606463937961,0.9430911487640679,0.9347995620159417,0.925873529773575,0.9163004669218828
0.9511323672208216,0.9435276971481821,0.9353077147714344,0.9264604165714194,0.9169735832025128,0.9068350405107934
0.943954021410844,0.9358039699578917,0.9270335621378063,0.9176309341830995,0.9075842782748544,0.896881786658895
0.936288602667936,0.9275932884343576,0.9182728941001859,0.9083159678700572,0.8977110690416841,0.8864466051040212
0.9281399057380824,0.9188998235715078,0.9090305258546663,0.8985209285016271,0.8873598077948166,0.8755356260699654
0.9195120701272812,0.9097283536280156,0.899311826099882,0.8882516220348577,0.8765365754584464,0.8641550887218561
0.9104098380218748,0.9000842061191738,0.8891225555429842,0.8775140812490068,0.8652475610219905,0.8523113876987174
0.9008384967183423,0.8899730975616895,0.8784686999455502,0.8663144461329637,0.8534991076984315,0.8400110146820228
0.8908037195779028,0.8794009678003007,0.8673563514432276,0.8546590096781375,0.8412976549627811,0.8272605781596347
0.8803114016038449,0.8683738622378205,0.855791753981729,0.8425541603758249,0.8286497581570764,0.8140668819932639
0.869367542560646,0.8568979769225891,0.8437812462623564,0.8300064016669844,0.8155621664259953,0.8004372163789217
0.8579782917210486,0.844979601931666,0.8313312810401907,0.8170224292608099,0.802042111337389,0.7863794932261337
0.8461498916766663,0.832625140520981,0.8184485018400656,0.8036094174701427,0.7880974411727688,0.7719019727958076
0.8338886973435664,0.8198411852528198,0.8051400270603701,0.7897751524387351,0.7737363497635665,0.7570133885341843
0.8212012515150486,0.8066347999202652,0.791413582161975,0.7755277631244111,0.7589675003211649,0.741723306052229
0.8080945646577644,0.7930136507220975,0.7772772327480337,0.760875844148692,0.7438003815293555,0.7260418536723883
0.7945762450963436,0.7789857413901455,0.762739506456152,0.745828809069935,0.7282450402580549,0.7099805583774705
0.7806542361403392,0.7645595341464184,0.7478097434782225,0.7303966252132559,0.7123129107894377,0.6935517559553739
0.7663369361282213,0.7497442975341015,0.7324978334570038,0.7145906363313699,0.6960162297063126,0.6767689409433264
0.7516335436325059,0.7345498453324009,0.7168150317353881,0.6984229821255148,0.6793683830220916,0.6596464851107067
0.736553798345599,0.7189873465443579,0.700773383401404,0.6819069426270623,0.662383626927588,0.6421996870838478
0.721108784952802,0.7030687538600073,0.6843860649858227,0.6650566611552682,0.6450771370167347,0.6244446059157172
0.7053103659101494,0.6868071427328166,0.6676671095790898,0.6478871931532508,0.6274648431947059,0.6063975334353424
0.6891715179610722,0.67021643860525,0.6506314552866939,0.6304143424032089,0.6095629062707373,0.5880751813058942
0.6727060614212088,0.6533114649924345,0.6332947827208706,0.6126541417632481,0.5913879035118794,0.5694946606455276
0.6559287078990723,0.636107782220469,0.6156729997844157,0.5946230372520389,0.5729568084277272,0.550673440210476
0.6388549002517687,0.6186211761624616,0.5977824243206369,0.5763378679935962,0.5542869492898088,0.5316291210308133
0.6215003051806995,0.6008678394873765,0.5796397642144424,0.5578158250650858,0.5353957855797398,0.5123795363990375
0.6038809931121132,0.5828643519137653,0.5612620765608733,0.5390742297149222,0.516301007173692,0.49294266361359274
0.5860134185999066,0.5646276396915164,0.5426665476117032,0.5201306317619574,0.4970204467956796,0.4733368749940776
0.5679143801132573,0.546174757236489,0.523870590407733,0.5010027227419058,0.47757232901408964,0.453581031475083
0.5496008033197552,0.5275229840138691,0.504891758602128,0.4817085829324772,0.4579753630828327,0.43369437275707456
0.53108983723736,0.5086897390225678,0.4857479915603089,0.4622667734594694,0.43824863397563707,0.4136959820080255
0.5123987693643801,0.4896928240149483,0.4664577057481991,0.44269622819378585,0.41841107139258304,0.39360489881202687
0.49354526706306956,0.4705505141840345,0.4470396874717619,0.42301572696203893,0.3984815618003712,0.3734402396679941
0.4745474675622148,0.451281451725843,0.4275125701932463,0.40324400669975846,0.3784790679619745,0.3532211319073264
0.4554238723229931,0.43190412716514204,0.40789494481809774,0.38339988003467873,0.3584225633857334,0.33296641653762027
0.43619283228033945,0.41243698879634993,0.38820547735404465,0.36350217025482734,0.3383307375588176,0.31269411474009834
0.4168726564576468,0.39289855944005736,0.3684628443860256,0.34356941887576253,0.31822146673511265,0.2924218759203616
0.3974817278418634,0.37330737241292744,0.34868544292255965,0.32361936061842766,0.29811225838272226,0.27216724236390566
0.3780384398367713,0.3536816835998371,0.32889086946546775,0.303669364337799,0.27802051371111003,0.2519477090326683
0.3585609105087726,0.33403895451966137,0.309096357502054,0.28373669347150066,0.25796358698676114,0.2317807274123378
0.3390664695551455,0.3143962864614449,0.28931903592386243,0.26383856488584523,0.23795878934954962,0.21168357311030506
0.31957208916280666,0.29477067692082803,0.2695759874140864,0.2439921526619817,0.21802325747547502,0.19167343775165735
0.300094638508833,0.2751790775395666,0.24988425220421284,0.22421445779848037,0.19817404473362288,0.1717672642895074
0.28065094126257906,0.25563839783335496,0.23026069879210231,0.20452239864657007,0.17842795782093912,0.15198155602006302
0.26125777928535965,0.23616537690163342,0.2107221136724038,0.18493264883833427,0.1588013673132096,0.13233229294664417
0.24193176530875204,0.21677667246967736,0.19128504052788764,0.16546144933762963,0.13931012470168191,0.11283489625656551
0.2226894313044836,0.1974887013134965,0.1719655937451856,0.14612452613355997,0.11996952715562892,0.09350434943876151
0.2035470701140052,0.17831745420609613,0.1527793767497354,0.1269370552820268,0.10079443766593665,0.07435502900960578
0.18452055179177274,0.15927841487887728,0.133741447319788,0.1079137820980971,0.08179911713223853,0.0554011321223129
0.1656252431784273,0.1403865256017185,0.11486643584982525,0.08906885457256442,0.06299764853345602,0.03665665170128363
0.14687597374072348,0.12165630453919496,0.09616838006542272,0.0704162441841758,0.04440391226211715,0.018135330251102255
0.12828715204179453,0.10310168173334455,0.0776611425557916,0.051969721429235616,0.02603154030482302,-0.00014942290376618317
0.10987260296212864,0.08473641343331417,0.05935838649409764,0.03374281036484361,0.007893834147508993,-0.018184994579724334
0.09164597890133064,0.06657405800192717,0.04127353053497629,0.01574870716413046,-0.009996694462148903,-0.03595919529788372
0.07362073586657836,0.04862793115918085,0.02341966800452222,-0.002000175485381228,-0.027627954073726424,-0.053460093482820104
0.055810089053997425,0.03091102579213101,0.005809114849476105,-0.019491841865771353,-0.04498810906618966,-0.07067618314606927
0.0382269332639229,0.013435563371763548,-0.011546226703287643,-0.036714550063014606,-0.06206574598287096,-0.0875961032520508
0.02088339770424308,-0.0037866451771513265,-0.02863470625271669,-0.053656976985018257,-0.07884959515426715,-0.10420881973525342
0.0037912041359513537,-0.02074403882390885,-0.045445088955519575,-0.07030794218843883,-0.09532871125143305,-0.12050404797256786
-0.013038173687508037,-0.03742546890781562,-0.06196628150539152,-0.08665658700256607,-0.11149289236076787,-0.13647186163900382
-0.02959367126961243,-0.05381992721943363,-0.07818750986086076,-0.10269279028613842,-0.1273322919853369,-0.15210243534681922
-0.045864363504791505,-0.06991672236507462,-0.09409873176182038,-0.11840678350059464,-0.14283716375371036,-0.16738599707696034
-0.06183963971149897,-0.08570588911891242,-0.1096902548027835,-0.1337888974401471,-0.15799781423395265,-0.18231279784050902
-0.07750960989401867,-0.1011778094260023,-0.12495248513686719,-0.1488295154193625,-0.17280457283905482,-0.19687311139241692
-0.09286472860663153,-0.11632296303395928,-0.13987588102821358,-0.1635190434168604,-0.18724779154296978,-0.21105736168333555
-0.10789554746784091,-0.1311318814016803,-0.15445092322838228,-0.17784790979359977,-0.2013179713074682,-0.22485609656629113
-0.12259266941705027,-0.14559511830297722,-0.16866811469683018,-0.191806690718765,-0.21500573600026585,-0.23825998702570006
-0.13694671954011672,-0.15970324954920312,-0.1825181050492668,-0.2053860842943941,-0.2283018316302391,-0.2512599681586044
-0.15094834479407127,-0.17344699648296158,-0.1959916648839466,-0.21857690979664823,-0.24119726619488158,-0.26384751673803253
-0.16458833656854177,-0.1868172005013431,-0.20907968502885266,-0.23137024641604453,-0.253683585011485,-0.27601456107064104
-0.17785760540132023,-0.19980482230888297,-0.22177331420062907,-0.24375770640873862,-0.265752781299711,-0.2877536538568053
-0.19074718023696036,-0.21240107852051104,-0.2340642300270035,-0.25573134638704564,-0.27739746765153095,-0.29905786748235097
-0.20324834399847502,-0.22459771060495848,-0.24594455102868418,-0.2672838374317902,-0.2886107721650274,-0.30992105174374684
-0.21535290050041966,-0.2363868975418425,-0.2574070054059049,-0.27840836204845554,-0.29938659409694635,-0.3203385842614179
-0.2270530877653506,-0.24776142331344753,-0.26844482879766574,-0.28909886779563687,-0.3097203482411457,-0.3303091987569643
-0.23834174425116728,-0.25871457544825727,-0.27905201593348505,-0.2993508057699732,-0.31961077850270625,-0.3398344147792318
-0.24921220816056577,-0.2692403947422807,-0.2892240533627961,-0.30916292982151505,-0.329059392210178,-0.3489177156795258
-0.25965856527715314,-0.2793344023676778,-0.29895970464777066,-0.3185367353447319,-0.3380696447015622,-0.3575631926365871
-0.2696763705849381,-0.28899537137134734,-0.3082604535282203,-0.32747565032043136,-0.3466455942541137,-0.3657755069629747
-0.2792644063934112,-0.2982247741113173,-0.31712970126829276,-0.3359837008949793,-0.3547918646938576,-0.37355961036911145
-0.28842413394538235,-0.30702598576060336,-0.32557144263577087,-0.3440654742858532,-0.36251336790928745,-0.38092065293847477
-0.29715890293379865,-0.3154029704430835,-0.3335902290967281,-0.35172584349230074,-0.36981521256662386,-0.38786439699594444
-0.30547264755632486,-0.32336024471048797,-0.3411908956717101,-0.3589698767333346,-0.376703114649811,-0.39439689047527116
-0.31336985026805453,-0.33090260649387016,-0.34837847107954323,-0.36580324473733083,-0.3831830734547812,-0.4005246852485663
-0.3208552727791979,-0.3380350459367024,-0.35515858185263904,-0.37223189930156775,-0.3892615881631277,-0.4062544706852761
-0.32793386756132237,-0.3447631464102081,-0.36153713340174387,-0.37826228815120366,-0.39494529434801706,-0.4115929965670545
-0.33461117583531363,-0.35109276802466705,-0.36752052320037054,-0.38390099432310776,-0.40024088750898523,-0.4165471903688309
-0.34089301347193846,-0.3570302591785067,-0.3731152829791635,-0.3891546603060593,-0.4051552394098247,-0.42112398346909874
-0.3467856809438954,-0.36258210149739845,-0.37832800345732676,-0.3940301034575443,-0.40969522568649896,-0.42533029363531716
-0.3522956109453591,-0.3677548351430715,-0.38316544885989656,-0.3985341449765627,-0.4138677084733984,-0.42917300057921937
-0.3574292942646584,-0.3725551724521222,-0.38763438722348365,-0.40267359266743796,-0.41767951215523325,-0.432658960987673
-0.3621933925651959,-0.3769898295434826,-0.3917415732944163,-0.4064552168836917,-0.42113743827701566,-0.43579504712343065
-0.36659457126415573,-0.3810655093477522,-0.39549372466010113,-0.409885765319978,-0.4242483038343805,-0.4385882068782856
-0.37063948268995217,-0.3847888779216557,-0.39889753642567405,-0.41297200099924525,-0.4270190008437905,-0.4410454267114665
-0.3743347425754947,-0.38816657901210827,-0.40195971890510074,-0.41572076137130176,-0.42945645957898226,-0.44317371985044895
-0.37768694451230633,-0.3912052714581883,-0.40468705625914636,-0.41813892184033286,-0.43156763686666766,-0.44498018883959045
-0.38070269707013815,-0.3939116873792936,-0.4070863703071479,-0.4202333841532695,-0.433359578132149,-0.446471971033236
-0.38338868154584904,-0.39629259626451485,-0.4091645090058803,-0.4220111379541648,-0.43483936333077233,-0.44765620741155543
-0.3857516163238761,-0.39835479353988,-0.4109284075241971,-0.4234792071437288,-0.43601407601454956,-0.4485400401451187
-0.3877982455297897,-0.4001051611744908,-0.4123850350206222,-0.4246446191908607,-0.4368908009163194,-0.44913063667632136
-0.38953539917889746,-0.40155061486638444,-0.4135413641940596,-0.4255144027359382,-0.4374766478375084,-0.44943529068793686
-0.3909699407608135,-0.4026980738268199,-0.4144043689057615,-0.42609561128944895,-0.43777885180468956,-0.4494614262110487
-0.3921087372518517,-0.4035544584204873,-0.4149810476932597,-0.42639542259557317,-0.4378047771444771,-0.4492164936202513
-0.39295865677304975,-0.4041267134990656,-0.41527852235953844,-0.426421142674816,-0.4375618143151402,-0.44870794329015007
-0.3935265917475751,-0.4044219062341148,-0.4153040419841595,-0.4261801034724435,-0.43705735377495913,-0.447943225646413
-0.3938195559950515,-0.40444723009743244,-0.41506488136939557,-0.4256796369337328,-0.4362987860328662,-0.446929835407717
-0.3938446886818665,-0.40420990408620827,-0.41456831531753024,-0.42492707505421157,-0.4352935455345954,-0.44567546298987515
-0.39360915430710186,-0.4037171471976425,-0.41382161868070655,-0.4239297934183457,-0.43404926084921003,-0.4441879285450884
-0.39312011736985,-0.4029761784784124,-0.41283210956028593,-0.4226953601969836,-0.4325736892388138,-0.44247510703876713
-0.39238474241830645,-0.4019942598926486,-0.4116072971430519,-0.42123147123510374,-0.4308746423379093,-0.44054486400321236
-0.3914102365941253,-0.4007788430240854,-0.4101548172948638,-0.41954587631959683,-0.42895992242375103,-0.43840505811056707
-0.39020399522707616,-0.3993375051637764,-0.4084823594030862,-0.41764631595419033,-0.4268373249686055,-0.43606386012902343
-0.38877353840525,-0.39767787671371657,-0.40659760364427056,-0.4155405238915011,-0.4245149550308943,-0.4335293597351152
-0.3871264389267308,-0.3958075789357438,-0.40450822349647386,-0.41323654101919305,-0.42200083722952475,-0.4308091095078226
-0.38527026051844704,-0.3937342264445859,-0.40222219717908125,-0.41074232842228475,-0.41930246340521826,-0.42791000633537335
-0.38321256031039774,-0.391465736258625,-0.39974742373079053,-0.4080653186258121,-0.4164266749810459,-0.4248385275300748
-0.38096119555331165,-0.38900994682295165,-0.3970912777497556,-0.40521229888675825,-0.4133798971784103,-0.4216004510550738
-0.37852394551779633,-0.38637417616510117,-0.3942604935951044,-0.4021896435556618,-0.41016786149375895,-0.41820108178978477
-0.3759080729856732,-0.38356510698486346,-0.39126139593758946,-0.39900303875058374,-0.40679583014437204,-0.41464521834921453
-0.37312021020727404,-0.38058901543637647,-0.3880996265793648,-0.3956577050258757,-0.40326856315452886,-0.41093699321278987
-0.3701665859563993,-0.3774515000434717,-0.3847803653873393,-0.3921583647189367,-0.39959015977002765,-0.40708034386411485
-0.3670527564921521,-0.37415770093824574,-0.38130829789442355,-0.3885090846203132,-0.39576452580901145,-0.4030791843547987
-0.3637838231424201,-0.3707122677108379,-0.37768745919581237,-0.3847137396243353,-0.3917955438460695,-0.3989372079987443
-0.36036440039636397,-0.36711920450318614,-0.3739216939860658,-0.38077618156580717,-0.3876868774932697,-0.3946580663717818
-0.3567984621676018,-0.36338232651715896,-0.3700148240799369,-0.37670004505061927,-0.3834421489602672,-0.3902456829147022
-0.35308979485604,-0.3595054262503292,-0.36597045575628273,-0.3724889236100474,-0.3790652501353249,-0.3857040624740923
-0.34924216232868954,-0.3554920823177514,-0.36179215453946856,-0.3681466783188294,-0.3745601536578316,-0.3810373112905918
-0.3452591161846994,-0.3513458328926168,-0.35748375141216826,-0.36367725036349263,-0.3699309327458121,-0.37624965441659375
-0.341144167886661,-0.34707047957009196,-0.35304915684447735,-0.3590846807128819,-0.3651817784735545,-0.3713455025632567
-0.33690109033049953,-0.3426699028230157,-0.3484923803111356,-0.35437312725899317,-0.36031706608103353,-0.36632944701047976
-0.3325337346943439,-0.33814808136940566,-0.34381754729876957,-0.3495469306014014,-0.35534134992482125,-0.36120616903281266
-0.3280460496598234,-0.33350910904923825,-0.33902896457761644,-0.3446106090381461,-0.35025927363239817,-0.35598038908822993
-0.32344209816144,-0.32875725959547186,-0.3341311152314492,-0.3395687694313839,-0.3450755196995544,-0.35065685142316305
-0.31872612166861825,-0.3238969817020976,-0.3291285702179163,-0.334426057203847,-0.33979479421922887,-0.3452403253991063
-0.31390253529098855,-0.3189328112629001,-0.3240259387547104,-0.32918714118858816,-0.3344218281974466,-0.3397355864290281
-0.30897584067968087,-0.3138693221382166,-0.3188278532873935,-0.3238567149345003,-0.3289613586430402,-0.3341474282329441
-0.30395057716575824,-0.30871111123807105,-0.31353897078473925,-0.3184394779457581,-0.3234181407246637,-0.3284807058994259
-0.29883130695596183,-0.3034627998075814,-0.308163954124389,-0.3129401477425787,-0.3177969904859974,-0.3227402906199942
-0.29362261640841536,-0.2981290149554069,-0.30270748405961545,-0.30736350223823594,-0.31210273994417015,-0.316931054720898
-0.2883290977005182,-0.29271440152871353,-0.29717430126606215,-0.3017143351929844,-0.30634022224191315,-0.31105787977935984
-0.2829553606142635,-0.2872236638373731,-0.29156916214284656,-0.29599744148376894,-0.30051427969853495,-0.3051256817742032
-0.27750607394545135,-0.28166152179411685,-0.2858968241970742,-0.2902176250914573,-0.2946297887582846,-0.29913937819432435
-0.27198592197495053,-0.2760326964111637,-0.2801620539688193,-0.284379723851679,-0.28869162736334064,-0.29310387843087704
-0.2663995900748173,-0.27034191766441007,-0.2743696515890638,-0.2784885770861313,-0.2827046654232611,-0.287024082129852
-0.26075177251311654,-0.26459394886298415,-0.26852441866327703,-0.27254901614749005,-0.2766737631808124,-0.2809049074827735
-0.2550471966395035,-0.2587935547791893,-0.26263114889001316,-0.26656586279817485,-0.2706037992751501,-0.2747513042511778
-0.24929059125576236,-0.2529454923390694,-0.2566946264523142,-0.26054395705134226,-0.2644996836615542,-0.26856822465671226
-0.24348667737665164,-0.24705450902614923,-0.2507196536417192,-0.25448816998833246,-0.25836632873563103,-0.26236067724663015
-0.23764016664569476,-0.2411253702935393,-0.2447110635758143,-0.24840337511149235,-0.2522087027656196,-0.25613359122379
-0.23175578854034384,-0.23516287218393095,-0.2386736917743224,-0.24229450135343467,-0.24603169531345614,-0.2498918395528893
-0.2258383028967026,-0.22917181312372648,-0.23261242875522747,-0.23616639956361796,-0.23984014015518607,-0.24364017183988118
-0.2198924719165909,-0.2231570461156951,-0.22653208756191479,-0.23002386524728757,-0.23363874870016843,-0.23738327657589087
-0.21392311196618397,-0.21712334728231675,-0.22043742632489283,-0.22387157251182443,-0.22743217173442298,-0.2311259874722581
-0.20793496311175752,-0.2110754382544321,-0.2143330827229446,-0.21771413532124806,-0.2212252040963154,-0.22487305960038184
-0.20193271133931934,-0.20501792113514217,-0.20822363476023087,-0.21155631055140756,-0.21502256261669694,-0.21862913584061527
-0.19592092400948424,-0.19895533881069083,-0.20211380223893038,-0.20540277768825277,-0.20882885283761987,-0.21239862864659886
-0.18990410971305338,-0.19289237487760547,-0.1960082281744756,-0.19925810581004866,-0.20264845172752832,-0.20618569293057676
-0.18388691668885226,-0.18683363673469966,-0.18991144603509913,-0.19312663723115453,-0.19648548078463168,-0.19999426670117426
-0.17787391755322957,-0.18078362307392437,-0.18382776429245806,-0.1870124608183471,-0.19034384634787205,-0.1938281617325075
-0.171869577036328,-0.17474660931660624,-0.1777612399459222,-0.1809194519826327,-0.18422732953686682,-0.1876911075181783
-0.1658781382831941,-0.16872662134083072,-0.17171571820270048,-0.17485136190710027,-0.17813962985242404,-0.18158668547742396
-0.1599035967795014,-0.16272747485718309,-0.16569492101028038,-0.16881186080223531,-0.17208429991180874,-0.17551849138712172
-0.15394973943003254,-0.1567528632620533,-0.15970248997462255,-0.16280447315791302,-0.1660649065744617,-0.16949005265130246
-0.148020231748757,-0.15080640022660474,-0.1537419221167795,-0.15683273759342253,-0.1600849488768349,-0.1635046253155681
-0.1421186601262846,-0.14489155594620606,-0.14781672847709826,-0.15090012544204512,-0.15414765667923147,-0.1575652958706436
-0.1362484685605665,-0.13901181452797673,-0.1419303533343239,-0.1450098409920798,-0.1482560916506469,-0.1516749376729043
-0.1304131148562817,-0.13317059382956498,-0.13608597600348915,-0.1391649216721519,-0.14241310403976548,-0.14583620914202966
-0.12461599106877197,-0.12737104877744443,-0.13028661024040655,-0.13336819516446763,-0.13662133088710837,-0.14005152877178006
-0.11886022830714194,-0.12161617000887659,-0.12453506168917172,-0.12762227763111944,-0.13088317123677506,-0.13432296772379493
-0.1131487946315457,-0.11590874164583143,-0.11883392612228982,-0.12192954912208309,-0.1252006795940085,-0.12865209260703248
-0.1074844531458845,-0.11025133954861721,-0.11318556504033817,-0.11629204787632064,-0.11957540996901084,-0.12304005470647883
-0.10186976026462002,-0.10464630710271539,-0.10759200079685205,-0.1107113156003583,-0.11400850438807064,-0.1174874585306338
-0.09630704168240045,-0.09909565114816676,-0.1020547630827574,-0.10518848527863811,-0.10850056249819684,-0.11199458135610785
-0.09079828908910348,-0.09360088964162239,-0.09657497605235366,-0.09972415181054128,-0.10305185934612582,-0.10656160482409471
-0.08534500898192632,-0.08816313811398246,-0.09115322996855346,-0.09431858806515658,-0.09766257511228316,-0.10118857300799533
-0.07994830847033296,-0.08278298230024672,-0.08578979557378585,-0.08897197279635449,-0.09233275351562886,-0.09587548834782467
-0.07460876886745582,-0.07746069086597618,-0.08048485022876661,-0.08368434937695579,-0.08706239697655527,-0.09062235428962528
-0.06932665681062877,-0.07219643981135093,-0.07523843696828181,-0.07845572020818947,-0.08185150891339155,-0.08542914971647964
-0.0641021469713603,-0.06699027184103645,-0.07005055817484596,-0.0732860886813207,-0.07670006837904364,-0.08029580194031527
-0.0589352817319273,-0.06184218931927132,-0.06492121721329369,-0.0681754340151014,-0.07160800327000061,-0.0752221532015519
-0.05382606343871987,-0.05675219558507849,-0.059850393464339735,-0.06312368467689078,-0.0665751570953933,-0.07020801311778158
-0.0487744954055539,-0.05172027017734304,-0.05483801595284754,-0.05813068541481592,-0.06160134100387993,-0.06525315899125905
-0.0437805573257809,-0.04674634266537969,-0.04988393063693086,-0.05319624887274155,-0.05668633408866253,-0.06035739821405439
-0.03884417930041517,-0.04183026018895919,-0.044987951620652056,-0.04832015589287064,-0.051829945290775004,-0.05552054468810408
-0.03396520962320959,-0.03697183827815331,-0.04014986145426491,-0.04350221692892198,-0.04703199000876468,-0.05074235874957711
-0.029143465216847964,-0.03217086115127521,-0.03536947206875496,-0.03874224884100119,-0.042292230506190354,-0.04602255574748393
-0.024378731928636044,-0.027427142181989828,-0.03064660175156586,-0.03404001577491467,-0.03761038442124165,-0.041360817841378905
-0.019670824541130227,-0.02274050105165959,-0.025981016486681052,-0.029395237604415314,-0.032986136469563276,-0.03675681851335888
-0.015019564096965476,-0.01811070553940719,-0.02137243833107394,-0.024807601541371516,-0.028419162759127148,-0.03221021975008154
-0.010424720128361376,-0.013537479834309862,-0.016820556934389885,-0.020276786258128565,-0.02390912799491296,-0.027720666127818983
-0.005886018906563817,-0.009020515966714049,-0.012325053473306258,-0.015802459114320988,-0.019455679611530052,-0.02328775331033195
-0.0014031547868634808,-0.004559497558993653,-0.007885597899957464,-0.011384270335949687,-0.015058416524433738,-0.018911061186123512
0.003024186219947822,-0.0001540970950839604,-0.003501843166378471,-0.007021822014005252,-0.010716922000686968,-0.01459015349175019
0.007396329157430381,0.0041960298107717175,0.000826605535256153,-0.002714700714979923,-0.0064307632853009,-0.010324608013463021
0.01171361581148167,0.008491274937823867,0.005100158416276646,0.0015375228898331095,-0.002199521559993145,-0.006114111599392569
0.015976435003707934,0.012732045350667187,0.009319241459330163,0.005735264302776155,0.0019771138087212314,-0.0019582782012018685
0.020185190725666047,0.016918763764231848,0.013484266928457833,0.009878831697933688,0.006099525764556857,0.002143330714786895
0.024340302501100197,0.021051839280077145,0.01759554059592694,0.01396860498711261,0.010168149314479846,0.006191129958964758
0.028442176343154157,0.02513157532488819,0.02165343941262554,0.018005015733167484,0.014183395932952703,0.010185498797315784
0.03249111338786581,0.029158345957958742,0.02565839157793537,0.021988472152764116,0.01814564183588141,0.014126955955301446
0.03648748487065623,0.03313257609394915,0.02961080212700451,0.025919347483168265,0.022055401577109057,0.018016261033076297
0.040431712498393724,0.03705466766097798,0.03351104138819805,0.02979815220430848,0.025913428648042913,0.02185426001733859
0.044324195164935576,0.040924988146617824,0.03735961586291636,0.033625633841920965,0.029720562231910108,0.025641964927479277
0.048165297583594446,0.04474404016689215,0.041157267250903296,0.037402624935107154,0.03347780620938523,0.029380424385724524
0.05195551857601255,0.048512559731958005,0.044904821602699485,0.0411301214164459,0.03718620076961621,0.033070781603383725
0.055695588596013534,0.052231366555713477,0.04860326708888163,0.04480915523952134,0.04084687993014424,0.03671432317194401
0.05938632116925935,0.05590144122846907,0.05225362762029584,0.04844085144343624,0.04446111993561619,0.040312455057997854
0.06302868948332674,0.059523799806640465,0.05585701946782606,0.05202647616833467,0.04803031544576353,0.04386676551223556
0.06662370192415357,0.06309954999818568,0.059414698903698104,0.05556741303190882,0.05155604193847618,0.04737908577805028
0.07017245783731996,0.06662993843845322,0.06292803876210029,0.05906522503840561,0.055040115930186984,0.0508514781659144
0.07367619444699636,0.07011632743060692,0.06639858986569136,0.06252171432222187,0.0584845831461529,0.05428609424637432
0.07713626377196148,0.07356025590092807,0.06982814030357032,0.06593891041184818,0.061891577853870894,0.057685193874131846
0.08055419312073764,0.07696349822206616,0.07321870378668804,0.0693189306769928,0.06526334173416615,0.061051005016987236
0.0839317434707687,0.08032805265777498,0.07657238118260579,0.07266399905026133,0.06860208483739871,0.0643854756101041
0.08727089800038978,0.08365600395983863,0.07989137909126165,0.07597630808422418,0.07190973943332946,0.06769022210551334
0.09057372572304567,0.0869495418013444,0.08317787297712576,0.07925777475014484,0.07518790897439254,0.07096663148975946
0.09384239978140618,0.0902108249587521,0.08643376487116017,0.08250998980532898,0.0784379692929098,0.0742159434896641
0.09707906265475974,0.09344174087252455,0.08966063313278205,0.0857343181891228,0.08166115014575137,0.07743923340673686
0.10028558753478456,0.09664385579446799,0.0928598320634082,0.08893197992195478,0.08485851818679224,0.08063725766674557
0.10346352884924026,0.09981851363713856,0.09603257217499173,0.09210403321260507,0.08803082375858251,0.08381067747268478
0.10661422036513435,0.10296691562664018,0.09917990342894911,0.09525122246288231,0.09117872274668559,0.08696017740195883
0.10973885424019825,0.10609010367012428,0.10230256442544428,0.09837419836546135,0.09430289422309657,0.09008647174193785
0.11283846451595281,0.1091888107019452,0.1054012007858467,0.10147363461587133,0.0974040467308468,0.093190330586161
0.11591377859363816,0.11226367739090448,0.1084764809551042,0.10455023414734521,0.10048294417034054,0.09627253383007006
0.11896543230547829,0.11531536705430168,0.11152910238799785,0.10760475481220477,0.1035403601650573,0.09933385653544091
0.12199408396121658,0.11834457179673508,0.1145598170303741,0.1106379641088644,0.10657706354368335,0.10237508615661395
0.12500042044057125,0.12135203779586679,0.11756938639899439,0.11365062477890797,0.1095938354278072,0.10539696390654507
0.1279851822881135,0.12433852072685525,0.12055856729086178,0.11664351175949483,0.11259141106950987,0.10840016761033433
0.13094911947421095,0.12730477158130626,0.12352812860350726,0.11961735448144184,0.11557046284278383,0.11138536212640737
0.13389297732103644,0.13025155335852934,0.12647879408278095,0.12257281999530667,0.1185316502592264,0.11435321243100227
0.1368175130678171,0.13317958425251342,0.12941122558044782,0.12551056259108884,0.12147563294730035,0.1173043824720259
0.1397234394867064,0.13608952103795136,0.13232607228716664,0.12843123667472733,0.12440306951540658,0.12023953560948497
0.1426114083942327,0.1389820079255537,0.1352239835086313,0.13133549564017555,0.12731461798877364,0.12315934741762069
0.1454820591377901,0.14185768924018394,0.13810560754643797,0.13422399230283188,0.13021094850863735,0.12606448826178518
0.14833603117806438,0.14471720831030965,0.14097159212813692,0.13709739149817546,0.13309272604923472,0.1289555899225805
0.1511739629868678,0.14756120789475657,0.14382259690767762,0.13995635293559472,0.13596057731035316,0.13183324415075526
0.15399649247067027,0.15039034258726192,0.1466592764528707,0.14280149835306277,0.1388150892838489,0.13469813588434776
0.15680426928150903,0.15320526193443973,0.14948224765604845,0.14563341009500252,0.14165694139945084,0.1375509035886593
0.15959793806239975,0.15600657809643548,0.15229208832301588,0.1484527622118459,0.14448676698788643,0.14039211401444263
0.16237810635213012,0.1587948644466992,0.15508946725085648,0.15126018302000555,0.1473051282420681,0.14322233742071955
0.16514534319560314,0.1615707846519654,0.1578750078590727,0.15405623026130355,0.15011259083496253,0.14604223529988558
0.16790030724935878,0.164334957349479,0.16064926354261333,0.15684146513006447,0.15290981093920708,0.14885262519490206
0.1706436124803865,0.16708793168909009,0.1634127911220209,0.15961653860376201,0.1556975995230372,0.1516543016712697
0.1733758038928599,0.16983026021996617,0.1661662365012464,0.1623822552298957,0.15847674476201368,0.15444811252843094
0.17609742986460764,0.17256258389132095,0.16891039795738516,0.16513939694374735,0.1612480876375293,0.15723514725720555
0.17880912650614933,0.175285694856659,0.1716460513315492,0.16788879806834744,0.16401270887865804,0.1600165279234349
0.18151167999081408,0.17800036300560684,0.1743740244443044,0.17063153077623694,0.1667717215275255,0.1627931348065048
0.18420585439612958,0.18070740980850997,0.17709538111199863,0.17336869929717347,0.1695259987842621,0.16556562961010357
0.1868924649909458,0.1834078909211705,0.17981121695835234,0.17610116991783742,0.17227619703109842,0.16833424392770158
0.1895725594616411,0.186102893562768,0.1825223915184664,0.17882959382363728,0.17502254599901734,0.17109874873969133
0.19224721681969204,0.18879327067490048,0.1852295509026043,0.1815541989266911,0.17776481851019987,0.17385861682682346
0.19491728356761584,0.19147966341151323,0.187932921246605,0.18427475984783026,0.18050249158532283,0.17661311891191556
0.19758339601911867,0.19416229617375458,0.19063227892783807,0.1869907577483536,0.18323484181209104,0.17936144357341632
0.2002457768812851,0.1968409470544057,0.19332710915127604,0.18970147494349,0.1859610642944507,0.18210272975657138
0.2029042059221322,0.19951510520743732,0.19601669982556902,0.19240611290984622,0.1886803049022976,0.18483606417523024
0.2055581761521421,0.20218406400395916,0.19870025865077667,0.19510382427978334,0.19139165769417854,0.1875603618561792
0.20820698627695156,0.2048470372217721,0.20137694486339042,0.1977937102845233,0.19409404642229489,0.19027438353798232
0.2108498560097598,0.20750319054687338,0.2040458666993683,0.2004747031973213,0.19678624179141946,0.19297693505354485
0.2134859573350194,0.2101516390559519,0.20670596475350855,0.20314558345573674,0.19946705923801566,0.19566689127376846
0.2161144120099383,0.21279133147051388,0.20935602896827654,0.2058051758748627,0.20213538268133546,0.19834324572067907
0.2187341766924007,0.21542106701538932,0.21199489331780574,0.20845237321037668,0.20479021373755701,0.20100512352064337
0.22134405967220339,0.21803968860930723,0.21462145918730569,0.21108618498303255,0.20743068456882852,0.20365182036467133
0.22394291260318666,0.22064610606496293,0.21723474381702967,0.21370575022597316,0.21005609653025226,0.20628275327519185
0.22652965352815646,0.2232393441613698,0.21983389295023925,0.2163103758257321,0.21266587133259462,0.20889743294480523
0.22910331458832567,0.22581855519480176,0.2224182188753876,0.21889948807160642,0.21525952360349354,0.21149548766598314
0.23166305447950641,0.22838305672915427,0.22498715235310174,0.22147260543410696,0.21783668462471306,0.21407660967065212
0.23420819591748399,0.2309322838916954,0.22754021560678983,0.22402936211427749,0.22039704910326763,0.21664052346229368
0.23673817829389887,0.23346576257086227,0.2300770456884229,0.2265694552362496,0.22294034375819693,0.2191871827638907
0.23925253107638156,0.23598313260280435,0.2325973420826577,0.22909261368273093,0.2254665226846464,0.22171667214348312
0.24175089682005302,0.23848409577743457,0.23510083578520824,0.23159879191231192,0.22797566977055483,0.2242289769167498
0.24423297956609202,0.24096838515400143,0.23758748160960153,0.23408807314875957,0.23046777044969335,0.2267239775852401
0.24669851438895352,0.24343595589265798,0.2400573621309834,0.23656044294117162,0.23294270618462454,0.2292015260071807
0.249147456787298,0.24588688993511543,0.24251046301107726,0.23901578369061482,0.23540033002493943,0.23166141062558032
0.2515798880842375,0.24832117305308588,0.2449466675674814,0.241453949610142,0.2378404321149996,0.23410319820667236
0.25399579415889684,0.2507386894592396,0.24736583114946797,0.2438747325056192,0.24026258270512857,0.23652627739871668
0.25639506009805557,0.2531392956124663,0.24976774718550665,0.246277706029858,0.24266617536011048,0.23892996943475486
0.258777543444233,0.2555227865258476,0.2521519926512312,0.2486622685490154,0.24505053677166888,0.2413135961201145
0.26114304075801065,0.2578887424200418,0.2545179706017535,0.25102775208564654,0.2474149941992101,0.24367644082797346
0.26349113542907165,0.26023657092933106,0.25686501826564534,0.25337348922549485,0.24975883677906463,0.24601776860913982
0.2658212395636226,0.26256561436641346,0.2591924734302782,0.2556987747330628,0.25208133547254263,0.24833688782825702
0.26813270043941606,0.2648752155985006,0.26149963635654894,0.25800288534173066,0.2543818042064576,0.2506330787467932
0.27042486588453163,0.26716468025419515,0.26378578941476216,0.2602851404102078,0.25665952903045475,0.2529055754826932
0.27269704676956463,0.26943329620874645,0.2660502572683425,0.26254483164074993,0.25891375022174445,0.2551533923296416
0.2749485363457811,0.27168039330609317,0.2682923371398067,0.2647812053255747,0.2611434900011167,0.2573753287040834
0.2771786695163039,0.2739052741597654,0.27051128119554657,0.2669932914269133,0.26334755744017535,0.25957006658797677
0.27938675415941705,0.2761071966727935,0.27270612695797714,0.2691799084453921,0.26552464512045315,0.2617359896340161
0.28157205378043626,0.278285205750769,0.27487570213597934,0.2713397593138618,0.26767314969339884,0.26387117725186937
0.2837336204952112,0.2804381380952292,0.27701871977135717,0.27347125337807654,0.2697911660141741,0.26597352004862596
0.28587029978732637,0.2825647166202485,0.2791336016069499,0.27557250057693783,0.27187660165372307,0.26804076852083325
0.2879808242119124,0.2846633751754928,0.28121847231223107,0.27764142504792755,0.2739272251992242,0.2700705709567406
0.2900636394419165,0.2867322528161149,0.28327127220333526,0.27967581304514866,0.27594070385152336,0.27206051436067646
0.2921168985812532,0.2887693056581062,0.28528980478764043,0.2816733502390838,0.2779146440203939,0.27400811624817667
0.294138573175732,0.29077235405816215,0.287271773772823,0.28363166199044954,0.2798465831856487,0.2759108399714578
0.29612650003674834,0.2927391193388409,0.28921482302682944,0.28554830527574593,0.28173400509936664,0.27776617396170833
0.29807841768919574,0.294667263442002,0.2911165285663555,0.2874207837691214,0.2835744183909119,0.2795716421377119
0.2999920057255492,0.29655438097874276,0.29297441352116804,0.2892466258250457,0.2853653668918499,0.2813247747438288
0.30186487691581965,0.2983980140789271,0.294786025509006,0.29102339472148353,0.2871044007084529,0.2830230912944498
0.3036945919449785,0.30019572917254234,0.2965489467989164,0.29274865996142485,0.2887890593033142,0.2846641068681304
0.30547873561467354,0.30194512707507615,0.29826076583645866,0.29441998048845197,0.2904168777388654,0.2862452505752766
0.30721492685246665,0.3036438147311462,0.29991906059008033,0.29603491088082223,0.29198530580074844,0.28776386807241394
0.30890079066877996,0.30528938868862876,0.3015214046969257,0.2975909211151726,0.29349171049186684,0.28921726226064104
0.31053394175578175,0.306879441197323,0.30306528785187914,0.299085399040822,0.2949334164035373,0.29060272893092853
0.3121119905400105,0.3084114812086891,0.304548118262582,0.3005156904312918,0.2963077410741297,0.2919175638742484
0.3136324647785069,0.30988293681203505,0.3059672623888048,0.30187913406299693,0.29761200204201455,0.29315906086172916
0.315092811976609,0.31129119466904553,0.30732007974774467,0.3031730687123526,0.2988435148419628,0.29432450558512735
0.3164904385247793,0.31263363455208837,0.3086039298565999,0.30439483116803845,0.2999995869943486,0.2954111847618339
0.3178227439761734,0.31390763623353224,0.3098161702603244,0.3055417502677895,0.30107752703693147,0.29641639729114755
0.3190871278839469,0.3151105775286307,0.31095415061489384,0.30661115585867216,0.3020746555914118,0.29733744511784455
0.32028098785891546,0.31623982842417653,0.3120152215777503,0.3076003897760198,0.3029882963004751,0.29817162339154457
0.3214017137425338,0.31729275990074557,0.31299674570116864,0.30850679685223237,0.3038157660662977,0.29891620008124753
0.32244669636253565,0.31826675474250177,0.31389608851113393,0.3093277152325691,0.3045543548290246,0.29956843636079844
0.32341333826113594,0.3191591986845066,0.3147106088986056,0.3100604563137246,0.3052013457882916,0.30012559340404077
0.3242990449091696,0.3199674708776947,0.3154376392144511,0.31070232480525295,0.3057540221437347,0.30058493238482
0.3251012152430499,0.3206889241364972,0.3160745051745133,0.31125062541670756,0.30620966709499053,0.3009437144769802
0.32581722206150765,0.32132090469121866,0.3166185324946349,0.3117026628576425,0.30656556384169464,0.3011992008543656
0.32644443162885306,0.3218607587721629,0.3170670468906591,0.31205574183761087,0.30681899558348347,0.30134865566176927
0.3269802102093946,0.32230583260963486,0.31741737407842896,0.31230716706616657,0.3069672484670487,0.3013893549277771
0.32742192406744297,0.32265347243393827,0.31766683977378807,0.31245424617658646,0.3070076204273051,0.3013185809623975
0.32776693946730684,0.32290102447537783,0.31781277259351515,0.31249429849703825,0.3069374156300748,0.30113362931753307
0.328012622673296,0.3230458378429415,0.3178525127581342,0.312424649537264,0.3067539513765818,0.300831803605101
0.3281563428066716,0.3230852731603482,0.31778340662156657,0.31224263783841066,0.3064545529632452,0.300410426435175
0.3281954804164986,0.32301669713766623,0.31760281346757524,0.3119456098735194,0.30603656453185746,0.29986682886068894
0.32812742209224255,0.32283748931561984,0.31730810044999846,0.3115309308117977,0.30549733859917194,0.2991983567078569
0.3279495671571644,0.322545037044637,0.31689665327312877,0.3109959741311079,0.3048342423364159,0.2984023594962124
0.32765932268527065,0.3221367460833,0.316365865885158,0.31033812784776016,0.3040446465784328,0.29747618674528997
0.327254114019754,0.32161003037085045,0.3157131466594174,0.3095547836126755,0.3031259221600684,0.29641718797462313
0.3267313746227085,0.32096231816101506,0.31493590757552314,0.3086433330767764,0.3020754399161669,0.2952227127037461
0.3260885521626502,0.3201910412861404,0.31403156061309123,0.30760116789098424,0.3008905706815732,0.29389011045219293
0.32532309785969815,0.31929363157857393,0.31299751775173745,0.30642567970622125,0.2995686852911319,0.2924167307394976
0.32443246293397277,0.3182675208706627,0.3118311909710787,0.3051142601734087,0.2981071545796876,0.2907999274448454
0.323414098605594,0.3171101409947539,0.3105299922507301,0.3036643009434685,0.29650335370667613,0.2890370718860251
0.3222654560946816,0.3158189237831943,0.30909133357030805,0.30207319795767407,0.29475467512989373,0.28712553974047816
0.32098398662135597,0.314391301068331,0.30751263116634253,0.3003383643187023,0.2928585156317296,0.28506270668564415
0.3195671414057364,0.3128247089067704,0.3057913183030163,0.2984572174195823,0.2908122719945705,0.2828459483989645
0.31801237586031217,0.3111166002521517,0.3039248325014263,0.29642717465334223,0.2886133410008054,0.2804726405578788
0.3163171621670453,0.30926443228237455,0.3019106112826684,0.29424565341301157,0.286259119432821,0.27794015883982826
0.31447897670026803,0.3072656621753367,0.29974609216784076,0.29191007109161804,0.2837470040730061,0.27524587892225294
0.312495295834311,0.3051177471089379,0.29742871267803817,0.2894178450821907,0.2810743917037477,0.2723871764825938
0.31036359594350627,0.3028181442610758,0.29495591033435864,0.28676639277775795,0.2782386791074347,0.2693614271982909
0.308081353402184,0.3003643108096494,0.2923251226578978,0.2839531315713488,0.27523726306645435,0.2661660067467848
0.3056460445846765,0.2977537039325575,0.2895337871697532,0.2809754788559917,0.27206754036319447,0.2627982908055164
0.30305514586531457,0.2949837808076994,0.2865793413910209,0.277830852024715,0.2687269077800434,0.2592556550519258
0.3003061336184303,0.29205199861297304,0.28345922284279745,0.274516668470548,0.2652127620993885,0.25553547516345376
0.2973964842183543,0.2889558145262767,0.28017086904618016,0.2710303455865186,0.2615225001036181,0.25163512681754074
0.2943236740394173,0.28569268572551043,0.27671171752226487,0.2673693007656559,0.25765351857511987,0.24755198569162706
0.29108517945595236,0.28226006938857173,0.2730792057921485,0.2635309514009885,0.2536032142962814,0.24328342746315323
0.28767847684228953,0.27865542269335997,0.269270771376928,0.25951271488554495,0.24936898404949082,0.23882682780956022
0.28410104257276014,0.27487620281777336,0.2652838517976994,0.2553120086123537,0.2449482246171364,0.2341795624082883
0.2803503530216964,0.27091986693971104,0.2611158845755597,0.25092624997444357,0.24033833278160555,0.22933900693677778
0.27642388456342903,0.26678387223707145,0.2567643072316055,0.2463528563648436,0.23553670532528637,0.22430253707246917
0.2723191135722891,0.26246567588775305,0.25222655728693333,0.24158924517658176,0.2305407390305665,0.21906752849280342
0.2680335164226082,0.25796273506965517,0.24750007226263993,0.23663283380268685,0.22534783067983422,0.2136313568752204
0.2635645694887181,0.25327250696067627,0.24258228967982198,0.2314810396361877,0.21995537705547652,0.2079913978971608
0.2589097491449497,0.2483924487387148,0.2374706470595762,0.22613128007011296,0.21436077493988215,0.20214502723606587
0.2540665317656341,0.24332001758166943,0.23216258192299866,0.22058097249749098,0.20856142111543918,0.19608962056937518
0.2490323937251031,0.2380526706674393,0.22665553179118625,0.21482753431135082,0.2025547123645346,0.18982255357452948
0.24380481139768784,0.23258786517392238,0.22094693418523614,0.20886838290472087,0.1963380454695567,0.18334120192896952
0.2383812611577194,0.22692305827901826,0.21503422662624438,0.2027009356706293,0.18990881721289377,0.17664294131013558
0.2327592193795298,0.22105570716062517,0.20891484663530746,0.19632261000210582,0.1832644243769328,0.16972514739546862
0.22693616243744974,0.21498326899664155,0.20258623173352275,0.18973082329217816,0.17640226374406276,0.1625851958624085
0.22090956670581052,0.20870320096496653,0.19604581944198585,0.18292299293387537,0.16931973209667062,0.15522046238839615
0.21467690855894417,0.20221296024349855,0.18929104728179458,0.17589653632022584,0.16201422621714467,0.14762832265087167
0.20823566437118113,0.19551000401013652,0.18231935277404476,0.1686488708442586,0.15448314288787257,0.13980615232727622
0.2015833105168534,0.1885917894427791,0.1751281734398331,0.16117741389900164,0.1467238788912426,0.13175132709504989
0.1947173233702919,0.18145577371932475,0.16771494680025612,0.15347958287748442,0.13873383100964243,0.12346122263163295
0.18763517930582818,0.17409941401767215,0.16007711037641115,0.14555279517273512,0.13051039602545966,0.1149332146144666
0.18033435469779313,0.1665201675157204,0.15221210168939425,0.13739446817778211,0.1220509707210824,0.10616467872099067
0.17281232592051898,0.1587154913913682,0.1441173582603017,0.12900201928565447,0.11335295187889849,0.09715299062864591
0.1650665693483364,0.15068284282251354,0.13579031761023086,0.12037286588938056,0.1044137362812958,0.08789552601487305
0.15709456135557676,0.14241967898705576,0.127228417260278,0.11150442538198924,0.09523072071066241,0.07838966055711238
0.14889377831657158,0.1339234570628931,0.11842909473153984,0.10239411515650909,0.08580130194938596,0.06863276993280465
0.14046169660565178,0.12519163422792468,0.10938978754511286,0.09303935260596874,0.07612287677985452,0.058622229819389915
0.13179579259714913,0.11622166766004938,0.10010793322209399,0.08343755512339679,0.06619284198445574,0.04835541589430914
0.12289354266539498,0.10701101453716522,0.0905809692835795,0.07358614010182163,0.0560085943455777,0.03782970383500239
0.11375242318472045,0.09755713203717131,0.08080633325066633,0.06348252493427253,0.045567530645608034,0.027042469318910634
0.1043699105294571,0.08785747733796612,0.07078146264445095,0.053124127013777445,0.03486704766693505,0.015991088023474376
0.09474348107393582,0.07790950761744875,0.06050379498602987,0.04250836373336564,0.0239045421919466,0.004672935626133468
0.0848706111924884,0.06771068005351744,0.049970767796500004,0.03163265248606528,0.01267741100302966,-0.006914612195671022
0.07474877725944573,0.05725845182407152,0.03917981859695807,0.02049441066490476,0.001183050882572978,-0.018774179764498355
0.06437545564913982,0.04655028010700901,0.028128384908499893,0.00909105566291335,-0.010581141387035586,-0.030908391402908575
0.05374812273590135,0.03558362208022858,0.016813904252222844,-0.00257999512688023,-0.022617769023408396,-0.04331987143346083
0.04286425489406165,0.02435593492162913,0.005233814149223859,-0.014521324311448036,-0.03492943524415748,-0.05601124417871495
0.031721328497952284,0.012864675809109993,-0.006614447879401353,-0.026735514497760904,-0.04751874326689509,-0.06898513396122996
0.02031681992190504,0.0011073019205687373,-0.018733444312555636,-0.039225148292790446,-0.06038829630923315,-0.0822441651035658
0.008648205540250586,-0.010918729566095076,-0.031125737629142503,-0.05199280830350794,-0.07354069758878401,-0.09579096192828163
-0.003287038272679732,-0.023215961472983104,-0.04379389030806513,-0.06504107713688478,-0.0869785503231596,-0.10962814875793725
-0.015491435142554244,-0.035786936622196674,-0.056740464828227255,-0.07837253739989225,-0.10070445772997227,-0.12375834991509194
-0.02796750869504183,-0.04863419783583711,-0.06996802366853183,-0.09198977169950184,-0.11472102302683396,-0.13818418972230484
-0.040717782555811266,-0.06176028793600552,-0.0834791293078826,-0.10589536264268484,-0.12903084943135645,-0.15290829250213567
-0.053744780350530874,-0.07516774974480345,-0.09727634422518283,-0.12009189283641253,-0.14363654016115213,-0.1679332825771448
