X1,X2,X3,X4,X5,X6,Y
-1.0,-1.0,-1.0,-1.0,-1.0,-1.0,-0.9354399345157959
-0.8818772659824934,-0.8797026972571084,-0.8774860848382395,-0.8752323942255218,-0.8729482302972134,-0.8706422011450277,-0.8080157670247854
-0.7686848863870628,-0.7645578288665635,-0.7603613629981565,-0.7561065970803487,-0.7518080000769316,-0.7474841423990246,-0.6868893769570761
-0.6603406313277065,-0.6544780010874172,-0.6485328497554937,-0.6425235551038437,-0.6364736659893484,-0.6304130140771337,-0.5719440456957048
-0.5567622686572847,-0.5493758221011744,-0.541907559363251,-0.5343842153801113,-0.5268395846846565,-0.5193160052537058,-0.4630630565493663
-0.4578675680375681,-0.44916389912811383,-0.44039250658579954,-0.43158952499325487,-0.42280011165108,-0.41408030686428,-0.3601296909010975
-0.3635742982258724,-0.35375483986912726,-0.3438947061875106,-0.3340404299378972,-0.32424960411979675,-0.31459310798320717,-0.263027232059593
-0.2738002284317407,-0.26306125202510644,-0.25232117191001224,-0.24163787784288293,-0.23108241757903059,-0.220741599546026,-0.17163896204977547
-0.1884631278647162,-0.17699574233571647,-0.1655789190290473,-0.15428281470283456,-0.14319290925995942,-0.13241297124748364,-0.08584816353845393
-0.10748076482988667,-0.0954709189824624,-0.08357496128624398,-0.07187618814659669,-0.060475435231791774,-0.04949441340272276,-0.0055381185505510855
-0.030770908989022905,-0.01839938870500968,-0.006216313957345121,0.005681055286467451,0.01717564785527914,0.028126884293509402,0.06940789088901034
0.04174867135278704,0.05430624031513642,0.06659000870464982,0.07848796851225393,0.08986598393204481,0.10056373214646608,0.13910658211342142
0.1101602065337719,0.12273336085769815,0.13493699193536934,0.14664360499139928,0.15770121692929662,0.16792893984100443,0.2036746718139879
0.17454592779661726,0.1869693652217832,0.19891762148181424,0.21024701818454083,0.22078699019684156,0.23033531644158556,0.2632288792495583
0.23498806593177912,0.24710164618711317,0.2586248830909841,0.2693972610075741,0.2792289465035014,0.2878956734942546,0.31788592111143843
0.2915688521819424,0.3032175965334094,0.31415176199850814,0.3241933858316546,0.33313273094203755,0.3407228200634722,0.3677625147328192
0.3443705177897909,0.3554046085597802,0.3655912429286434,0.37473444720690097,0.38260398628127135,0.3889295658340961,0.41297537873066403
0.3934752935457819,0.40375007408472086,0.4130363126511334,0.42111949750446787,0.42774835587101023,0.432628721731775,0.4536412297962782
0.438965409788145,0.4483413868491788,0.45657995589023503,0.4634475896402517,0.4686714842230302,0.47193309682097007,0.4898767859047384
0.48092309866401917,0.48926593867164936,0.4963151578815779,0.50181777761963,0.5054790141061531,0.5069555014069342,0.5217987650311224
0.5194305905116341,0.5266111218512406,0.5323349048835329,0.536329113813758,0.5382765894511703,0.537808745794921,0.5495238845086217
0.5545701161214465,0.5604643296482876,0.5647321816203577,0.5670806516832723,0.5671698541888739,0.5646056396697872,0.5731688616704265
0.5864239071883683,0.5909129538812847,0.5935999738390525,0.5941714446888102,0.5922644516690705,0.5874589927163898,0.5928504144916151
0.6150741940506288,0.6180443873299539,0.6190312672866176,0.6177005457462674,0.6136660252415662,0.6064816152399821,0.6086852609472644
0.6406032079509127,0.6419460227740166,0.6411190471986818,0.63776700777154,0.6314802188371533,0.6217863175458171,0.620790117728679
0.6630931801319042,0.662705252512581,0.6599562988108738,0.6544698842252648,0.645812676386623,0.6334859086983557,0.6292817034528231
0.6826263413840603,0.6804094688447551,0.6756360078701942,0.6679082285680786,0.6567690406587972,0.6416931996232476,0.6342767348110017
0.6992849224978375,0.6951460645502607,0.6882511601236432,0.6781810931711367,0.6644549561654522,0.6465209993849534,0.6358919304201771
0.7131511547159206,0.7070024324088189,0.6978947402954776,0.6853875320398166,0.6689760656754105,0.6480821189091219,0.6342440069716557
0.7243072692809938,0.7160659642389253,0.7046597346440697,0.689626597545274,0.6704380137004473,0.6464893672602148,0.6294496830824001
0.7328354965312867,0.7224240533009141,0.7086391278936766,0.6909973436928856,0.6689464430093857,0.6418555553638807,0.6216256754437159
0.7388180681617109,0.7261640914132803,0.7099259063026699,0.6895988228538075,0.664606998114001,0.6342934922845813,0.6108887020306801
0.7423372145104961,0.7273734718363589,0.7086130545953069,0.6855300890334166,0.6575253217831161,0.6239159883275693,0.597355480176484
0.7434751672725539,0.7261395863886446,0.7047935590299599,0.6788901946028689,0.6478070579475221,0.6108358531777016,0.5811427284980908
0.742314156786114,0.7225498283304721,0.6985604043308857,0.6697781930228008,0.6355578499570256,0.5951658977606276,0.5623671636868057
0.7389364147460877,0.7166915894803367,0.6900065762450847,0.6582931372091081,0.6208833423234033,0.5770189311408083,0.5411455037177062
0.7334241714907053,0.7086522626179599,0.6792250600081855,0.6445340811671689,0.6038891778154767,0.556507763623497,0.5175944659239831
0.7258596582626504,0.6985192400424498,0.6663088418785601,0.6286000772681382,0.5846810003640375,0.53374520489355,0.4918307682807137
0.7163251058523805,0.686379915014141,0.6513509065804661,0.6105901789726527,0.5633644533188924,0.5088440652562214,0.46397165575134713
0.7049027459548072,0.6723216793515283,0.6344442398609031,0.5906034391966086,0.5400451806108331,0.4819176643617813,0.43413552997782867
0.6916748089081595,0.6564319258343334,0.6156818269555002,0.5687389114006425,0.5148293031590758,0.45308043981387613,0.40243761269906697
0.6767235259551225,0.638798046761665,0.5951566536112576,0.5450960962774645,0.48782398881723466,0.42244375577496274,0.3689925408958632
0.6601311278861528,0.6195074349132439,0.5729621254111728,0.5197754761424327,0.4591335272408057,0.39011841122685076,0.333915043980596
0.6419798459439348,0.5986478776522195,0.549192569429674,0.4928748346657317,0.42886167880823867,0.3562152944883561,0.2973206896687062
0.6223522826499437,0.5763080284067061,0.5239397794068099,0.4644914592588143,0.397112287559777,0.32084610411531567,0.25932924296791415
0.6013318554396399,0.5525741596470835,0.49729508322319593,0.43472271577578625,0.3639899563016613,0.2841265954322245,0.22006504296527685
0.5789997414133667,0.5275321060051157,0.4693498823969442,0.40366668150204266,0.3296030868989719,0.24617694470462048,0.1796551651076923
0.5554367056922003,0.5012677713208673,0.44019624629733767,0.3714249957820801,0.2940642213136402,0.2071199729456772,0.13822945008676446
0.5307235785179791,0.47386768711522587,0.40992958815185854,0.3381031797822598,0.2574883782452999,0.1670811738340212,0.09592181585370407
0.5049417807416778,0.4454215276387181,0.37864896522125724,0.3038090768983295,0.21999307927559886,0.12618998180290797,0.05286793014084368
0.4781756903300014,0.41602239199145097,0.34645561474296205,0.2686528772687522,0.1816995364008902,0.08457752248476291,0.009206543658772048
0.45051290782293774,0.38576542812755377,0.31345297694279894,0.23274823122459343,0.14273054538177288,0.042377901273423335,-0.034919097112671604
0.4220429616063768,0.3547478544827707,0.27974774027832394,0.19621027405992764,0.10321169244827755,-0.0002704311845294072,-0.07935996486870855
0.3928573282623491,0.32306994234781916,0.24544798720578576,0.1591567574581647,0.0632726330471527,-0.04322343695721753,-0.12396294990986734
0.3630503569220711,0.2908332731649679,0.21066425629871977,0.12170924846622144,0.0230482549732014,-0.0863331323949661,-0.1685755298623277
0.332717629488968,0.2581417367616292,0.1755106677766054,0.08399422006529766,-0.01732285891619012,-0.12945210151033026,-0.21304590575774462
0.3019568999152269,0.2251025891799867,0.14010594727059855,0.04614160978712012,-0.05770265736462077,-0.1724336275020223,-0.25722333453017365
0.27086908955456024,0.1918274148645991,0.10457207273455715,0.008280856725722652,-0.09795374388542744,-0.21513201411997696,-0.30095898208250993
0.239559192521694,0.15843085495990272,0.06903055421742188,-0.02945921394757267,-0.13793967771174964,-0.2574034101714765,-0.34410538346039754
0.2081350790983587,0.12502711084926643,0.03360232545246,-0.06695067315981151,-0.177525745925174,-0.29910528776821566,-0.3865148220901845
0.1767042057781072,0.09172984226499614,-0.001592521033169203,-0.10406721189672874,-0.21657847484761583,-0.3400948758267037,-0.4280402656486504
0.1453735193940815,0.05865191833070238,-0.03643541353113011,-0.1406836830758641,-0.25496416305499425,-0.3802300646054585,-0.46854007108707896
0.11424922286515882,0.02590477882637421,-0.07080887108848355,-0.17667472607642254,-0.29254972845290095,-0.4193739532068069,-0.5078737982510397
0.08343617418558247,-0.00640116161593085,-0.10459521229466529,-0.21191556097114073,-0.32920696689432427,-0.4573908033549555,-0.5459074329064282
0.053038266748303364,-0.038155299963785194,-0.13767730086112284,-0.24628598147524383,-0.36480876299754894,-0.4941510875572659,-0.5825170942727608
0.02315957121945833,-0.0692475455184196,-0.16994229397436922,-0.27966680214793316,-0.3992338176185187,-0.5295350725108592,-0.61758180995483
-0.006096323809347548,-0.09957184280939524,-0.20127830713109662,-0.311944290947046,-0.43237000361836675,-0.5634258359265891,-0.6509830043595961
-0.034629626648738365,-0.12902303703538764,-0.23157857516802494,-0.34301331565104465,-0.46410782629982317,-0.5957087720735257,-0.6826093019288109
-0.062341393083703345,-0.15750078481370133,-0.2607444059436512,-0.3727712122582708,-0.49433996036242456,-0.6262762342013257,-0.7123561407236717
-0.08913720614889942,-0.1849123302020459,-0.2886794243407125,-0.4011173508286504,-0.5229655974108948,-0.6550271610619138,-0.740125130538863
-0.11492978819478583,-0.21116709491648744,-0.31528916470310453,-0.4279572117779671,-0.5498900962023662,-0.6818664565136008,-0.7658277739154554
-0.13963391061469932,-0.23617629528273731,-0.3404848974287722,-0.4532020579439937,-0.5750244016616968,-0.7067085859560023,-0.7893872403136943
-0.16316603341952252,-0.25985653866464065,-0.3641833211240706,-0.4767683898458418,-0.598288412849677,-0.7294792911042505,-0.810732438296176
-0.1854476892561907,-0.2821295341350377,-0.38630605123227024,-0.49858110354550444,-0.6196125888046924,-0.7501098606330411,-0.8297942521504761
-0.2064052111667264,-0.3029216118625747,-0.40678258445410886,-0.5185749963110096,-0.6389325831491784,-0.7685334927955889,-0.8465051971963897
-0.22596928036072284,-0.32216650922635703,-0.42555171217860055,-0.5366897359365266,-0.6561858377764238,-0.7846849622710402,-0.8607992888411958
-0.24407754777825696,-0.3398066992308022,-0.44255679796728864,-0.5528666669279424,-0.6713112708617968,-0.7985004936037128,-0.8726133571621
-0.26067588404674547,-0.355788952042845,-0.45774277938317454,-0.5670485179771334,-0.6842491583418693,-0.8099190317738592,-0.8818904091048826
-0.2757142031598294,-0.37006151715681346,-0.47105589338422693,-0.5791792908348717,-0.6949423237710476,-0.8188854918312853,-0.8885788023766703
-0.2891438110674456,-0.38257386530514825,-0.48244357200359544,-0.5892053759396756,-0.703339181519341,-0.8253499604458543,-0.8926316253841015
-0.3009171628296502,-0.3932765904133103,-0.49185548963843206,-0.5970784057693274,-0.7093929890450754,-0.8292670966050648,-0.8940085163381305
-0.3109877703622054,-0.40212239389559234,-0.49924624161377584,-0.602754553759659,-0.7130612856636889,-0.8305978898159769,-0.8926856657629139
-0.31931112859853306,-0.40906860210699836,-0.5045746860474409,-0.606194008085085,-0.7143075390583236,-0.82931932773421,-0.8886684013119036
-0.3258470842574459,-0.4140765477940709,-0.5078034498651529,-0.6073625154536011,-0.7131101987641384,-0.8254365596455691,-0.8819715608209073
-0.33055925382633433,-0.4171111058225504,-0.5089003780273629,-0.6062398698003173,-0.7094740869540009,-0.8189639266212181,-0.8726115239358037
-0.3334145867093846,-0.41814205523515224,-0.5078465022312406,-0.6028305924726195,-0.7034126336698403,-0.8099172599232255,-0.8606048436116802
-0.3343846468403612,-0.41715156864687974,-0.5046460668601871,-0.5971472756953481,-0.6949406644787933,-0.7983125583205473,-0.8459687236759861
-0.33345265974399596,-0.41414363514719654,-0.4993108927776597,-0.5892038201603822,-0.6840731618138616,-0.7841664496635616,-0.8287242507243306
-0.3306223789086754,-0.40912936459056504,-0.49185402916144483,-0.5790142736395762,-0.670825697226515,-0.7674993145773257,-0.8088960288873741
-0.32590425802567036,-0.40212102126432636,-0.48228866325963227,-0.5665932362718022,-0.6552173566445698,-0.7483349334563193,-0.7865104826843533
-0.319309837036746,-0.39313099922138217,-0.4706285008510065,-0.551958603332118,-0.6372704097919046,-0.7266988461377382,-0.7615973237324971
-0.31085077798509686,-0.3821721798564073,-0.4568903410005203,-0.5351312552743374,-0.6170087740649586,-0.7026197695060806,-0.7341895411187358
-0.3005392014726195,-0.3692603517932531,-0.44109378508891384,-0.516133617436754,-0.5944593420827314,-0.6761295881872078,-0.7043250504047287
-0.2883899636254571,-0.35441393741604343,-0.42325988474648424,-0.49499090477452534,-0.5696519729720139,-0.6472649483453613,-0.6720458604588897
-0.2744203987765439,-0.33765272212790376,-0.40341231033695046,-0.4717311136885618,-0.5426209849170375,-0.6160664524093098,-0.6373996165502306
-0.25864912377604976,-0.31899895255209787,-0.38157734328687987,-0.44638642146425433,-0.5134044010413562,-0.5825801505040451,-0.6004400445334445
-0.24109707133125724,-0.298477329322829,-0.3577851897990574,-0.4189924791981121,-0.48204534609502436,-0.5468579697647313,-0.5612318407361341
-0.22178748322314756,-0.2761162417805215,-0.33206931709228515,-0.3895897213542824,-0.4485924484959969,-0.5089624405125189,-0.5198601417023526
-0.2007470720788911,-0.25194714413590136,-0.3044676827384559,-0.3582237427250795,-0.41310426627144314,-0.4689758489549647,-0.47644077126003714
-0.1780054343805303,-0.2260057108641027,-0.27502308853162505,-0.32494944826524874,-0.3756578583247737,-0.42701014118586034,-0.4311236688339126
-0.1535961376199304,-0.19833216928899222,-0.24378707611605388,-0.28983908965075955,-0.33635805927511675,-0.3832102367196293,-0.38408802715935797
-0.1275570332402195,-0.1689749608944393,-0.2108274712498618,-0.2529909615185245,-0.29534058249650963,-0.3377493289925342,-0.3355312043443669
-0.09993370170500981,-0.13799783181068448,-0.17623654733955785,-0.21453231092620595,-0.25276761915892576,-0.2908181686442445,-0.28566077603761353
-0.07078612421094821,-0.10548750532327766,-0.1401337566751908,-0.17461521094179944,-0.2088178022988637,-0.24261738177604886,-0.23469396350806515
-0.040195902047788445,-0.07155624882811784,-0.10266185679128104,-0.13340715079366583,-0.16367901306700372,-0.19335691717812653,-0.1828556688320626
-0.00826867194555736,-0.03633823318655105,-0.06397807703563196,-0.0910842908918148,-0.11754786307085519,-0.14325414729775732,-0.13037223383615182
0.024869319548882718,1.8769386845640668e-05,-0.024247786767490176,-0.04783097746398768,-0.07062791598064211,-0.09252783613018067,-0.07746998686727324
0.059079027849954,0.03735933627676258,0.016355960274456294,-0.0038380751045301587,-0.023124038615232823,-0.04139673464232241,-0.024375254988595052
0.0942142098144707,0.07552082269350868,0.05765399128022053,0.04070232973893595,0.02475891440718292,0.009920407439683698,0.028685636020486127
0.13012182667635774,0.11433483282998003,0.09946598643355498,0.08559816205834214,0.07281608963038488,0.06120484163049533,0.0814872506763975
0.1666434283150775,0.15363189286369217,0.14161163665701326,0.13065734793510253,0.12084263476012191,0.11223867993385572,0.13380807927008642
0.20361955026377343,0.19324253906503674,0.1839106338958918,0.17568781454011106,0.16863450332789864,0.16280782869471144,0.1854294010869877
0.24089073755236656,0.23299730866563206,0.22618267111822998,0.22049824459954248,0.21599120216753898,0.2127008898781071,0.23613539096009362
0.27829753611523267,0.2727267398583233,0.26824815056433016,0.26490065247338057,0.26271476249131487,0.26170926405490347,0.28571605910764086
0.31568049279120336,0.3122620374464471,0.3099306020225514,0.30870941941972796,0.308609836333402,0.30962999181490636,0.3339772658378306
0.35288078165867476,0.35143734566360063,0.3510557771903957,0.35174138402175514,0.353486357459728,0.3562754331833893,0.380746526123545
0.3897423426195339,0.3900888970076848,0.3914517345621744,0.39381833709987135,0.39716860589099423,0.4014788778610363,0.42587122772693076
0.4261110805042274,0.42805509202269265,0.43095118151045186,0.4347755207553301,0.43950046174716295,0.4450928230049802,0.46921588264372316
0.46183494014152804,0.46517870050711285,0.4693994527040959,0.4744665544599165,0.4803437924339775,0.48698631669364123,0.5106511861570933
0.4967659775605606,0.5013143600408956,0.5066591344406992,0.5127619228559064,0.5195759648665501,0.5270343832789544,0.5500504068710168
0.5307674156445152,0.5363329221705131,0.5426086450793117,0.5495466431766074,0.5570799425854438,0.5651145342799366,0.5872944601768892
0.5637177336240766,0.5701201182267497,0.5771400453477029,0.5847109801419981,0.592741018298814,0.6011116719917253,0.6222670639401993
0.5955094116938391,0.6025745013390296,0.6101503220152449,0.6181473823373185,0.6264514059853437,0.6349134073578697,0.6548523301444131
0.6260469945740819,0.6335992543836206,0.6415385119396293,0.6497547878431593,0.6581058562028412,0.66640773224499,0.6849346345881264
0.6552393832927506,0.6630994870150624,0.6712097439471572,0.6794345130777846,0.6875994762337099,0.6954828935024129,0.7123999873115834
0.682997291857903,0.6909860344328085,0.6990713795120727,0.7070882089302164,0.7148276121450581,0.7220287175073752,0.7371406278582531
0.7092368216640026,0.7171718301934913,0.7250310940907176,0.7326177501778841,0.7396870891909959,0.7459410515791316,0.7590596661103031
0.7338760485308475,0.7415701029502433,0.7489967733131175,0.7559263985079083,0.7620803710819817,0.7671262494411646,0.77807180055899
0.7568333259459332,0.764094278888215,0.7708776047611221,0.7769227023154084,0.7819197605040771,0.7855018654441763,0.7941044698480662
0.7780271932622627,0.7846590078337359,0.7905877388769309,0.7955244351783928,0.7991280492408084,0.8009977675562978,0.8071029750237262
0.7973773412040968,0.8031836039641285,0.8080499861789965,0.8116592054225449,0.8136395604596867,0.8135610881222111,0.8170435239410465
0.8148078493637434,0.8195955206410603,0.8231963894867254,0.8252654333859488,0.8254047849699786,0.8231688315482235,0.8239375062244685
0.8302504558065016,0.8338308882167011,0.8359691413209394,0.8362966984494666,0.8344021879934282,0.8298320061388322,0.8278247258641396
0.8436450631132533,0.8458353762537851,0.8463246646483973,0.8447328092562043,0.8406420785222495,0.8335890832629578,0.8287652954800353
0.8549405496766265,0.8555680288188512,0.8542440049732993,0.8505834316842376,0.8441604839976098,0.8344981629947705,0.8268489231280032
0.8640983784765786,0.8630110315034589,0.8597362360714369,0.8538823456459457,0.8450118136350588,0.8326459500012862,0.8222166029100548
0.8711017872479836,0.8681729123080228,0.8628330686005297,0.8546805661031001,0.8432772641109187,0.8281687179599417,0.8150506772959663
0.8759588003158938,0.8710834745369676,0.863582392501,0.853054224374572,0.8390844521966858,0.8212427045895843,0.8055519859831672
0.8786974607608329,0.8717877276153843,0.8620556755187483,0.84912297601234,0.8325984199541729,0.8120620255571365,0.793928802350369
0.8793601196897185,0.8703528406006409,0.8583652434706812,0.8430415671267641,0.824000951680798,0.8008279813342087,0.7803906546633304
0.8780099790635687,0.8668843830632431,0.8526563631912412,0.8349804416194846,0.8134805600575914,0.7877430852663574,0.7651471058496522
0.8747463733697414,0.8615188842334522,0.8450890377072156,0.8251163520335969,0.8012268935906388,0.7730098842005158,0.7484084050130244
0.869697768235522,0.8544067231717793,0.8358291922386645,0.8136271158801645,0.7874296321591983,0.7568315881868131,0.7303838576847785
0.8630056611285379,0.8457038449200696,0.8250437517369196,0.8006905800862467,0.772279076715154,0.7394104952934355,0.7112818765328783
0.854816786763285,0.8355671341189519,0.8128996687673731,0.7864851739066558,0.7559646741629065,0.7209480406178987,0.6913105256812127
0.8452787639590533,0.8241535013621668,0.7995644425515449,0.7711885258274509,0.7386750632571619,0.701645322382757,0.6706776709109084
0.8345392359554202,0.8116203710189536,0.7852048205948574,0.7549775066004474,0.7205985672779447,0.6817032471082363,0.6495911388480504
0.822746329423176,0.7981244609571645,0.7699868390849853,0.7380286911832896,0.701923329981011,0.6613226834704151,0.6282586938557841
0.8100475062586632,0.7838218205117069,0.7540762565348824,0.7205184862087601,0.6828374596820523,0.6407044399669701,0.6068879558729157
0.7965895993097492,0.7688682380445266,0.7376386734437104,0.7026232650804631,0.6635290083412453,0.6200491855065065,0.5856858246422054
0.7825191958647586,0.7534193534080948,0.7208396591169699,0.6845193483621588,0.6441858971972134,0.5995568929134512,0.5648582691717743
0.767982743473715,0.7376307771374773,0.7038447332571265,0.6663829340509622,0.6249953956237655,0.5794266354382047,0.5446102276008955
0.7531266621007622,0.7216580731482614,0.6868193005080601,0.6483896089449797,0.6061439305669203,0.5598564899753846,0.5251431282364223
0.7380973278439755,0.7056566972180665,0.6699281917548334,0.6307141699683763,0.5878169959112964,0.5410411410949363,0.5066469500653743
0.7230410150502387,0.689781565876515,0.6533354963938436,0.6135305391918362,0.5701969087172662,0.5231642073654914,0.48927837103126404
0.7081034906671628,0.6741868987641055,0.6372044825588676,0.5970096600441743,0.5534556230214143,0.5063771212174226,0.47312364263405327
0.6934298659124589,0.6590261436565577,0.6216956222043528,0.5813127594152512,0.5377349513749778,0.4907632464859297,0.4581993608351891
0.6791645257264476,0.644450120336675,0.6069602659514071,0.5665728030500612,0.523112961851762,0.47633862350649303,0.44447540641985905
0.6654493822693888,0.6306010758898215,0.5931232344680235,0.552862988839081,0.5096046758107418,0.46307414144323045,0.4319009343175506
0.6524182813193315,0.6175963231891481,0.5802532417646069,0.540197401051788,0.4971828317076432,0.45092065749768806,0.4204201222740309
0.6401816070907704,0.6055004431900024,0.5683635093511372,0.5285504788227133,0.48580140858376875,0.43982421832175733,0.4099721195004724
0.6288001262995482,0.5943258621463698,0.5574300421429965,0.5178790721555748,0.47540988052518873,0.4297260103860052,0.40048844382589155
0.6182855312881028,0.5840500282456134,0.5474123333813952,0.5081358071350985,0.46595317018396853,0.42055984427438053,0.3918941011462589
0.6086166021846797,0.574634871155854,0.5382659111329775,0.4992690423477668,0.4573692928852797,0.4122532366546279,0.38411226605690785
0.5997575171432437,0.5660385938705523,0.5299422973801031,0.4912206599584876,0.44959036986468526,0.4047319342050466,0.37706712540732656
0.5916689477455983,0.5582156342594502,0.5223869344094387,0.4839270157382849,0.4425468648084485,0.3979226619682381,0.3706833602991926
0.5843080228231823,0.5511147161820928,0.5155400766438432,0.47732291131311166,0.43617015761567735,0.3917526226916328,0.3648851916019491
0.5776264946744907,0.54467968767723,0.5093405195633025,0.471344007364924,0.4303920755436863,0.38614857429881333,0.35959597620654193
0.5715715277498654,0.5388530255941839,0.5037278650806489,0.4659263840259782,0.4251440292837707,0.3810364396605097,0.3547385992177361
0.5660889962945421,0.5335779647092762,0.4986421088647661,0.4610057308494844,0.42035664752184454,0.37634168565647785,0.3502352666249542
0.5611254877165515,0.5287981098709826,0.494022879931175,0.4565170041677402,0.4159601319200785,0.37198912278763463,0.34600766128056204
0.5566279376391108,0.5244567213281233,0.4898091189893665,0.4523947599286655,0.4118840694588499,0.36790305593225336,0.3419765243902253
0.5525429574383087,0.520496412424166,0.48593939089078275,0.44857297774457416,0.4080575736160188,0.36400687984785196,0.3380610669034856
0.5488165497919963,0.5168594432518865,0.4823517194558258,0.4449851932641511,0.4044089055649156,0.3602225102681691,0.3341796088321747
0.5453943849908003,0.5134875654153062,0.4789837117371294,0.4415641430015489,0.40086494141138695,0.3564710018174635,0.33024570867808656
0.5422216548686347,0.5103221388186976,0.4757722246053453,0.43824126480921355,0.3973517508545399,0.3526688070233539,0.3261653866343248
0.5392431826939879,0.5073038183067873,0.4726528958214842,0.43494724043957,0.3937910938491034,0.3487250924842442,0.32183186753930193
0.5364031283175814,0.5043721129424594,0.4695606533629224,0.4316087107589097,0.39009790726569205,0.34453665782706366,0.317129210099951
0.5336445734797377,0.5014658646974937,0.4664266318532928,0.42814591919934375,0.38617554662625087,0.3399914434255742,0.3119352037230507
0.5309099722289865,0.4985203503550375,0.46317596036940256,0.42446825033288627,0.3819190709914555,0.33497133024697723,0.3061224911737688
0.5281384239901397,0.4954652023769548,0.45972357430869426,0.42047730983508624,0.377217864944583,0.32935322492430674,0.29956204246246565
0.5252637172280565,0.49222047268181157,0.45597710668367597,0.41606938289957407,0.3719566547337234,0.32301241733893393,0.2921255311065116
0.5222106257042824,0.48869935003184506,0.4518391959414718,0.4111363869894571,0.36601865256088395,0.31582487732611386,0.28368411197942267
0.5188974653714282,0.4848103290402801,0.44720838035256794,0.40556881997371197,0.3592877073872831,0.3076660734412311,0.2741074610494687
0.515238135275951,0.48045805076379833,0.44198186555333474,0.399257776757066,0.35164719873851635,0.2984100448475622,0.2632631944728785
0.5111429085040806,0.47554590378111183,0.43605741764330186,0.39209391209380207,0.3429791675514702,0.28792883985800444,0.25101505334035257
0.5065208796371397,0.469977803422988,0.429332389533831,0.383966625655749,0.3331637903831828,0.276090761455527,0.2372286999072637
0.5012816388978083,0.46365727668473644,0.4217029559363612,0.37476356904199193,0.3220777363861631,0.26276596946796893,0.22177400591709784
0.4953344111089335,0.45648674322888283,0.41306365057120775,0.3643691052523197,0.30959941360007526,0.24782869227934912,0.20452374700541642
0.48858737916116435,0.4483670804302293,0.40330592000897525,0.35266922769528253,0.295611040162133,0.23115596494464996,0.18535315787288464
0.4809472747470498,0.43919626420176106,0.3923227413551509,0.339553502188606,0.27999746258425673,0.21262719925546958,0.16414206848174295
0.47231809946162095,0.4288737089317358,0.38001044528947947,0.3249139589567125,0.2626457531306856,0.19212624841751125,0.14077718082529866
0.4626052084168668,0.4173019808697007,0.36626767593634546,0.30864471512544944,0.24344714333500383,0.1695436075947716,0.11514830619244099
0.4517169224328288,0.40438582055926653,0.35099503648432706,0.2906437876189705,0.2222990847528099,0.14477277714889003,0.0871582142657803
0.43956360820683305,0.3900318097731694,0.33409679103052903,0.27081502535481605,0.19910184322950664,0.11771978199353295,0.056748388153831986
0.42605736491982116,0.37414997099396086,0.3154826784152711,0.2490649159742302,0.17376741352927394,0.08832806435868723,0.02393132730185843
0.4111135292495254,0.35665547214898696,0.2950649145623916,0.2253109443426775,0.1462428307644843,0.05660970521332653,-0.011209170078310016
0.39465227942146885,0.33746580925587866,0.2727660389634501,0.19950344972363987,0.11653940844986677,0.02264569723959653,-0.04851927152361324
0.3765959842512647,0.3165081809513135,0.24853943294755987,0.17165303985177394,0.08473299413576774,-0.013415277347066157,-0.08779673353203077
0.3568761421236284,0.29373877261458614,0.22239505445182495,0.14183083061879564,0.050962824868326484,-0.05137774607394907,-0.12880807714704856
0.3354515261692488,0.2691669432263144,0.19439966302479927,0.11016737293440282,0.015411955558462198,-0.09101604676402186,-0.17130381477635837
0.31233094261455396,0.24285543683824007,0.16467581242464346,0.07683430204803532,-0.021708287006268256,-0.13208904456700532,-0.2150239614246925
0.2875734297618189,0.21491943576524997,0.13338462404760243,0.04202976137858938,-0.06017208628031778,-0.17434545867839646,-0.2597050261156807
0.2612873671009577,0.18551037016889782,0.10071210364956684,0.005965480176746585,-0.09974412429463597,-0.21753061969139575,-0.3050826372054175
0.23361524112117604,0.15480305780970993,0.0668570105914903,-0.03113790361823998,-0.14018590974183454,-0.2613890070160557,-0.3508929795651238
0.2047215446070867,0.1229843029411315,0.03202646720374025,-0.06905677669369259,-0.1812581542035404,-0.3056656379456574,-0.3968739409894668
0.17478204889756288,0.09024876976468921,-0.00356961107221454,-0.10756677835276285,-0.2227220729751005,-0.35010717568375116,-0.4427728129024002
0.14397992106028168,0.05679374759114575,-0.03972060719321546,-0.14644402018874547,-0.2643404227042253,-0.3944693722335314,-0.48834700477623527
0.11250079822961578,0.02281718513255737,-0.07621634747518968,-0.1854660589918764,-0.30588447146422926,-0.4385177588984501,-0.5333693448258825
0.08053093799609012,-0.01148338559065365,-0.11284801490263774,-0.22441843200289846,-0.34713464538998273,-0.48203276951139484,-0.5776130752826956
0.04825620586897239,-0.045911707624853415,-0.14941428405244905,-0.26309526320940324,-0.3878853264494224,-0.5247952380605962,-0.6208459489693148
0.01586126759792994,-0.08027856499961827,-0.1857218902503741,-0.3013037618141101,-0.42793127134560593,-0.5665806929087184,-0.6628345376382168
-0.016475836200486427,-0.11440231765021258,-0.22158985247682328,-0.3388514883774568,-0.46706226820058316,-0.6071635208900055,-0.7033405090331589
-0.048584193372067985,-0.14811287032129894,-0.25683751954682077,-0.37554134483785206,-0.505067036124587,-0.6463133690141781,-0.7421251919821126
-0.08030375471977935,-0.1812404377530462,-0.29127986702637276,-0.4111752308109097,-0.541729855504874,-0.6837995567219323,-0.7789575473370908
-0.11147476273333312,-0.21361112448163644,-0.3247309295579368,-0.4455508840936864,-0.5768346999687877,-0.7193987799609782,-0.8136163112313627
-0.14193359245272075,-0.24505015071498504,-0.3570008349057554,-0.47846575486017595,-0.6101724510515509,-0.7528971826878843,-0.8458918186774601
-0.17151578681930368,-0.2753790647762482,-0.3878994408299221,-0.5097237702506883,-0.6415428381041219,-0.7840921194127716,-0.875588730298728
-0.20005343375621765,-0.3044191612248185,-0.41724268529759534,-0.5391371532608753,-0.6707560888706776,-0.812794790641014,-0.902522324154144
-0.22737838241046937,-0.33199744911089857,-0.44485429395241705,-0.5665279703499146,-0.6976353975115472,-0.8388266588462375,-0.9265172556146477
-0.2533278589142366,-0.3579482567429366,-0.4705672329209275,-0.5917304454987871,-0.7220135682546991,-0.8620182498654805,-0.9474054545447421
-0.2777459763725453,-0.38211459710969486,-0.49422588111867227,-0.6145878132435467,-0.743731892933333,-0.8822071204822907,-0.9650278327191417
-0.300485019641644,-0.4043502095250737,-0.5156830760570805,-0.6349512662363876,-0.76263824768006,-0.8992395086797659,-0.9792357903291162
-0.3214073663914938,-0.4245167831257226,-0.5347991258737388,-0.6526781706752787,-0.7785886383461582,-0.9129717897096844,-0.989887632975073
-0.3403828745874057,-0.44248302832635944,-0.5514401340793763,-0.6676335153140884,-0.7914485640726231,-0.9232670130427029,-0.996849831046806
-0.3572880087864785,-0.45812310233096676,-0.565479359806039,-0.6796911899688891,-0.8010897742336689,-0.929996119585073,-1.0
-0.3720043586402556,-0.4713178875638714,-0.5767984179959865,-0.6887309447756538,-0.8073914083286756,-0.9330408221767117,-0.9992309314000472
-0.38441984181991806,-0.4819561196688986,-0.5852844249260116,-0.69463945897141,-0.8102426934940712,-0.9322975016773302,-0.9944789508017897
-0.3944297653942659,-0.489931704726554,-0.5908310015183125,-0.6973128701250724,-0.809546593087141,-0.9277046154360185,-0.9857401157416729
-0.4019343014957216,-0.4951446622170995,-0.5933406476383387,-0.6966601951087177,-0.8052454740083305,-0.919258352981281,-0.9730660075334041
-0.40683937459071695,-0.4975033565075865,-0.592727953507775,-0.6926273961947143,-0.7973357678497174,-0.9070085687056468,-0.9565428218328665
-0.409058761172052,-0.4969275151026795,-0.5889421915857789,-0.685211127585996,-0.7858641619594314,-0.891038572469874,-0.936267627844074
-0.40851692974769904,-0.49336946165470474,-0.5819802210286333,-0.6744551640963699,-0.7709086738656095,-0.8714421836409301,-0.9123405604183765
-0.4051690198002519,-0.48682624423745924,-0.5718831351382325,-0.6604326562238754,-0.7525571629769162,-0.8483161845965062,-0.8848637859761807
-0.3990122537483044,-0.47733648444614774,-0.5587196034356611,-0.6432259823731453,-0.7309002634848618,-0.8217593212672529,-0.8539398560694688
-0.3900829721428525,-0.46496472142277123,-0.5425669580751133,-0.622920122630152,-0.706030448397477,-0.7918707118213503,-0.8196719198460495
-0.3784419023559449,-0.44978363589674164,-0.5235049735210398,-0.5996017811850206,-0.6780405393136029,-0.7587500520155415,-0.7821646149872687
-0.3641574324937594,-0.43186820400605896,-0.5016150427286693,-0.5733579890722666,-0.6470238987288202,-0.7224984763046165,-0.7415286392198026
-0.34730011050109266,-0.4112949230294638,-0.4769788654761278,-0.5442762844799494,-0.613075236442189,-0.6832229763008686,-0.6978873533965089
-0.3279419156228305,-0.3881405786136106,-0.4496786176284018,-0.5124454688496929,-0.57629474732916,-0.6410427827865142,-0.6513831291066658
-0.30615509844036903,-0.3624824038560315,-0.4197976609209726,-0.4779594865195874,-0.536794087931008,-0.5960955008085502,-0.6021800567928307
-0.28201233055892205,-0.3343987463962428,-0.38742418494759756,-0.44092302847124565,-0.4947021218123593,-0.548539727128972,-0.5504809217087727
-0.25558733229931396,-0.3039724913428721,-0.35265646763886904,-0.401456919270079,-0.450167370735569,-0.49857145783461587,-0.496525748764006
-0.2269580934623523,-0.2712960053415273,-0.3156079322149207,-0.3597004153260954,-0.40337337996262945,-0.4464226818996967,-0.44058591707144035
-0.19621152539328934,-0.23647588935861663,-0.2764093046617596,-0.31582561164984235,-0.354537401162893,-0.3923556927759847,-0.3829664700949439
-0.1634479330597327,-0.1996350063883897,-0.23522213797317204,-0.270036206925354,-0.30390506536451545,-0.3366653211975775,-0.32400869667278087
-0.12878292299953698,-0.16092519222993173,-0.19223765287154548,-0.222562508783143,-0.25175247391832956,-0.27968142979273447,-0.2640730106353375
-0.09235936338193218,-0.120526165937064,-0.1476720490426393,-0.17366339432179456,-0.1983885346372548,-0.22175236588496205,-0.2035252304927666
-0.054346358807743855,-0.07864112307602067,-0.10176834556159253,-0.12362850051011698,-0.14413946577283654,-0.16323170053107705,-0.14273638109222764
-0.01493510383529395,-0.03549846545231361,-0.05479843711770083,-0.07276369486455281,-0.08933637746764944,-0.10447803681888002,-0.08208065049488122
0.025659489452766415,0.008646266343637743,-0.007049454713926595,-0.02137943161780842,-0.0343150922310308,-0.04585303514706818,-0.02192956229327625
0.06719697304261407,0.053523211851466135,0.041187164898787154,0.03020941660600629,0.020585704335164712,0.012284219348958958,0.03736239878279668
0.10942342480157263,0.09885846384775765,0.0896158372353093,0.081685292700864,0.07502973829650128,0.06959110994243978,0.09545818483559798
0.15208111484127707,0.14437421685552843,0.1379384577717857,0.13273290077917044,0.128696157956949,0.1257418729606945,0.1520313853014863
0.19490864525597584,0.18979029693600147,0.18585904468743353,0.18305140509385676,0.18127989406938827,0.18042102593156883,0.20677130491073248
0.23764238956271733,0.23482852517574515,0.23309519051778205,0.23235476777758302,0.23248550546486313,0.23332827553524105,0.2593865531137971
0.2800205984749695,0.27922348053841306,0.2793783792049964,0.28036597840504207,0.2820317752224084,0.2841819868579829,0.30959986855485044
0.3217935270856258,0.3227227978449214,0.3244485691396426,0.3268213634362347,0.3296549595353959,0.33271418114017903,0.35715267453641686
0.36272371524806424,0.3650820766379437,0.3680582386205762,0.37147363240617803,0.3751041032320357,0.3786749387258874,0.4017943293552353
0.40258119713006546,0.4060686833128446,0.4099752454443375,0.414087485681053,0.41814516302367166,0.4218220092930365,0.44327999845030774
0.4411470787856968,0.4454644387066289,0.44997870371679527,0.45444348048258965,0.4585512777542968,0.4619187552410813,0.4813779308221189
0.4782160670115818,0.48306174291380466,0.48786261305664036,0.4923289081164204,0.4961008424363307,0.49874118449870064,0.5158605284733042
0.5135928230364377,0.5186669861981796,0.523427294656972,0.5275359881568285,0.530584094292982,0.5320693189559187,0.5465018071077965
0.5470951719797583,0.5520925001637966,0.556477696088798,0.5598680436267434,0.5617950295183591,0.561684740178001,0.5730774301507828
0.5785465293975958,0.5831549645222134,0.5868291882082899,0.5891319220210942,0.5895291049020617,0.5873706222864372,0.5953660708307091
0.6077744021483438,0.6116808553236068,0.6143004504451857,0.6151358403128002,0.6135832686213711,0.6089130484390002,0.6131480135097749
0.6346155148438644,0.637499758185482,0.6387114478171598,0.6376894138240268,0.6337571930907469,0.6260996589871206,0.6262083457828052
0.6589095180080511,0.6604424669869,0.6598834580325121,0.6566048121658428,0.6498520089962014,0.6387227367046004,0.6343530563351913
0.6804971990647737,0.6803410093409765,0.6776401566204779,0.6716955722483451,0.6616731945321304,0.6465947656958884,0.6374414142381644
0.6992205063059367,0.6970296664560671,0.6918065026527436,0.6827793072759074,0.669045145916171,0.6495797266458576,0.6354335968868827
0.7149235085182697,0.7103439258796305,0.7022112817938844,0.6896913682979116,0.6718404845805466,0.6476391301941067,0.628416138853017
0.7274514095795681,0.7201228715876138,0.7086999309870674,0.6923123231060457,0.6700231662355327,0.6408566137704192,0.6165508891133578
0.7366527973861337,0.7262212372826045,0.711160334077698,0.6906083759904504,0.6636715151691792,0.629388607714378,0.600041723485917
0.7423909852666588,0.7285336504455038,0.709560765578283,0.6846529650722288,0.6529320243453289,0.6134321621654182,0.5791298935242752
0.7445668241470684,0.7270302938341047,0.7039701650140557,0.6745834445270429,0.6379892261189499,0.5932204516742823,0.5540921887980825
0.7431522578322403,0.721775960354172,0.6945174726617658,0.6605728348798023,0.6190614824211236,0.5690209990096136,0.5252203285024892
0.7382082524703524,0.7128918346987019,0.6813651103353684,0.6428258758139214,0.5963993213998975,0.5411157567278313,0.4928080916446851
0.7298488354207717,0.7005305692285857,0.6647052759881757,0.6215774665788423,0.5702667843260578,0.5097886682357333,0.4571491256452376
0.7182176431872787,0.6848728014494483,0.6447584796562713,0.5970751765467603,0.5409297768502384,0.4753235497589614,0.41853668637428054
0.7034846445774827,0.6661257780160887,0.6217571253653191,0.5695683231626139,0.5086540855212116,0.43800383908167206,0.37726403098572003
0.6858448459754425,0.6445079241654543,0.5959352581321087,0.5393061121995064,0.47370514248709505,0.3981129752288124,0.33362467531350193
0.6655037721250219,0.6202392074222138,0.5675268181422719,0.5065374171387476,0.4363483810579747,0.35593464724486923,0.28791249593148205
0.6426683989681854,0.5935394967853325,0.5367654336448309,0.4715111125511271,0.39684946868076354,0.31175289283681473,0.24042290287906942
0.6175456097402565,0.5646283680797308,0.5038847339115491,0.4344762925379164,0.35547439931576785,0.2658532318373783,0.1914532639478448
0.5903420118177738,0.5337253980915555,0.4691185542969034,0.3956823573446324,0.31249055489569955,0.21852307628672252,0.1413024604964792
0.5612642134817305,0.5010503572940683,0.43270101754614987,0.3553800086022012,0.2681670893565533,0.17005130111849742,0.09027020769350202
0.5305190052608098,0.46682328626514247,0.39486746807104356,0.3138216094005286,0.22277452659620733,0.12072758716059906,0.038655633381792454
0.498313431835558,0.4312653737675587,0.3558548099663972,0.27126080732797053,0.17658414521164167,0.07084104757869492,-0.013255021098266595
0.464855618258059,0.3945992744343221,0.3159011531410061,0.22795195759098608,0.12986669219885183,0.020668340470762603,-0.06518945488552963
0.4303550688743223,0.35704877618433595,0.2752452717752367,0.18414891695834013,0.08288125070534091,-0.029527349822943805,-0.11688441642708802
0.39502235438283995,0.3188382912530352,0.23412547214453827,0.14009460598553014,0.03587428605326881,-0.07949158530328748,-0.16808046568885315
0.35906863292564917,0.2801917921147872,0.19276979423024443,0.0960201145506403,-0.010915927157262861,-0.1289736118818685,-0.2185224729009445
0.32270464885660877,0.24132360245359008,0.1513951720475808,0.05214885277808645,-0.0572545642131993,-0.17772684142862083,-0.267954063034723
0.28613206760995746,0.20243760799621668,0.11021133029644758,0.008700996122310789,-0.10291070171363104,-0.22550348224547168,-0.31610934574410676
0.24954273314273134,0.16373091878470936,0.06942495715281516,-0.034106937895701295,-0.14765228914736428,-0.2720465458858212,-0.3627243865095282
0.2131221139084385,0.1253977909799988,0.02923930693306942,-0.07605737495810627,-0.19123866348626584,-0.31710093424931673,-0.4075384185186227
0.17705299303359556,0.08762925342545547,-0.01014137398570425,-0.11692466551168046,-0.23343093196253206,-0.3604146108892736,-0.45029671574777785
0.14151511693694485,0.05061726735403527,-0.04850525865539268,-0.1564848198279578,-0.27399306896776854,-0.4017413779046347,-0.49075244480312163
0.10668910935861176,0.014560918608598206,-0.08564207827682468,-0.19451653647357448,-0.31269451654043134,-0.44084266578208475,-0.5286649652065059
0.07276229785942445,-0.02034217139637995,-0.12134408766915261,-0.2308036405694135,-0.3493118605066373,-0.47748589058775925,-0.5637970718534302
0.03992063206296992,-0.05389675307250874,-0.15540835416866006,-0.2651366553673774,-0.38362729203272294,-0.5114417887465446,-0.5959175349557781
0.008347829850040123,-0.08591209988211324,-0.1876382329355213,-0.29731135977714906,-0.4154261117150476,-0.5424868719485743,-0.6248082179152068
-0.02177664681172986,-0.1162033949072826,-0.21784201284208626,-0.32712644816036485,-0.44449902853638323,-0.5704103067191446,-0.6502772655120413
-0.05027889654424722,-0.14459045818614769,-0.24583071962094105,-0.35438568586936103,-0.4706486024050629,-0.595026661072466,-0.6721649245271437
-0.07698938106049846,-0.17089568199862348,-0.27142013936191034,-0.3789039498762319,-0.49370118106627414,-0.6161815302615046,-0.6903517252203346
-0.10174098239513829,-0.1949459326527957,-0.2944364891105552,-0.40051842101419943,-0.5135121684711634,-0.6337594443438693,-0.7047735059550138
-0.12437079236877191,-0.21657788000456601,-0.31472692350689124,-0.41909352368582065,-0.5299734300076042,-0.6476983897881776,-0.7154252555275065
-0.14472512733888532,-0.23564787213622174,-0.33216417190209646,-0.4345278691272968,-0.5430268916086676,-0.6579935231637934,-0.7223409752788995
-0.16266881966639923,-0.25203629355682633,-0.34665305629957543,-0.44676700615284326,-0.5526680175269344,-0.6646777074608817,-0.7255805486758816
-0.1780893185147875,-0.26565369109792025,-0.35814246102752134,-0.45580668197221386,-0.5589275831020403,-0.6678088212722837,-0.7252239842355864
-0.19090245394200267,-0.2764520236264194,-0.36662839380867995,-0.4616757520423226,-0.5618597901380026,-0.6674641944628702,-0.7213560327286058
-0.20106302218995364,-0.2844275389951626,-0.3721379425024647,-0.4644250368525288,-0.5615370560516005,-0.6637257403822734,-0.7140661948816216
-0.20856749271841957,-0.289605695765351,-0.3747188144896745,-0.4641224361457579,-0.5580360905744499,-0.6566799633096387,-0.7034502208230035
-0.21343982047117493,-0.29203133178316776,-0.37443475018156214,-0.46083987420884887,-0.5514379027248201,-0.6464194076983999,-0.6896073281490671
-0.21572219510991375,-0.2917643535600911,-0.371353268001979,-0.45465330640944324,-0.541829157987852,-0.633039969380535,-0.6726407160747263
-0.21547098498565365,-0.28886821837783505,-0.3655456705238328,-0.44564399171014013,-0.5292996603279442,-0.6166413925036665,-0.6526648174610473
-0.21274589950630374,-0.2834099400557075,-0.35708823903289766,-0.43389613176252395,-0.5139428175574823,-0.5973342787637141,-0.6298077450426356
-0.20760999456339535,-0.2754612116630185,-0.3460600172437588,-0.4194973072444249,-0.49586220530178693,-0.5752424517335945,-0.6042017729007627
-0.20013072893555983,-0.2650963225415216,-0.3325432209083795,-0.40254463233976945,-0.4751737811317396,-0.5504937570127146,-0.5759840053085354
-0.1903780043344726,-0.2523925432765778,-0.316629015291241,-0.38314683074519407,-0.4519972691419206,-0.5232207086794793,-0.545299257515075
-0.1784245276390939,-0.237435555664958,-0.29841946400610664,-0.36141615771096147,-0.426456765336649,-0.49356327362800134,-0.5122917446061312
-0.16435092016214936,-0.22032128433170373,-0.2780199458881363,-0.33746896766071877,-0.39868334508923875,-0.46166083868224483,-0.47710342736397016
-0.14824744108919574,-0.20114876971715667,-0.2555396878429824,-0.3114281589875275,-0.3688075405523257,-0.42765061183584385,-0.43987400520662645
-0.13020728139677917,-0.18002066887590096,-0.23109405988205678,-0.2834161207519428,-0.33695784346033875,-0.3916676154277461,-0.4007411093955785
-0.11032703507350683,-0.15704541246875303,-0.204797953884423,-0.25355332888536064,-0.3032606987386699,-0.35384487288137423,-0.3598464600058574
-0.08870872871714164,-0.13233098178319758,-0.17676446579245908,-0.2219583401978712,-0.26784067938006273,-0.3143193595419068,-0.3173345417153157
-0.06545396609271825,-0.10598367019320265,-0.14710488998676752,-0.1887479563451936,-0.23082605924969057,-0.27323072279957794,-0.27335108446056533
-0.040662762742234015,-0.07810807787247265,-0.11592887320899803,-0.15404244898098063,-0.1923476145137556,-0.23071981361262928,-0.22803992461464084
-0.014433541010144935,-0.04880725645901962,-0.08334931963721759,-0.11796443595685968,-0.15253724844874517,-0.18692565277145623,-0.18154304157450063
0.013136733836150105,-0.01818731909686555,-0.04948133592651782,-0.0806375919213177,-0.11152515042633182,-0.1419854662611727,-0.13400552018136846
0.0419482158399731,0.013643551068965643,-0.014441020792689052,-0.04218398453792682,-0.06943982902950074,-0.09603948154216113,-0.08557509177227285
0.07189911130073212,0.046576238503864165,0.02165703559438592,-0.0027241055355616828,-0.02641260364513287,-0.04923048396701679,-0.03640752538021008
0.10288674919645358,0.08050304548212606,0.05869972246255628,0.037618917901642845,0.01742281094004361,-0.001709027485546244,0.013335592549385433
0.13480979257633718,0.11531766469200133,0.09657145502438369,0.07871971262385746,0.061925424849101685,0.04636871130458298,0.06348722724306688
0.16756821278378786,0.15091146361513474,0.13515454010775896,0.12044608423884595,0.10694898274093378,0.09484128988547291,0.11387342503864506
0.2010597932854865,0.18717382816499506,0.17432488114672418,0.16266090136987166,0.15234229787644415,0.1435405784920345,0.16431869495706142
0.2351804530140622,0.22398812601670692,0.21395374701546999,0.20522240888157017,0.19794792108264048,0.19229696151104547,0.2146436144677637
0.2698204481091846,0.26123336904806793,0.25390806606694594,0.24798297987912132,0.24360701172821542,0.24093702340451761,0.26466540397663896
0.3048659361725401,0.298784489692133,0.29404925458076603,0.2907936828138522,0.28915717065067814,0.28928410396401105,0.3142103293464955
0.3401992362986561,0.33651123985239995,0.3342375041018162,0.3335022496006137,0.3344329601376481,0.33717028559982665,0.36311047706201016
0.37569779302166006,0.37428222036377967,0.37432987402458107,0.3759535631606643,0.37927712971289407,0.38443327647210723,0.4111965927080927
0.4112379677907767,0.4119630883054053,0.41418074927063064,0.41800018290048624,0.42353769726928947,0.43090948873400126,0.4583028983240027
0.4466933521616936,0.44941698714943334,0.45365172100863105,0.4594996079347662,0.46706146702270557,0.47643869460274413,0.5042690430947749
0.4819351725401857,0.4865138331690724,0.49260901752395503,0.5003081994149754,0.5096983898020553,0.5208659117427377,0.548939354912193
0.5168410281221918,0.5231279008379224,0.530917798846926,0.5402852688079398,0.5513033286617459,0.5640406798839539,0.5921604660386297
0.5512926189027683,0.5591324606286325,0.5684459945958775,0.5792947333626719,0.5917353814535375,0.605814765977573,0.6337850161471403
0.585170700173691,0.5944033860148814,0.6050658580351274,0.6172044809427739,0.6308557317642012,0.6460457432598186,0.6736696130497728
0.6183584764909642,0.628820614054854,0.6406533698158132,0.6538843550307774,0.6685310006161558,0.6845950202542443,0.7116780767892004
0.650742975994244,0.6622675849962658,0.6750863464127359,0.6892092973369479,0.7046314006791292,0.7213309762525126,0.7476824050352022
0.682214523109554,0.6946294644881794,0.7082473902265105,0.7230576171582423,0.7390336725667457,0.7561298943897983,0.7815615952239312
0.7126650657597025,0.7257959162384855,0.7400222649563275,0.7553137444975484,0.7716219586374891,0.7888748232183493,0.8132068361315412
0.7419907842648232,0.755659575105808,0.7703024800714864,0.7858690493536218,0.8022867368878106,0.8194605944693627,0.8425294480034917
0.7700906546155586,0.7841184761185527,0.7989860599141205,0.8146208421219943,0.830929519956241,0.8478014973500245,0.8694606161718719
0.7968687340309237,0.811076777317147,0.8259766053325062,0.8414767794573417,0.8574700419039212,0.8738310210792171,0.8939481867607006
0.8222348411084952,0.836443877828837,0.8511874296537079,0.8663616027153134,0.8818460171059566,0.8974987578712867,0.915955863686591
0.8461037259869166,0.8601383050671558,0.8745478843489582,0.8892169118851607,0.9040102399758803,0.9187696268207981,0.9354555849792263
0.8683987279620506,0.8820936599170632,0.8960031468144902,0.9099984462444184,0.9239298581538158,0.9376165054606644,0.95242117067792
0.8890573695413604,0.9022584172804731,0.915511667605037,0.9286754028883524,0.9415794721513977,0.9540140903245207,0.966828911441038
0.9080311687694875,0.9205935268552168,0.9330445307080939,0.9452239668452735,0.9569353859273517,0.9679394658497438,0.9786608543602173
0.9252833817084916,0.9370718118879444,0.9485793799846813,0.9596219203230747,0.9699761396504472,0.979375280183963,0.9879031475364826
0.9407884367012265,0.9516722609312864,0.9620953586370415,0.9718491422364075,0.9806854837600889,0.988308145184086,0.9945451054942895
0.954526563265127,0.9643752716957423,0.9735735781362971,0.9818903967340618,0.989050880606821,0.9947277331198972,0.9985791231688061
0.9664793168487067,0.9751630917719722,0.9829997359331297,0.9897339283128339,0.9950626585386284,0.9986266935410086,1.0
0.9766299935241904,0.9840222788897106,0.9903627966306969,0.9953706686751416,0.9987139340489881,1.0,0.9988060260036791
0.9849659449401689,0.9909424614163529,0.9956542474277359,0.998794163733776,1.0,0.998845999762247,0.9950011423596257
0.9914774120268379,0.9959156385841519,0.9988680295947856,1.0,0.9989193086484689,0.9951685020584531,0.9885940286497652
0.9961568665527296,0.9989361160880517,1.0,0.998986726284725,0.9954754272403477,0.988975895881709,0.9795952554520564
0.99899895052623,1.0,0.999048796349719,0.9957576872955347,0.9896762118505174,0.9802783979113685,0.9680185892946414
1.0,0.9991060099664635,0.9960175584649169,0.9903202490154843,0.9815312301347361,0.9690893137778713,0.9538853215347514
0.9991588102399362,0.9962570969524178,0.9909132011109363,0.9826833822335803,0.9710529424714958,0.9554292220125606,0.9372323683176085
0.9964781579229893,0.991459759809397,0.9837441455535421,0.9728587700025195,0.9582606201227277,0.9393338028232923,0.9181140023847418
0.9919641580696372,0.9847219132753873,0.974521359177168,0.960864481369627,0.9431876766795118,0.9208555119225206,0.8965957500222983
0.9856242579626211,0.9760538650614392,0.9632618041742733,0.9467318454591032,0.925883235558753,0.9000576818032686,0.8727607463739131
0.9774681565254866,0.9654715571070112,0.9499948905422266,0.9305069211822956,0.9064066060008154,0.877020664278739,0.8467182802265849
0.9675108541449546,0.9530026304377937,0.9347638557635962,0.9122453178436083,0.8848330353988687,0.8518500891922687,0.8185972949153482
0.9557783593299527,0.9386877218600895,0.9176209026859861,0.8920175886176673,0.8612614433669847,0.8246705829090424,0.788533585265955
0.9423089088214536,0.9225758942906215,0.8986322626111958,0.8699164821368388,0.8358085392702246,0.7956133938998702,0.7566675420076177
0.9271486678132472,0.9047293953077076,0.877885002672554,0.8460514269921586,0.8085972339041541,0.7648142126700626,0.7231432672541576
0.910356207456585,0.8852300550740277,0.8554818481985369,0.8205376663363497,0.7797545979146685,0.7324123168539094,0.6881069184382349
0.8920085249128751,0.864174420128089,0.8315309828969495,0.7934943436651805,0.7494110612010991,0.6985489705933086,0.6517056780843835
0.8721964645500806,0.8416641670735712,0.8061442518954942,0.7650437521648521,0.7176989139757322,0.6633664288023782,0.6140866061169203
0.8510156978126757,0.817804413704583,0.7794364570718526,0.7353099292811236,0.6847513742833915,0.6270068278996233,0.5753965994211285
0.8285651340941518,0.7927030567206887,0.7515240377152299,0.7044177824105695,0.6507015492008279,0.5896121467229953,0.5357825272811954
0.804946297567501,0.7664695317448811,0.7225242497751077,0.6724921149043013,0.6156823982346808,0.5513243374334234,0.49539129621069367
0.7802621604382227,0.7392140419394153,0.6925542515290122,0.639657591749305,0.5798268559092503,0.5122853881747973,0.45437010863262217
0.7546164171191609,0.711046698669427,0.6617310713661098,0.6060388545087192,0.5432678904459471,0.47263757309350707,0.4128663338603298
0.7281126756477028,0.6820774912243026,0.6301717156865934,0.5717605763406401,0.5061387379001203,0.43252332763887247,0.3710273315788757
0.7008544291954477,0.6524163882270608,0.5979932205502019,0.5369476815286023,0.4685727853831374,0.39208507795427483,0.32900024836718034
0.6729451514882103,0.6221733861762857,0.565312857758933,0.5017252359887103,0.4307034112915953,0.35146504421166247,0.2869322070543847
0.6444883424810026,0.5914587031332412,0.532248032071373,0.4662182974659581,0.39266380113517574,0.3108054236283373,0.24497066360844122
0.6155877106057208,0.5603826821186197,0.498916140575536,0.43055174285144404,0.35458711892712835,0.2702487354070622,0.20326378841637438
0.5863470818734158,0.5290556589439166,0.4654344105840993,0.3948504288808634,0.31660683021175173,0.2299381892512149,0.16195989949897838
0.5568702755117254,0.4975878098570481,0.43192005048899595,0.3592394950103075,0.2788570471692975,0.19001713755522553,0.12120754082090524
0.5272609606087524,0.46608929332324234,0.3984905340839642,0.3238446869922098,0.24147201560649423,0.15062915109287411,0.08115515492882519
0.497622789520181,0.4346705172459726,0.36526390431921474,0.2887918758693535,0.20458618583667842,0.11191770261539147,0.04195073183980802
0.4680596493077769,0.40344242445119116,0.3323583217604018,0.25420712443323,0.16833391637760697,0.07402582749491282,0.003741482963256937
0.4386759303625314,0.3725160683058828,0.29989212697594625,0.22021640940630838,0.13284915615283532,0.037095808563371246,-0.03332671284667488
0.4095761270877645,0.34200267135287477,0.2679835797375725,0.18694532346890003,0.09826514935149855,0.00126864071085242,-0.06911366320353607
0.3808648930708818,0.3120133801981113,0.23675057930010168,0.15451879853090866,0.06471393403853032,-0.033320177259659745,-0.10349201857512558
0.35264681044734214,0.282659002615238,0.20631040462473238,0.12306063562065206,0.03232240133555875,-0.06654755942595003,-0.13635450248692405
0.3250261425322045,0.25404976339410346,0.17677927306544183,0.09268980990903808,0.0012058180226774962,-0.0983098208857659,-0.16762371633010353
0.2981066040885505,0.22629488957157684,0.14826887173614067,0.0635143973960719,-0.028538717673022296,-0.12853215430388543,-0.19725069383435034
0.27199097105513803,0.19949935043229172,0.12088065622988564,0.035625438952185284,-0.05684115061848194,-0.15716723278059552,-0.22520815163701535
0.24677801308715552,0.17375849915220853,0.0947000905303712,0.009088619404824305,-0.08365716039716997,-0.18418868638901276,-0.25148728370463946
0.2225574516716431,0.14915265917166143,0.0697888358123544,-0.016054505705607625,-0.10896205225514155,-0.20958800391805799,-0.27609257553629796
0.1994048662367458,0.12573978282890397,0.04618590205026285,-0.039780782177828655,-0.13274785566353275,-0.23336952069414152,-0.2990381698053054
0.17737478637639836,0.10355653370101181,0.023913025089453033,-0.062082736714876074,-0.15501863054330722,-0.2555469058996893,-0.32034328136781776
0.15650171026669546,0.08262334025155682,0.0029772204354521214,-0.08296417596440475,-0.17578717772998242,-0.2761387310853719,-0.340032864182342
0.13680485983822366,0.06294679601287001,-0.016625085375740256,-0.10243710219713198,-0.19507088900003933,-0.29516911476142416,-0.3581362973691806
0.11829043920028215,0.04452354245999146,-0.03490515939225369,-0.12051782222438323,-0.21289235071400892,-0.312666452447278,-0.3746840371332735
0.10095528818698551,0.02734299024254172,-0.05187830951976391,-0.13722751338362604,-0.22927815454082512,-0.32866018068665204,-0.38970794605169456
0.08478944286946333,0.011390752204726073,-0.06756441583647543,-0.1525911084543613,-0.2442558670417203,-0.34318109531063856,-0.40324119229755717
0.06977936581701027,-0.0033518559717660157,-0.08198688381567287,-0.16663445429089885,-0.25785432771536654,-0.35626125403554953,-0.415317186676866
0.055907476232696096,-0.016906831952566814,-0.09516997701200802,-0.1793845912743104,-0.2701035577832809,-0.36793294908733987,-0.4259690267552789
0.04315307566309223,-0.029296979872238338,-0.10713907939507628,-0.19086966778814762,-0.2810337980791906,-0.37822816993877495,-0.43522955077652625
0.03149470681699729,-0.040546156888838225,-0.11792061506409213,-0.20111803812792706,-0.2906750059162977,-0.3871786554226845,-0.44313158928170704
0.020909921572721313,-0.05067919772764973,-0.12754120141669456,-0.21015779075572927,-0.2990569038899924,-0.3948161369271478,-0.44970831301147796
0.011375351977805703,-0.0597211187857406,-0.13602720630123377,-0.218016794058412,-0.3062092076238485,-0.40117267465006057,-0.4549932951689917
0.002867459137790629,-0.06769670192094324,-0.14340479097197611,-0.22472290988594557,-0.31216194066332204,-0.4062807177775354,-0.45902023476704834
-0.004637075154754977,-0.0746305348233618,-0.14970011054673005,-0.2303042888008443,-0.3169454908312648,-0.4101728370932771,-0.46182252271318847
-0.01116138640734643,-0.08054719941574207,-0.15493959117019585,-0.23478942291800886,-0.3205903598235269,-0.41288130559096836,-0.46343300816320365
-0.016728604700768313,-0.0854715323458195,-0.15914997961700095,-0.23820691112150782,-0.3231267704633103,-0.41443787265016885,-0.4638834022090821
-0.021362099796389256,-0.08942867160579937,-0.16235812289058493,-0.24058509081989787,-0.3245844552227445,-0.414873187688543,-0.4632039967329584
-0.025085525002230602,-0.09244384938807082,-0.16459062253607082,-0.24195183966062783,-0.3249921164881169,-0.41421652842846424,-0.4614249269967935
-0.02792262226290687,-0.09454206719069358,-0.16587364850104058,-0.24233406946597635,-0.3243771720885804,-0.4124970212157113,-0.45857790537634746
-0.02989691645382453,-0.09574792087419581,-0.16623246407141667,-0.24175748763664728,-0.32276689809302594,-0.40974531670874037,-0.45469854755589134
-0.031031550770366678,-0.09608515417192276,-0.1656912018907487,-0.24024766865662583,-0.32018999804970993,-0.4059958381933544,-0.44982677049750164
-0.03134886660852887,-0.09557644818146038,-0.16427386982794145,-0.23783152543767228,-0.316678708474745,-0.40128716622814875,-0.4440075357449994
-0.030870205489268665,-0.09424436673077641,-0.16200573219166048,-0.23453928345943198,-0.312269159062604,-0.39566275706294063,-0.4372921736346821
-0.029616798590029192,-0.09211265451444262,-0.15891516294062724,-0.23040481850863948,-0.3070020454663821,-0.38917222251546957,-0.42973600639162046
-0.027610988211261178,-0.0892079788358291,-0.1550339627339452,-0.22546628748878905,-0.3009238278691977,-0.38186903264545324,-0.42139824286036176
-0.024877866648943647,-0.08556022758728155,-0.15039795109928944,-0.21976725222009308,-0.2940845795979119,-0.37381041400966364,-0.4123399931516609
-0.0214455565756434,-0.08120306580019254,-0.1450480213923,-0.2133546622648601,-0.2865378918416407,-0.36505543077746916,-0.40262482515760656
-0.017345734719978134,-0.07617492715001062,-0.13902824718793827,-0.20627876559002767,-0.27833907666613056,-0.35566552261406326,-0.3923188126930678
-0.01261456481198553,-0.07051723424560186,-0.13238579841556275,-0.19859142368433536,-0.26954567072747826,-0.34570455121015553,-0.3814900264801291
-0.007291022984626916,-0.0642743198086887,-0.12516935968689713,-0.19034658384846748,-0.26021747884598323,-0.335238308308038,-0.37021157540376026
-0.001416823608476503,-0.05749194013725689,-0.11742957365511619,-0.181600320050602,-0.25041611328529234,-0.3243374551372662,-0.3585594767342075
0.004964979447988238,-0.050217691797191266,-0.10921907936770758,-0.17241040094707505,-0.24020774645782883,-0.31307546394112784,-0.3466132594997934
0.011809600737128445,-0.04250104766826324,-0.10059210674887731,-0.16283887086357662,-0.22966118321761386,-0.30152920114877113,-0.33445231536524556
0.01907048931508193,-0.034392975817873817,-0.09160689947768785,-0.152950242345677,-0.21884840698586827,-0.28977540042462546,-0.322156141264589
0.026699687358182178,-0.025948216646339506,-0.08232401825744229,-0.14281200821503648,-0.20784127685309095,-0.2778908971780448,-0.30980411538294605
0.034645687508986,-0.017223688212333,-0.07280682150488749,-0.13249154471881652,-0.1967117471912686,-0.2659524120451454,-0.29747662109884976
0.042854933367173276,-0.008278938009281145,-0.0631185582032705,-0.12205631744164502,-0.18553166489022177,-0.25403763720199124,-0.2852523086987464
0.05127139439568107,0.0008265893206123032,-0.053322561200763396,-0.11157369119112981,-0.17437378666178416,-0.24222258975577082,-0.27320761973950003
0.05983913683413533,0.010033370314579848,-0.04348206874181215,-0.10111188383873482,-0.16330930055914616,-0.2305811520314487,-0.2614185503091201
0.06850215275684901,0.01928197042329427,-0.0336611198786223,-0.09073764245617233,-0.15240739546720383,-0.2191867757992486,-0.2499610432190812
0.07720451790022542,0.028512202457175118,-0.023922372960365257,-0.08051583966258125,-0.14173685706748407,-0.2081128613365365,-0.2389108917214301
0.08588959981237743,0.03766517688225135,-0.014326726706901383,-0.07051097002709028,-0.1313664228197844,-0.1974326643684382,-0.22834369072545235
0.09450198705571244,0.046683657954532,-0.004934724946273783,-0.06078748290535407,-0.12136469481447165,-0.18721924891775255,-0.21833259083870504
0.10298782430752174,0.055510743475579494,0.004193130937307776,-0.05140970072845663,-0.1118000956176457,-0.17754331653976685,-0.2089471172968539
0.11129357009099272,0.06408957113785085,0.012996458709192416,-0.04244177760262091,-0.10273883540573381,-0.16847206479383803,-0.20025757201757377
0.11936572046419802,0.07236339061667585,0.021415034148520196,-0.0339457932616789,-0.09424384295367483,-0.16007344191833728,-0.19233285183017745
0.12715087685421977,0.08027560009685919,0.029390580337081307,-0.025980750744277747,-0.08637875002787354,-0.15241403810505483,-0.18523734174757833
0.13459578042644393,0.08777142793822756,0.036867708582864145,-0.018606312225249444,-0.0792059166192639,-0.14555608278313958,-0.17902975828779377
0.14164889442863893,0.09479881700389536,0.043790411434349696,-0.011880947442145517,-0.07278361897744468,-0.13955632666572326,-0.1737615081715499
0.14826123628958587,0.10130512861501861,0.05010380083221877,-0.005859297150496712,-0.06716500267627978,-0.13446445539765506,-0.16947272788592094
0.15438327624277148,0.10723877615502331,0.055756583147385186,-0.0005911915011627134,-0.06239659703606493,-0.1303192617129213,-0.16619280938892833
0.15996647444771517,0.11255155123743599,0.06070198067242649,0.0038797428615064966,-0.058514730448034236,-0.12714915353887168,-0.1639419727301381
0.16496546977115067,0.11719948977085037,0.06489903919849471,0.007519443849475005,-0.055546006200815845,-0.12497367396612502,-0.16273485226750917
0.16933889470100882,0.12114410088684857,0.06831578317743592,0.010302967788428319,-0.05350872589290401,-0.12380696740035169,-0.1625763244086651
0.17305053169217843,0.12435533232337503,0.07092879690853571,0.012213154803185189,-0.05241613539408341,-0.12365374698905274,-0.16346179517580384
0.17607210341028212,0.12681117680253395,0.07272197167835803,0.013237585351691061,-0.05227264844498958,-0.12450957255891437,-0.16537637538224115
0.1783829023573409,0.12849649452827827,0.07368364872820954,0.013372121039235685,-0.05307410693824732,-0.12636005340710188,-0.16829334010611163
0.17996868291435875,0.12940032800052603,0.07380994316884903,0.012620660574643727,-0.05480703435315304,-0.12917935935114744,-0.17217793635787182
0.18081913474618716,0.1295190260008856,0.07310451488606029,0.010995839762007353,-0.05744724139243629,-0.13293390091731094,-0.1769936003876904
0.18093082228038448,0.12885602827794584,0.0715792256530201,0.008520338878244216,-0.06096327238339794,-0.13758833849507457,-0.18270377165516583
0.18030698210928509,0.12742248313522442,0.0692553664218849,0.005223651271568208,-0.06532203269554859,-0.14310733557589983,-0.18927137611112999
0.17895810410236157,0.12523840090281912,0.06616062386808852,0.0011368070035633338,-0.07049043060332216,-0.14945505933454406,-0.1966584487687053
0.1769030167522616,0.12232980293997553,0.06232412724604863,-0.003709166587888779,-0.07643490959340626,-0.1565948158362832,-0.20482658687479038
0.17416620456118248,0.11872406641574229,0.057775003253326185,-0.009282806372388208,-0.08312110674574902,-0.16448948803640306,-0.21373684399887738
0.17077342776514381,0.11444856609610365,0.052542787684676906,-0.015551893119513993,-0.09051426290874454,-0.1731014334148786,-0.22334845139622372
0.1667504443390293,0.10953106123759326,0.04665772611849062,-0.022483836085722575,-0.09857912683676051,-0.18239124814778163,-0.2336199734025759
0.16212337403973476,0.10399997818785112,0.040150412888516396,-0.030045583132140785,-0.10727879786865047,-0.19231888381986428,-0.2445099846238561
0.15691896431594943,0.09788407107271113,0.03305187546015764,-0.038202535601193466,-0.11657577170018174,-0.20284430194221292,-0.25597725158988793
0.15116427103552832,0.09121250109737811,0.025394593082491035,-0.046919528849770686,-0.12643255332287728,-0.21392764952428178,-0.2679803514741371
0.1448867331030328,0.08401579392789849,0.017211576319574817,-0.056161406950613446,-0.13681182144267967,-0.22552889055874092,-0.28047779854524546
0.1381150732969445,0.07632497458742149,0.008535827553523001,-0.06589317685391627,-0.14767608337505056,-0.23760792823946364,-0.2934279215668135
0.13087848426013338,0.06817106040928533,-0.0005998037336263362,-0.07607968481138283,-0.15898778949895198,-0.25012448646591434,-0.30678787593490975
0.12320615139982993,0.05958492502348478,-0.010162317205244964,-0.08668572369013239,-0.1707092222887734,-0.26303715505388836,-0.32051478302564695
0.11512712490723698,0.05059758384090518,-0.020118662410297805,-0.09767592892723753,-0.18280160217890362,-0.2763044909381994,-0.3345675152800319
0.10667058838067467,0.04124009937252482,-0.030435641111388523,-0.10901394017386423,-0.19522611881154317,-0.2898867434936221,-0.3489064516454148
0.09786576973675998,0.031543673026532826,-0.04107912028402905,-0.12066336820992396,-0.20794554675510757,-0.30374561816406176,-0.36349446415420716
0.08874202758586192,0.0215403847720268,-0.052014939801042215,-0.13258930986781858,-0.22092402414906298,-0.31784523001102183,-0.3782953029388113
0.07932954721024954,0.011262340050603337,-0.06321033455668723,-0.14475814048625302,-0.2341279456773837,-0.33215054279756984,-0.3932729954263633
0.06965853786025056,0.0007403331910813549,-0.07463373963411934,-0.15713835117661246,-0.24752450081109034,-0.3466267882977936,-0.4083916595499193
0.059757975109527406,-0.009995969476873423,-0.08625557628337699,-0.16969917825548986,-0.2610811300065863,-0.3612392857615998,-0.4236159498591965
0.049655773153761684,-0.020918768325218995,-0.0980469653107029,-0.18241009336743863,-0.2747653556391155,-0.37595387308985084,-0.43891076353680436
0.03937808973696111,-0.032000921204755395,-0.10997924843482498,-0.1952406449654437,-0.2885451857871163,-0.3907366226930521,-0.45424099519780825
0.028950463955890182,-0.043215493591179155,-0.12202383947785145,-0.2081608369056719,-0.30238884814123757,-0.40555360450012534,-0.46957156962591384
0.018398239545027284,-0.05453561872664703,-0.1341525797684604,-0.22114087895625623,-0.3162645680681896,-0.42037091759859857,-0.4848680496394687
0.0077466964747703315,-0.06593483164594127,-0.1463375039337541,-0.2341509787063667,-0.3301405982409621,-0.4351552777495046,-0.5000965892337886
-0.0029792633466868557,-0.07738684905562931,-0.15855064455534895,-0.2471613693479836,-0.34398576883132015,-0.4498739720984819,-0.5152241190861979
-0.013754908953150458,-0.08886538573982539,-0.17076405824932173,-0.26014282554529256,-0.3577694450979215,-0.4644950384701839,-0.530218430643091
-0.024555507569517743,-0.1003441790714642,-0.18295030993501404,-0.2730666236686168,-0.37146169529089024,-0.4789873466401392,-0.5450477588940597
-0.035356347675379096,-0.11179744415298898,-0.1950824355049139,-0.2859046992244646,-0.3850333667608099,-0.4933201950774294,-0.5596804062267204
-0.04613316726447536,-0.12319983873159035,-0.20713408961101687,-0.2986297182165544,-0.3984557083186805,-0.5074629473927037,-0.5740846750286908
-0.05686212083209141,-0.1345266020964161,-0.2190796126544925,-0.3112147230643936,-0.41170002977889275,-0.5213849671966113,-0.5882288696132455
-0.06751991006880587,-0.1457536180389002,-0.23089369839421225,-0.32363281338525673,-0.42473764095583855,-0.5350556199609888,-0.6020812917261158
-0.07808384310229788,-0.15685710245418916,-0.242551094283055,-0.3358570887964194,-0.43753985340686286,-0.5484442686760895,-0.6156102456805763
-0.08853154054945944,-0.16781332170181495,-0.2540265477738991,-0.34786065054937854,-0.4500779763653723,-0.5615202788137503,-0.6287840332223587
-0.09884067051107281,-0.178598542141309,-0.2652948078537375,-0.3596165977166683,-0.46232332138871235,-0.5742530133642244,-0.6415711589331563
-0.10898890108791959,-0.18918903157404243,-0.2763306214640777,-0.37109803154978616,-0.47424719771028967,-0.5866120313628631,-0.6539412057630729
-0.11895390173746401,-0.19956105587893402,-0.28710873759191247,-0.38227805112126634,-0.48582109815467045,-0.5985679341100962,-0.6658653941132909
-0.12871334010826074,-0.2096908828573547,-0.2976039031787492,-0.3931299276416883,-0.4970174916006884,-0.610092905536244,-0.6773169303801474
-0.1382448856577737,-0.21955477838822313,-0.3077910267594868,-0.40362784748592195,-0.5078103290191032,-0.6211610490764793,-0.6882707720248731
-0.14752620603455757,-0.22912916022422525,-0.31764587597313465,-0.4137473866622323,-0.5181753589472828,-0.6317481606059363,-0.6987022975858872
-0.1565351117910615,-0.23839125354820323,-0.32714552296738364,-0.42346580660645206,-0.5280899148488107,-0.6418304429794464,-0.7085869022906435
-0.16525017322196267,-0.24731950958724325,-0.3362686220733272,-0.43276185480690443,-0.5375317113132219,-0.6513841151821332,-0.7178999832922541
-0.17365111425433288,-0.2558938665856363,-0.3449952226434947,-0.44161463610177853,-0.546478478035653,-0.6603853980603092,-0.7266169351762872
-0.1817190580071798,-0.264095573900451,-0.35330570949011564,-0.45000326949251934,-0.5549079464541951,-0.6688105099787023,-0.7347131550958548
-0.1894363612761758,-0.2719061961710074,-0.3611804807210782,-0.4579068756147948,-0.5627978456830003,-0.6766356717836244,-0.7421640389202968
-0.19678567751824427,-0.2793073105325691,-0.3685999359783857,-0.46530457292531,-0.5701259071601593,-0.6838371030805956,-0.7489449818770674
-0.2037496719482239,-0.28628049556223867,-0.3755444728585545,-0.4721754820597325,-0.576869861161794,-0.6903910228547403,-0.7550313811192784
-0.21031101113763628,-0.292807327914666,-0.3819944910035875,-0.4784987225642485,-0.5830074373830411,-0.6962736519523699,-0.760398631874384
-0.21645235984909228,-0.2988693861669539,-0.3879303890327448,-0.4842534134403039,-0.5885163672619912,-0.7014612093586088,-0.765022130011724
-0.22215638465411336,-0.30444824793497904,-0.39333256505391456,-0.489418675323566,-0.5933743804937814,-0.705929914678977,-0.7688772720425249
-0.22740575121976603,-0.30952549035400423,-0.3981814187090995,-0.49397362721548055,-0.597559207354533,-0.7096559881393907,-0.7719394538361263
-0.23218312476088876,-0.31408269200113226,-0.40245734810618805,-0.497897388662234,-0.6010485787013526,-0.7126156493453696,-0.7741840719037544
-0.2364711718490029,-0.3181014300116265,-0.4061407518644402,-0.5011690797547531,-0.6038202248103614,-0.7147851185228298,-0.7755865208309772
-0.24025255769894727,-0.3215632820013632,-0.4092120291144872,-0.5037678200392243,-0.6058518765386657,-0.7161406140364996,-0.7761221984127927
-0.24350994797778824,-0.32444982606683204,-0.41165157847558875,-0.5056727296065745,-0.6071212630004175,-0.7166583573530868,-0.775766499234769
-0.24622600880481949,-0.3267426398239094,-0.41343979907837636,-0.5068629269135088,-0.6076061162146926,-0.7163145668373195,-0.7744948198081323
-0.24838340584710727,-0.3284233013690847,-0.4145570885193669,-0.5073175331404352,-0.6072841652956429,-0.715085462715114,-0.7722825566441082
-0.24996480522394549,-0.32947338735700804,-0.41498384695193447,-0.5070156667440588,-0.606133141100375,-0.7129472652123858,-0.769105104970151
-0.25095287169794533,-0.3298744768453953,-0.4147004719725962,-0.505936447815307,-0.6041307744859946,-0.7098761933142594,-0.7649378612974868
-0.25133027229285565,-0.3296081464888966,-0.41368736271198325,-0.5040589964451061,-0.601254795147639,-0.7058484672466505,-0.7597562214954554
-0.25107967177128765,-0.3286559743840015,-0.41192491830072697,-0.5013624316349022,-0.5974829339424139,-0.7008403066150795,-0.7535355814333969
-0.2501837362525352,-0.3269995386271993,-0.40939353684671576,-0.497825873475622,-0.5927929211464413,-0.694827931025066,-0.7462513376225375
-0.24862513185589208,-0.3246204163537537,-0.4060736174805809,-0.493428441513452,-0.5871624870358424,-0.6877875607025263,-0.7378788852903311
-0.24638652379619708,-0.3215001856601537,-0.40194555882158234,-0.4881492552945782,-0.5805693624677235,-0.6796954146325844,-0.7283936209480038
-0.24345057819274374,-0.3176204241622761,-0.39698975948897963,-0.4819674349099279,-0.5729912771372215,-0.6705277130411564,-0.7177709404648954
-0.2397999607125988,-0.312962709475997,-0.39118661861340454,-0.4748620993609466,-0.5644059619014425,-0.6602606755337623,-0.7059862397103462
-0.23541733702282808,-0.3075086196978063,-0.3845165343027451,-0.46681236873856125,-0.5547911470365081,-0.6488705217159223,-0.6930149151955822
-0.2302853732427257,-0.30123973196296694,-0.3769599056876326,-0.4577973625889582,-0.5441245628185398,-0.636333471813552,-0.6788323627899433
-0.22438673458713032,-0.2941376243679683,-0.3684971313873273,-0.4477962004583237,-0.5323839401046437,-0.6226257454321719,-0.6634139783627696
-0.21770408717533563,-0.2861838745286872,-0.3591086100210886,-0.43678800243758475,-0.5195470091709414,-0.6077235621773016,-0.6467351571415152
-0.2102200966744081,-0.2773600600609998,-0.34877474071954795,-0.42475188807292774,-0.5055915002935545,-0.5916031410340656,-0.6287712969211781
-0.20191742875141394,-0.2676477590613956,-0.3374759221019653,-0.41166697691053866,-0.49049514316761955,-0.5742407034691714,-0.609497792287326
-0.1927787495256469,-0.25702854914575113,-0.3251925527876004,-0.3975123879518636,-0.47423566981221243,-0.5556124678473475,-0.5888900391092995
-0.18278672466417323,-0.24548400792994263,-0.3119050308843416,-0.3822672423773106,-0.4567908093414851,-0.535694653774114,-0.5669234345402103
-0.17192401983405936,-0.23299571254923346,-0.2975937565455632,-0.3659106586435844,-0.4381382920315592,-0.5144634820957825,-0.5435733738075124
-0.16017330025014387,-0.2195452420613393,-0.2822391273677821,-0.3484217562968718,-0.4182558493205255,-0.4918951717974772,-0.518815253422432
-0.1475172329361757,-0.2051141731209104,-0.2658215419702582,-0.32977965597284,-0.39712121090352115,-0.4679659431051143,-0.4926244692543089
-0.13393848265476616,-0.18968408334382314,-0.24832139999499436,-0.309963476672935,-0.37471210763765184,-0.44265201562421364,-0.4649764165305974
-0.11941971507298133,-0.1732365513071802,-0.22971909954987857,-0.28895233848808355,-0.35100626979903937,-0.41592960833989945,-0.4358464924044092
-0.10394359676234277,-0.15575315414624458,-0.20999503976554246,-0.26672536096447186,-0.3259814270828205,-0.3877749420984835,-0.4052100921031987
