ORIG,IMF1,IMF2,IMF3,IMF4,IMF5,IMF6,IMF7,IMF8,IMF9
1.761696,1.05260880353633,0.0848325852082739,0.43208279820113,-0.879141129143026,-1.12298452202183,-1.18499754466023,-1.24091335830017,-0.0727293500934213,4.73027761016989
1.774656,0.687347761768726,0.265728601265847,0.0962515535922879,-0.684027990752349,-0.940716525308465,-1.03734473924932,-1.21293591050504,-0.0688809609278001,4.73273040974064
1.910304,0.276930726180419,0.452416976884155,-0.152159342354717,-0.503126605209539,-0.769815576240515,-0.89641525332342,-1.18503319697787,-0.0650676034717778,4.73515496688825
2.111616,-0.298236089026802,0.895306325598672,-0.346159165214886,-0.336429073559583,-0.609950511282005,-0.762093949173176,-1.15720718718177,-0.0612891674691107,4.7375512816127
2.402784,-1.21009117132374,1.81059174656189,-0.518757190563219,-0.183927496847468,-0.460790166896958,-0.634265689089249,-1.12945985057988,-0.0575455426635554,4.73991935391401
2.99808,-2.06086978489938,3.08232601776163,-0.702174035301858,-0.0456139761181784,-0.322003379549401,-0.512815335362293,-1.10179315663531,-0.0538366187988687,4.74225918379218
8.39980799999999,2.31275846007567,3.72269936024635,-0.925475681641495,0.0785193875832966,-0.193258985703357,-0.397627750282965,-1.07420907481118,-0.0501622856188073,4.74457077124719
3.053376,-2.01736101462925,2.85068102666248,-1.2070247810497,0.188480493211972,-0.0742258218228501,-0.288587796141919,-1.04670957457063,-0.0465224328671274,4.74685411627906
2.867616,-0.988814396027611,1.54766403629151,-1.52457535065987,0.284277239722861,0.0354272756280947,-0.185580335229811,-1.01929662537677,-0.0429169502875861,4.74910921888778
2.914272,-0.147565608840901,0.750272408203725,-1.83528807970485,0.365917526070977,0.136031470185453,-0.0884902298372971,-0.991972196692732,-0.03934572762394,4.75133607907335
3.50265599999999,0.932312789233935,0.141549996828157,-2.06533996296076,0.433409251211334,0.227917925385201,0.00279765774496738,-0.964738257981631,-0.0358086546199453,4.75353469683578
1.876608,-0.160458583995851,-0.62779277601638,-2.13271631763563,0.48677438305946,0.311417804763314,0.088398465226327,-0.937596778706594,-0.0323056210193591,4.75570507217506
1.3981248,-0.0584749651979015,-1.40451195371288,-1.99125883666877,0.526104061904504,0.386862271855767,0.168427330316126,-0.910549728330744,-0.0288365165659377,4.75784720509119
1.3571712,-0.279211523156683,-1.93991876645723,-1.61966844413012,0.551447560388076,0.454582490198537,0.242999390723709,-0.883599076317204,-0.025401231003438,4.75996109558417
2.6462592,0.679811220843744,-2.19362625804155,-1.01549615460156,0.562374993657118,0.514909623327598,0.312229784158421,-0.856746792129097,-0.0219996540756163,4.76204674365401
4.27679999999999,1.12919616614551,-2.1252833959461,-0.206364281612417,0.558105924800464,0.568174834778927,0.376233648329605,-0.829994845229546,-0.0186316755262295,4.7641041493007
4.20508799999999,-0.481603006003566,-1.59752329420873,0.726878118551372,0.537815536280864,0.614709288088499,0.435126120946607,-0.803345205081676,-0.015297185099034,4.76613331252424
4.48416000000001,-2.22998054457405,-0.542034401953246,1.64805785922594,0.500676830835073,0.65484414679229,0.48902233971877,-0.776799841148608,-0.0119960725377867,4.76813423332464
6.401376,-2.62025453537501,0.973238125451378,2.39921406803072,0.445872953874387,0.688910574426275,0.53803744235544,-0.750360722893467,-0.00872822758624419,4.77010691170189
13.365216,2.52015021224937,2.31638395258268,2.81329870254665,0.372589098806098,0.71723973452643,0.58228656656596,-0.724029819779375,-0.00549353998816291,4.77205134765599
14.07456,3.13724690274412,2.54227781847616,2.73378767082598,0.280759098061293,0.740159571374484,0.621884850059676,-0.697809101269456,-0.00229189948729959,4.77396754118694
9.74937600000001,0.642405932036918,1.33257609572981,2.10441748510347,0.174297366515577,0.757985152235178,0.656947430545931,-0.671700536826832,0.000876804172589128,4.77585549229475
4.06943999999999,-2.14707140585637,-0.474182024362968,1.08286591377918,0.0593695079184345,0.771028325119007,0.68758944573407,-0.645706095914628,0.00401268124774688,4.77771520097941
2.6034048,-1.14687280746573,-1.78824900183854,-0.117950531656121,-0.0572746833662992,0.779600938036465,0.713926033333438,-0.619827747995966,0.00711584199441632,4.77954666724092
2.0864736,-0.37789392101167,-1.90771915131391,-1.27267429835395,-0.168517585729851,0.784013768157087,0.736072331053378,-0.59406746253397,0.0101863966688416,4.78134989107928
2.2111488,0.0695220696390691,-1.17981239276109,-2.12569971372411,-0.267009606921713,0.784566234485111,0.754143476603235,-0.568427208991762,0.0132244555272657,4.7831248724945
2.6489376,0.219762318152689,-0.645535969419589,-2.42326191859658,-0.345429963394918,0.781526210782612,0.768254607692356,-0.542908956832467,0.0162301288259323,4.78487161148657
2.428704,0.0342461074015631,-1.17076498943741,-2.00879223697895,-0.39792976658098,0.775140275251799,0.778520862030081,-0.517514675519206,0.0192035268210845,4.78659010805549
1.727568,-0.204443206454824,-2.54211483802186,-1.01101957816922,-0.423101614782221,0.765611975364531,0.785057377325758,-0.492246334515105,0.0221447597689656,4.78828036220126
1.5552,-0.422096545809816,-3.73138099581484,0.253951554386777,-0.42009371969923,0.753061932419926,0.787979291288729,-0.467105903283285,0.0250539379258189,4.78994237392389
6.37459200000002,2.35570608135775,-2.99065621162674,1.45240196973561,-0.387925199093181,0.737584278896882,0.78740174162834,-0.442095351286871,0.0279311715478883,4.79157614322337
5.41036799999999,-3.9042532859396,1.44525635291027,2.31285932137761,-0.325639404449895,0.719276849792237,0.783439866053936,-0.417216647988984,0.0307765708914168,4.7931816700997
19.0512,5.00880124717009,5.85698868865266,2.54378296222309,-0.232734121571586,0.698240217638512,0.77620880227486,-0.392471762852748,0.0335902462126477,4.79475895455289
10.740384,-2.78645196120798,5.68838371315831,1.94172220386049,-0.111389074333864,0.674588879863505,0.765823688000456,-0.367862665341287,0.0363723077678246,4.79630799658293
3.11040000000001,-5.94089699403774,2.33215638279863,0.701489317215778,0.0318145374863902,0.648490528002374,0.75239966094007,-0.343391324917725,0.0391228658131908,4.79782879618982
2.0436192,-1.59417369952951,-1.56528145491794,-0.830318410394257,0.188882755426822,0.620193044455637,0.736051858803046,-0.319059711045183,0.0418420306049895,4.79932135337356
1.8252,2.48588046545187,-4.51332753211273,-2.26806065292506,0.351450029235526,0.590010803151308,0.716895419298728,-0.294869793186785,0.0445299123994643,4.80078566813416
1.521072,4.54566172209955,-6.03365215475867,-3.15308838682297,0.510692201905504,0.558373124954732,0.69504548013646,-0.270823540805656,0.0471866214528583,4.80222174047161
1.477872,4.39210202191322,-6.15001878817501,-3.11639190706215,0.657442233305007,0.525781099804496,0.670617179025588,-0.246922923364917,0.0498122680214153,4.80362957038591
2.901312,2.55473302939874,-4.09888646553191,-2.2160130503479,0.782216941420361,0.492637238884127,0.643725653675456,-0.223169910327692,0.0524069623613783,4.80500915787706
2.118096,-4.92142616009006,1.33109670094948,-0.848431125541682,0.876968976084193,0.459275926252266,0.614486041795407,-0.199566471157104,0.0549708147289909,4.80636050294507
18.6108192,4.37325724621637,7.12840116644872,0.514978406516712,0.936591926189686,0.42598933040321,0.583013481094787,-0.176114575316276,0.0575039353804963,4.80768360558993
11.974608,-3.35884551702937,7.17196061009894,1.44117931416738,0.958081379243864,0.393008882935128,0.54942310928294,-0.152816192268333,0.0600064345721379,4.80897846581164
13.3399872,2.19485270131896,2.85837500691966,1.73124381053292,0.939380383103252,0.360512250638101,0.513830064069211,-0.129673291476396,0.0624784225601591,4.81024508361021
5.95123199999999,-1.04630777129526,-0.967255371816849,1.5001037175318,0.879912512362583,0.328641622021593,0.47634947358057,-0.106687842403589,0.0649200096008034,4.81148345898562
3.712176,-0.275691724136649,-3.27054507427306,0.929795930581079,0.779646831782359,0.297500231128262,0.437096510562972,-0.0838618145130363,0.067331305950314,4.81269359193789
2.144448,-0.115213107603965,-4.02133769972766,0.206607289391525,0.63896746598264,0.267150888740657,0.396187557386787,-0.0611971772678596,0.0697124218649342,4.81387548246702
1.6917984,-0.0880849340969664,-3.70980245687736,-0.437065806257801,0.458431621868572,0.237705708700255,0.353743159022692,-0.0386959001311829,0.0720634676009077,4.81502913057299
1.728432,0.115683288586929,-3.24634755564909,-0.702796993741787,0.239018357477687,0.209425416363748,0.309886764311899,-0.0163599525661294,0.0743845534144777,4.81615453625582
1.5273792,-0.135720672724227,-3.33107279967452,-0.371130524744631,-0.0158201498376053,0.182700262252788,0.264741937921873,0.00580869596417788,0.0766757895618874,4.8172516995155
1.8042912,-0.136619871045009,-3.67807747442295,0.511251141722916,-0.294951205506029,0.15793530836311,0.218432827730346,0.0278080759966158,0.0789372862993804,4.81832062035203
2.48218560000001,-0.251022810989425,-3.62999474905301,1.66116194980452,-0.584838344488945,0.135541813773661,0.171086602288062,0.0496362180680609,0.0811691538831999,4.81936129876542
7.85972160000001,2.82059305491578,-2.05228202667986,2.72824710938727,-0.870600159226042,0.115941393388198,0.122832339329812,0.0712911527153901,0.0833715025695894,4.82037373475566
5.33917439999999,-4.38829680600925,2.37083115117739,3.37152915954347,-1.13707331058599,0.0995695158179414,0.0738001666639427,0.0927709104754799,0.0855444426147924,4.82135792832275
17.424288,5.45678394343405,4.95321908523816,3.25738119596199,-1.36889198697582,0.0867859137834436,0.0241216645003815,0.114073521885207,0.0876880842750519,4.8223138794667
1.8226944,-5.77772732893937,1.9930086059577,2.18473442977549,-1.55111124438732,0.0777564057073604,-0.0260702301929167,0.135197017481449,0.0898025378066115,4.8232415881875
1.7930592,-0.579680664277307,-1.49328706721728,0.47907954126951,-1.67144891923607,0.0725654827679226,-0.0766415231785832,0.156139427801082,0.0918879134657146,4.82414105448515
1.0963296,1.5474489937664,-2.24092549292597,-1.42488792432466,-1.71886553825253,0.0712587256440962,-0.127455462483049,0.176898783380983,0.0939443215086048,4.82501227835965
1.675296,2.8811093002647,-1.29353823407863,-3.17333939850167,-1.68097368123781,0.0737745682472041,-0.178371669197383,0.197473114758028,0.0959718721915248,4.825855259811
1.0502784,2.23358874959342,-0.113384646489119,-4.41983647618462,-1.54174375147008,0.0798620016009974,-0.229239940857905,0.217860452469095,0.0979706757707184,4.82666999883921
0.998092800000001,1.85544559520914,0.30558587797642,-4.89540678776107,-1.28678530126524,0.089059143566851,-0.279908198439177,0.23805882705106,0.0999408425024292,4.82745649544427
0.991267200000002,1.97318839332191,-0.565437114787922,-4.45126826506116,-0.915705649562179,0.100684726917976,-0.330225396944342,0.2580662690408,0.1018824826429,4.82821474962618
0.715651200000001,1.81317881082935,-2.38735829817633,-3.14487860337452,-0.456416816648224,0.113546004991577,-0.380041675225988,0.277880808975191,0.103795706448375,4.82894476138495
1.6876512,1.83247894869181,-3.92549384352122,-1.23998770908392,0.0528947842266812,0.126327238679216,-0.429208949778929,0.297500477391111,0.105680624175097,4.82964653072057
2.5589952,-0.354740605234439,-3.35394367651924,0.919276357707742,0.573246014973228,0.137713956775537,-0.477580405001057,0.316923304825437,0.107537346079309,4.83032005763304
2.17503360000001,-6.76507167283192,0.043242546092498,2.9577888780639,1.06648939374854,0.146392426235025,-0.525009963450108,0.336147321815044,0.109365982417255,4.83096534212236
10.2689856,-4.87698039579009,4.3326230743155,4.45713905625912,1.49469426764745,0.15105209388687,-0.571354244587142,0.355170558896811,0.111166643445178,4.83158238418854
24.394176,7.06277135436412,5.73136416493579,4.99451802542396,1.82045435264666,0.150389915997289,-0.616473435012209,0.373991046607612,0.112939439419322,4.83217118383157
6.70204800000002,-6.228881659528,1.86855055622845,4.3190854706295,2.01574440396867,0.143152148565939,-0.660229923178453,0.392606815484327,0.114684480595929,4.83273174105145
9.05212799999998,2.29524304111547,-2.84397746507291,2.78113901112919,2.08348215004256,0.128405356137392,-0.702489140932465,0.41101589606383,0.116401877231244,4.83326405584819
5.946048,2.84164638214823,-4.51104202378829,0.876856058258834,2.03787709084737,0.105987683258537,-0.74312868018632,0.429216318882999,0.11809173958151,4.83376812822177
2.65559040000001,0.8739428099299,-3.73001525063736,-0.929844066982888,1.89444675584957,0.0762720045377414,-0.782037404356165,0.447206114478712,0.119754177902969,4.83424395817221
1.7132256,-0.247102805879451,-2.16988714879732,-2.31730463803481,1.66866093498681,0.0399548565814351,-0.81910719127059,0.464983313387843,0.121389302451866,4.83469154569951
2.0513952,-0.088513576261409,-0.699220048439887,-3.07465046557067,1.37597157384509,-0.00210563948611147,-0.854235549392139,0.48254594614727,0.122997223484444,4.83511089080365
2.61178560000001,-0.0202616256575897,0.199748327683339,-3.09765813270856,1.03139448036327,-0.0490277135551594,-0.887325917322773,0.499892043293871,0.124578051256946,4.83550199348465
2.5044768,-0.459501935470036,0.273450418042662,-2.41829026563125,0.64942953157608,-0.0999406752120411,-0.918284389582032,0.517019635364521,0.126131896025616,4.8358648537425
4.6761408,1.43075629842629,-0.189569082767128,-1.25952005220461,0.24775564706735,-0.153972375572409,-0.947020233118168,0.533926752896098,0.127658868046696,4.83619947157721
1.9466784,-1.96656361422107,-0.188085393467973,-0.0038714177617823,-0.15329720397885,-0.210245639186112,-0.973447005197974,0.550611426425478,0.129159077576431,4.83650584698876
5.42125440000001,0.00270425636911866,0.731514439837486,1.00200234938789,-0.532607736926958,-0.267877834700023,-0.997480648719089,0.567071686489539,0.130632634871063,4.83678397997717
8.59965119999998,2.11120909465921,1.60861372326209,1.53966392197198,-0.869161421093176,-0.325966389248564,-1.01903943322556,0.583305563625155,0.132079650186837,4.83703387054243
4.9218624,-1.1689016936525,1.4884144002236,1.49285280683626,-1.14556740179699,-0.383537673575885,-1.03804736393089,0.599311088369206,0.133500233779994,4.83725551868455
3.2272992,-1.25252417469871,0.678106975611397,0.976744439515076,-1.35705542956143,-0.43950245273922,-1.05443199184785,0.615086291258568,0.13489449590678,4.83744892440352
3.096144,0.534786437493393,-0.192955124164934,0.215084675465163,-1.50751580653444,-0.492683833919804,-1.06812221379877,0.630629202830115,0.136262546823437,4.83761408769933
1.1397024,-0.27525532077035,-0.506879300727047,-0.56486264633146,-1.60342464324051,-0.541914832863854,-1.07905208558039,0.645937853620728,0.137604496786208,4.83775100857201
0.885686399999999,0.0618098061057789,-0.305413215462688,-1.17041685675478,-1.65205966460425,-0.586093771165942,-1.08715974609768,0.661010274167281,0.138920456051337,4.83785968702153
0.529977599999999,-0.283204590891458,-0.0116649136114772,-1.45847544717992,-1.66058823827681,-0.624172697144531,-1.0923861392154,0.675844495006651,0.140210534875067,4.83794012304791
1.014768,0.257627346216623,-0.169626933842121,-1.35214731160755,-1.63485750363433,-0.655178320096774,-1.0946819078252,0.690438459273977,0.141474843513642,4.83799231665114
1.7200512,1.07007951668578,-0.89109372703537,-0.885242679890082,-1.577048060054,-0.678399725266554,-1.09401597324493,0.704789762715446,0.142713492223305,4.83801626783122
1.6907616,0.990364090058328,-1.59473843901659,-0.204207019325767,-1.48550635828522,-0.693827728361121,-1.09039218364554,0.718895881258216,0.143926591260299,4.83801197658816
0.353704319999999,-1.41675966835458,-1.2970202816757,0.506466705275353,-1.35789769191705,-0.701876398492225,-1.08383171886798,0.732754127890182,0.145114250880869,4.83797944292195
2.07915552,-2.30081863183315,0.412157185565721,1.09122503438741,-1.19254055563193,-0.703149831606369,-1.07436255077731,0.746361774309925,0.146276581341256,4.83791866683259
9.17135999999999,2.30225463142695,2.37134198814515,1.41026219867777,-0.988874501765265,-0.69837095141516,-1.06201632628987,0.759716092216026,0.147413692897704,4.83782964832008
5.21095679999999,-1.75871079036249,2.32193643353078,1.35318077757378,-0.748561140134548,-0.688334094002433,-1.04682753733072,0.772814353307065,0.148525695806458,4.83771238738443
5.976288,1.03598875420094,0.47788202821377,0.939316573095439,-0.478438555231807,-0.673860521637407,-1.02883510005522,0.785653829281622,0.14961270032376,4.83756688402562
2.87478719999999,-0.104690711975791,-1.27838108261046,0.307458130179286,-0.189112344026602,-0.655725042366646,-1.00808137969788,0.798231791838278,0.150674816705853,4.83739313824368
1.139616,-0.396605629483355,-2.45378593114933,-0.378803637447298,0.108462796537512,-0.634583435977674,-0.984611798085207,0.810545512675614,0.151712155208981,4.83719115003858
1.2171168,0.371153089840755,-2.93852504487104,-0.959985180453886,0.403796077715265,-0.610999488876654,-0.95847509663677,0.82259226349221,0.152724826089388,4.83696091941034
0.5966784,-0.39816024995689,-2.67151546244779,-1.30558656845017,0.687009670592556,-0.585511125739669,-0.929728331833493,0.834369315986645,0.153712939603316,4.83670244635895
2.5026624,0.133515621660479,-1.61564928760654,-1.36599205758268,0.949032248930795,-0.558671065964639,-0.898438497675731,0.845873941857502,0.15467660600701,4.83641573088441
4.45089600000001,0.239114747599986,-0.297720436226762,-1.15211471492659,1.1802644929415,-0.531099510153864,-0.86468385071678,0.85710341280336,0.155615935556712,4.83610077298673
5.65704,-0.248389112818992,0.748987213724151,-0.687999953812303,1.37125244573465,-0.503444573589109,-0.828557860000298,0.868055000522799,0.156531038508666,4.8357575726659
5.44017600000001,-1.67126472774571,1.02157221099733,-0.0174687797401933,1.5128490111261,-0.476393499500359,-0.790174991474328,0.878725976714401,0.157422025119115,4.83538612992192
10.744704,3.20677505266879,0.403859462938637,0.72268563724911,1.59608171998223,-0.450631553607977,-0.749673800897766,0.889113613076745,0.158289005644302,4.83498644475479
5.31455040000001,-2.83638225934349,0.587668926539811,1.32165907697888,1.61207203631957,-0.426733046379583,-0.707204720541706,0.899215181308412,0.159132090340472,4.83455851716452
4.787424,-5.24992375770432,2.01066090660717,1.63842594600052,1.55197450506437,-0.405008199118256,-0.662930465394146,0.909027953107983,0.159951389463867,4.8341023471511
17.31456,5.58609487378591,3.9008420193907,1.59106808352169,1.41071041874518,-0.385462122151562,-0.617028945777057,0.918549200174038,0.16074701327073,4.83361793471453
7.94879999999998,-2.96391715707888,3.77713193731381,1.13458752149794,1.19759493150905,-0.367733265597797,-0.569697576711227,0.927776194205156,0.161519072017306,4.83310527985481
3.90484800000001,-4.47220340638885,1.9158695608574,0.387482783514453,0.93191145165813,-0.351268016360845,-0.5211430865414,0.936706206899919,0.162267675959837,4.83256438257195
2.2151232,-2.5025562956308,-0.449894531933806,-0.450803058724171,0.634938857404386,-0.335507008002912,-0.471575221560535,0.945336509956908,0.162992935354567,4.83199524286594
2.0123424,-0.0816728544725623,-2.33081076579335,-1.17645020313158,0.328111658678021,-0.31991496312022,-0.421206342691138,0.953664375074703,0.163694960457739,4.83139786073678
1.9955808,1.70719741176881,-3.42072196345457,-1.60698833944397,0.0328170627470995,-0.303946524374145,-0.370254854492202,0.961687073951885,0.164373861525597,4.83077223618448
1.0394784,1.24165980825279,-3.78132338718868,-1.61773233351684,-0.231442004655237,-0.287011444013547,-0.318943305025542,0.969401878287032,0.165029748814384,4.83011836920902
1.6798752,1.17194960609738,-3.23617976625228,-1.24125932436524,-0.452899655571329,-0.268459333984917,-0.267494817326402,0.976806059778726,0.165662732580343,4.82943625981043
0.696729599999998,-2.80106122375126,-0.834165400640455,-0.651762514566747,-0.628236416044596,-0.24746752837807,-0.216132865759533,0.983896890125548,0.166272923079717,4.82872590798868
10.334304,3.2847436394477,2.21257046969451,-0.0253172144462445,-0.756841728506276,-0.22296830540529,-0.165080646973925,0.990671641026078,0.166860430568751,4.82798731374378
5.97844799999999,-2.98523666993087,3.65391910832053,0.480855323685668,-0.838952006255596,-0.193822998052247,-0.114561484555238,0.997127584178897,0.167425365303687,4.82722047707574
6.4647072,-2.97477146310215,3.78347063527502,0.732428061465737,-0.876057895472021,-0.158892587542026,-0.06479692839506,1.00326199128258,0.167967837540769,4.82642539798455
11.866176,2.90966693953559,3.20292630282717,0.687882626455722,-0.873989494071922,-0.11712663498199,-0.0160030630985836,1.00907213403572,0.16848795753624,4.82560207647022
6.29856,-0.860833668924623,1.71904326721801,0.419050803787872,-0.845335673553235,-0.0677253712100383,0.0316239123374803,1.01455522364524,0.168985835546344,4.82475051253273
3.936384,-0.94072002413238,-0.495280812556275,0.0604794051241323,-0.805319826096828,-0.0100620766321462,0.0779113692926943,1.01970821289746,0.169461581827323,4.8238707061721
2.28320640000001,-0.331097725904055,-2.41926017779978,-0.233461005483462,-0.769426765434329,0.0563535104784307,0.122712389729552,1.02452786056907,0.169915306635422,4.82296265738833
1.6730496,-0.504658930724196,-3.06215061319039,-0.317423972056778,-0.75261883015429,0.13177269207196,0.165909960561695,1.0290106067244,0.170347120226884,4.8220263661814
2.3588064,-1.24115440360323,-1.98922578774311,-0.110560390735085,-0.765808600440844,0.21606888750512,0.207416093276015,1.03315267973958,0.170757132857951,4.82106183255133
3.4405344,-2.93119617009917,0.410471228584229,0.349823486701592,-0.80759925305891,0.30818714915225,0.247170532777096,1.03695020381166,0.171145454784868,4.8200690564981
13.273632,4.46842219295876,2.02512624750523,0.978557383355597,-0.866466145043685,0.406359173994075,0.285125446981289,1.0403991714913,0.171512196263878,4.81904803802174
5.3103168,-2.80553278210502,0.443146466738409,1.64235759734721,-0.925774120636596,0.508477422694266,0.321235498919635,1.0434950610948,0.171857467551223,4.81799877712222
4.57401600000001,-1.75115976436311,-1.77933150159687,2.0564657742874,-0.967955758162121,0.612220342878968,0.355456559690946,1.04623280827769,0.172181378903149,4.81692127379956
2.6372736,-5.25078638659104,-0.266157288344312,1.95387703876039,-0.976836481194626,0.715070794184659,0.387747018162227,1.04860642206493,0.172484040575897,4.81581552805375
15.727392,5.09525814995327,2.97471286676285,1.30393818529483,-0.941344861925774,0.814427436311109,0.418070873051717,1.05060920057386,0.172765562825712,4.81468153988479
5.589216,-3.95509275604806,2.80741229797078,0.21404289011816,-0.857898356679496,0.907733341225657,0.446396097685302,1.05223404481352,0.173026055908836,4.81351930929269
4.76236799999999,-0.575592896335956,-0.352691073985772,-1.07574700492657,-0.725066466947186,0.992585973449357,0.472694396518124,1.05347361178787,0.173265630081513,4.81232883627744
2.84195520000001,1.19967201939514,-3.20674335242384,-2.27190178205609,-0.541752641631529,1.06679886514224,0.496944401150135,1.05432016556409,0.173484395599987,4.81111012083904
1.982016,1.89335628593542,-4.2491656769356,-3.08431798120518,-0.307152427203517,1.12843488560051,0.519134403548243,1.05476488087573,0.1736824627205,4.80986316297749
2.007504,0.45477376921543,-2.86954409587662,-3.32162890343727,-0.0215912574962109,1.17581124497377,0.539262032245095,1.05479780382839,0.173859941699296,4.8085879626928
4.0561344,-1.93263219816138,0.77108803433712,-3.01705000219343,0.308232009102067,1.20755838857549,0.557334281073477,1.05440826507731,0.174016942792619,4.80728451998496
11.350368,0.237297839127625,4.87356619622044,-2.24497751650934,0.664448772587491,1.22251862443972,0.573365780922871,1.05358486387897,0.174153576256712,4.80595283485397
15.362784,2.24971989264272,5.39938540114672,-1.07780839155636,1.02420620943099,1.21962162173466,0.587379116245733,1.05231554924292,0.174269952347818,4.80459290729984
6.42211199999999,-2.84101169836166,-0.245014825429299,0.359621664254268,1.36355609375794,1.19784211251512,0.599407018320153,1.05058809053513,0.174366181322181,4.80320473732255
9.38217599999998,3.82872020730511,-5.84695035641429,1.78288701173015,1.65837884298978,1.15619225602236,0.609507618263867,1.04839040791202,0.174442373436044,4.80178832492212
4.65341760000001,-5.42209322028074,-2.30981381294726,2.90205572412623,1.8844081555533,1.09380047112934,0.617769177130228,1.04571075095739,0.17449863894565,4.80034367009855
24.618816,6.71075429738887,4.63616269565577,3.56218009115759,2.01721197309374,1.01001639310134,0.624314462895097,1.04253765487848,0.174535088107242,4.79887077285182
19.808064,0.768087036674606,5.86329589357336,3.64715751438383,2.03568515061139,0.904636361894639,0.629294656992515,1.03885997577712,0.174551831177065,4.79736963318195
7.78809600000001,-7.40558397630315,2.68749056029497,3.10710484686159,1.93529976422752,0.778454142727885,0.632874252367944,1.0346667896728,0.174548978411361,4.79584025108893
4.22841600000001,-5.6815010750484,-1.32904449709573,2.128495744986,1.72857461085961,0.633891439787377,0.635223032715049,1.02994737692598,0.174526640066375,4.79428262657277
2.4770016,-3.04204116994104,-4.01880034051583,0.954902343719777,1.43207966967197,0.474292095504211,0.636511509674857,1.02469119772702,0.174484926398348,4.79269675963345
2.649024,-0.737673599710991,-4.52707134627366,-0.180732260220921,1.06253878933785,0.303183661485816,0.636910099630553,1.01888780752414,0.174423947663525,4.79108265027099
3.126816,-0.324122107488949,-2.97222872462142,-1.09658361854156,0.63666557244587,0.124104874888139,0.636588724126257,1.01252725660464,0.174343814118149,4.78944029848538
7.628256,3.37704430804031,-0.714582854673743,-1.68838999795523,0.172231879427432,-0.059405139977797,0.635716985044443,1.00559991491744,0.174244636018464,4.78776970427663
8.29007999999999,2.64852519807328,1.65988126233652,-1.95401799571928,-0.307705557717052,-0.243807258800968,0.634464213626271,0.998096423052793,0.174126523620712,4.78607086764473
3.6289728,-3.38612584866198,3.49637008832218,-1.94339509249419,-0.774615716762967,-0.425562357270351,0.632999338798942,0.990007823914896,0.173989587181137,4.78434378858967
9.90385919999998,3.30361320497926,3.54300373682781,-1.75924159998602,-1.19673273498042,-0.601131311074923,0.631490923015178,0.981325526882437,0.173833936955983,4.78258846711148
1.6825536,-3.11322469718376,1.96707359726396,-1.5182259381794,-1.54323116663416,-0.766976539838876,0.630107328234842,0.972041264555785,0.173659683201492,4.78080490321013
2.7608256,-0.43135293564326,0.615179260150731,-1.31850784424962,-1.791422705324,-0.919575194622144,0.629016831209674,0.962147504291976,0.173466936173909,4.77899309688564
4.252608,1.99725675703026,-0.0370830855001315,-1.22612725439678,-1.93011858324032,-1.05546847959906,0.628388142204909,0.951637017941086,0.173255806129476,4.777153048138
3.00594240000001,1.09166681409637,-0.233390453297872,-1.22884584876849,-1.95941025871775,-1.1714522491158,0.628389237937431,0.940503121678894,0.173026403324437,4.77528475696721
1.598832,-0.0427949044246159,-0.514089224311238,-1.24358918263985,-1.88523747401499,-1.26515898758057,0.629185646618869,0.92873987423835,0.172778838015036,4.77338822337328
1.1379744,-0.18542827175042,-0.9929967670292,-1.1761608682736,-1.71427052832879,-1.33567010025471,0.63093773316356,0.916342573591228,0.172513220457515,4.7714634473562
1.04328,-0.155157997817877,-1.47597798793571,-0.965097665729644,-1.45434582758962,-1.38323288289621,0.633792700460508,0.903307493465518,0.172229660908118,4.76951042891597
1.544832,0.105869282861404,-2.01506655431891,-0.568751644138926,-1.11914286609653,-1.4085202149564,0.637862404961933,0.889632283082432,0.171928269623089,4.76752916805259
1.7289504,0.0718100187292821,-2.78319925066147,0.0241504915715775,-0.72864397562729,-1.41231063909853,0.643217810572614,0.875315573468973,0.17160915685867,4.76551966476607
1.2865824,-0.693209405449575,-3.50274298462867,0.769863338787205,-0.307430421071675,-1.39536797350363,0.64987089470096,0.860357375548498,0.171272435693277,4.7634819190564
0.923106239999999,-2.06365186066657,-3.7515429121575,1.55248480107005,0.11871041715614,-1.35839544495383,0.657747377760886,0.844758960084355,0.170918232742071,4.76141593092358
8.72553600000002,3.86079732503209,-2.94836578480455,2.20489968129778,0.523462442876019,-1.30206354702566,0.666731619281481,0.828523058645065,0.17054668875657,4.75932170036761
3.9207456,-5.3020070469608,0.638859551092154,2.53395280705361,0.879727536994084,-1.22703568674634,0.676686268958436,0.811654921686026,0.170157956847142,4.7571992273885
19.3262112,6.15822981411315,4.27952056314589,2.34204117660075,1.16156459109574,-1.1339795558308,0.687463401931892,0.794162294363639,0.169752195738377,4.75504851198624
6.200064,-5.73129860360561,3.64254344002126,1.50747409190693,1.35115058778734,-1.02360165299538,0.698910768517235,0.776054997964128,0.169329564977935,4.75286955416084
3.621888,-4.20969645602714,0.556532667024405,0.249335097233155,1.44241737894429,-0.896753583322363,0.710873636008063,0.757344144648521,0.168890224113477,4.75066235391228
1.4063328,-2.47467701373012,-2.12868261292176,-1.06661425740807,1.43596811909885,-0.75463236571389,0.723197065281885,0.738042102755207,0.168434332692665,4.74842691124058
1.4818464,-0.36167231793267,-3.22593957150988,-2.07386263718222,1.33422507426516,-0.599156238400969,0.73572685906743,0.718161851427196,0.167962050263159,4.74616322614573
1.384992,-0.583021403743939,-2.44388433205193,-2.49242496280165,1.14093884870076,-0.433024707093564,0.748309084542042,0.697716713582531,0.167473536372621,4.74387129862773
2.7953856,-1.45788423180046,-0.495044232668861,-2.28106558731703,0.864294348141495,-0.259528078568921,0.760789616317651,0.676720538647259,0.166968950568711,4.74155112868659
6.472224,0.121117370076592,1.22653370647298,-1.53917475294852,0.522025704602622,-0.0823150018729829,0.773013994973932,0.655188134169326,0.166448452399091,4.7392027163223
10.425024,2.49667924445017,1.7820491103189,-0.408620924448632,0.141431872729742,0.0948535941249018,0.784827060425226,0.63313493000856,0.165912201411421,4.73682606153486
4.98286079999999,-3.14387781276316,0.851643582603612,0.914090660967681,-0.244301201139929,0.268188962784222,0.796073419139353,0.610576528347891,0.165360357153363,4.73442116432427
11.24064,3.73483851716696,-0.729075234981912,2.07568794140215,-0.600483940047565,0.433925666959117,0.806597354558555,0.58752885439583,0.164793079172578,4.73198802469054
3.7319616,-4.09033024067106,-0.855743504684117,2.6564543811431,-0.893351728079049,0.588386116969315,0.816243011383434,0.564008090100295,0.164210527016726,4.72952664263366
13.064976,4.07415192205741,0.6576222362713,2.49650314346663,-1.09548992700476,0.728099363578479,0.82485475392059,0.540030659405476,0.16361286023347,4.72703701815363
10.257408,0.98689046829075,1.60013163577095,1.71307189861888,-1.19753265861084,0.850064354938431,0.832276981969312,0.515613325939132,0.163000238370469,4.72451915125045
5.35852799999999,-2.50947839595323,1.4831659944585,0.527263814476937,-1.20300679897201,0.952139978962431,0.838355897867921,0.490773270180581,0.162372820975385,4.72197304192413
2.9649024,-2.7699654039525,0.575318065496183,-0.802949782347399,-1.11952707496719,1.03340110851988,0.842946562659409,0.465527910189564,0.161730767595879,4.71939869017466
2.26903679999999,-1.35571441252499,-0.544971854094455,-2.03196813107685,-0.956251232493049,1.09411874393846,0.845925516496182,0.439895047118742,0.161074237779612,4.71679609600205
2.062368,-0.148501534932219,-1.44014416521689,-2.91795079207853,-0.723274807264621,1.13515565201537,0.847185821505972,0.413892746047402,0.160403391074245,4.71416525940628
3.4763904,2.21876681037152,-2.24538721847448,-3.25590971607794,-0.431669563510861,1.15764917705131,0.846637897178438,0.387539355458919,0.159718387027439,4.71150618038737
5.88038399999999,4.46581355166453,-2.85997168755564,-2.93043561247659,-0.0960111053380973,1.16281476317079,0.844204714602094,0.360853585261463,0.159019385186855,4.70881885894531
5.839344,3.1669472842506,-2.91606700683827,-1.95054918871778,0.261811811613884,1.15188561439549,0.839816096817405,0.333854366133493,0.158306545100154,4.70610329508011
0.955756800000001,-4.05529527876033,-2.18073379963674,-0.536328849225599,0.614719281342596,1.12610187159174,0.833402104350193,0.306560776498004,0.157580026314998,4.70335948879175
3.1313088,-5.63019841231766,-0.192865905537088,1.02178407341716,0.934673088234457,1.08673105855138,0.824895405296282,0.278991946779556,0.156839988379046,4.70058744008025
6.1877952,-7.55645385712902,3.21734956110885,2.42326404413308,1.19358886638823,1.0350851828724,0.81423028962492,0.251167052010834,0.156086590839961,4.6977871489456
25.251264,7.97162825257103,5.70111745941416,3.34367709082954,1.36336196075093,0.972546654422605,0.801345102743474,0.223105447454363,0.155319993245404,4.69495861538781
12.324096,-4.07478316964451,4.69908918648179,3.53816163198373,1.41997750924163,0.900711307770241,0.786184663961155,0.194826782083792,0.154540355143034,4.69210183940686
5.84323200000001,-6.6684895291164,1.50477670799238,3.11024132874568,1.35898305906638,0.821448300397074,0.76870126489417,0.166350974894039,0.153747836080514,4.68921682100277
4.00032000000001,-4.32681226268067,-1.69154338558015,2.26863034926451,1.19414750746807,0.736754021071107,0.748850833763459,0.137698206271366,0.152942595605504,4.68630356017553
2.700864,-2.62743866085855,-3.25895984472602,1.22243702759188,0.945177094687839,0.648634258633479,0.726590767722935,0.108889010668826,0.152124793265666,4.68336205692515
2.744496,-1.27056211540549,-2.95201362655582,0.162755042687186,0.633154073886163,0.55906071749179,0.701883139190933,0.0799440953812973,0.151294588608661,4.68039231125162
3.393792,-0.598750917625795,-1.54559230393615,-0.754742217895592,0.279377157172767,0.469980561063663,0.674704092063211,0.0508840924367543,0.150452141182149,4.67739432315494
6.116256,2.29913803932234,-0.594132711856531,-1.38244764182121,-0.0945344388628263,0.383342834666564,0.64503595195675,0.0217297198659897,0.149597610533791,4.67436809263511
3.59424,0.749382745680002,-0.857758447730194,-1.62973442307918,-0.46522226370569,0.301092408134689,0.612870184289492,-0.00749834132265103,0.148731156211249,4.67131361969214
0.3774816,-1.2724201627993,-1.46484107414157,-1.6074164832359,-0.806522252632116,0.22516865763259,0.578205843478021,-0.036779214188654,0.147852937762184,4.66823090432602
1.88532576,0.210560519546508,-1.27473706106588,-1.48814545354298,-1.0921626673483,0.157501592642763,0.54104881775134,-0.0660913112529957,0.146963114734257,4.66511994653675
1.5983136,-1.1341785573647,0.0819732100878768,-1.41688311190302,-1.29677773560286,0.0999781517712444,0.50141811117846,-0.0954127640869324,0.146061846675128,4.66198074632433
4.27602239999999,0.529509220503858,1.50062766125508,-1.42822226726354,-1.39810340232464,0.0543570676147732,0.459349553671913,-0.12472180255607,0.14514929313246,4.65881330368877
4.96540799999999,0.916434406952292,1.89919597341596,-1.51332636071756,-1.38614580838886,0.0217154629093166,0.414904662566488,-0.153996606722915,0.144225613653911,4.65561761863006
2.48304960000001,-0.772481955656514,1.0468147402666,-1.63285219263377,-1.27065706843602,0.00141189616310653,0.368190439347682,-0.183215281148993,0.143290967787146,4.6523936911482
1.460592,-0.530068852246796,-0.182164133128682,-1.7150007093763,-1.07055923595433,-0.00809093079293756,0.319361150347866,-0.212355915184919,0.142345515079823,4.6491415212432
1.146528,-0.017352266839277,-0.985013064108196,-1.68228583965265,-0.807092159690451,-0.0085702783521785,0.268604158849824,-0.24139662063162,0.141389415079603,4.64586110891504
1.2567744,-0.269200315663843,-1.26051232794771,-1.45903190159762,-0.502516288794959,-0.00189643489892977,0.216125976882449,-0.27031566580063,0.140422827334149,4.64255245416375
1.9579968,0.000978167246302294,-1.33602135428451,-1.00756531946078,-0.178998370405824,0.00999922775105939,0.162146411207668,-0.299091561285917,0.139445911391122,4.6392155569893
3.988224,1.02443862084485,-1.41876006476877,-0.353497495198942,0.143691936414462,0.0251786134570559,0.106894602062453,-0.327702890131126,0.138458826798181,4.6358504173917
6.31022400000002,2.27030846396059,-1.32214040341125,0.404240596532191,0.4486087270428,0.0416950837317141,0.0506090758481533,-0.356128188744607,0.137461733102988,4.63245703537096
4.61496959999999,-1.15827456327101,-0.612022832011696,1.14132394679608,0.71959967563888,0.0575906775893724,-0.00645834192508087,-0.384345979722764,0.136454789853205,4.62903541092707
4.1478048,-3.59172339484042,0.696876592197218,1.74508786020086,0.940562829042435,0.0709018494587892,-0.0640454093696718,-0.412334778332197,0.135438156596491,4.62558554406003
9.54244800000001,-0.244801740263292,2.24341830955627,2.11801285761669,1.09552728944579,0.079680159714919,-0.121882717123393,-0.440073070520287,0.134411992880509,4.62210743476985
14.328576,3.81988050054264,2.90879627674815,2.16455247270825,1.17120748559949,0.0820960250059631,-0.179696627755181,-0.467539334904611,0.13337645825292,4.61860108305652
7.46064000000001,-1.39291610524785,1.79976633060668,1.82800564637875,1.16564417761141,0.0768965567147723,-0.237215723897569,-0.494712050102745,0.132331712261384,4.61506648892004
3.19109760000001,-2.82646742345014,-0.263188578595111,1.22240467793034,1.09005304706844,0.0639321117823455,-0.294176000498689,-0.521569696803595,0.131277914453562,4.61150365236042
1.9237824,-1.45850205242999,-2.02755672833706,0.504626431569598,0.958808528062738,0.0436920261043613,-0.350320679902399,-0.548090760062048,0.130215224377115,4.60791257337764
1.3483584,-0.35886702341519,-2.6871072153361,-0.172743723755029,0.78629032123472,0.0168693683760139,-0.40539625163657,-0.574253708296623,0.129143801579705,4.60429325197172
1.4377824,0.00831451781536298,-2.19913908486868,-0.691598846071155,0.586727498532117,-0.0158135451445232,-0.459150032699766,-0.600036980961049,0.128063805608993,4.60064568814266
1.8121536,-0.29228703347475,-0.915737715520182,-1.01408974526501,0.373615163978563,-0.0536317488366378,-0.511335110460461,-0.625418952600284,0.12697539601264,4.59696988189044
3.08499839999999,0.274888193275333,0.501748168158751,-1.14872717476783,0.158707854383179,-0.0958571579374569,-0.561709425218307,-0.65037792484289,0.125878732338305,4.59326583321508
4.307472,0.595801668912568,1.45091827047545,-1.10765815439321,-0.0491133841792767,-0.1417871651697,-0.610034769604281,-0.674892111143781,0.124773974133652,4.58953354211657
2.7258336,-0.949684557814784,1.56273218621165,-0.912629947129534,-0.242022398846904,-0.190742467980529,-0.656078483485208,-0.698939702325671,0.12366128094634,4.58577300859491
4.2296256,1.38089261317928,0.829980286358929,-0.624417918959525,-0.411802822434133,-0.242034783564401,-0.699613906761711,-0.7224988878665,0.122540812324031,4.58198423265011
0.526262399999999,-1.36820051029681,-0.0221065000517863,-0.342521809388805,-0.550225596058931,-0.294940034120885,-0.740426040587579,-0.745547846851578,0.121412727814386,4.57816721428216
1.2887424,-0.565490224194743,-0.210195072567087,-0.155856774971912,-0.650469463347718,-0.348618412763779,-0.778309342781654,-0.768064818180738,0.120277186965066,4.57432195349106
3.1638816,1.2462677441346,0.0842266458658245,-0.0897251708711815,-0.71040938265825,-0.402116177335765,-0.813068737856832,-0.790028450504832,0.119134349323732,4.57044845027681
2.5485408,0.582390463783079,0.198698015680187,-0.101439636475342,-0.735841777796492,-0.454470200324635,-0.844516860684456,-0.811417991535965,0.117984374438044,4.56654670463942
1.3427424,-0.26758522859937,-0.00838515959966271,-0.123371273410475,-0.737640833373548,-0.504684393055418,-0.872475809395494,-0.832213057299866,0.116827421855665,4.56261671657888
0.834451200000001,-0.453152106684475,-0.227321042450627,-0.0963179369775007,-0.727613494189814,-0.55174091280119,-0.896783436828692,-0.852393383618909,0.115663651124254,4.55865848609519
1.1235456,-0.187427515727705,-0.219355122992327,0.016591883429824,-0.715724546103787,-0.594609013568807,-0.917291793785353,-0.871938976354859,0.114493221791474,4.55467201318835
1.7052768,0.116802866825886,-0.0831907005439368,0.217506385395841,-0.706852906267282,-0.632359721250471,-0.933858248694352,-0.890830504439839,0.113316293404985,4.55065729785837
2.2462272,0.303499164259668,0.0155605691001306,0.480163706097245,-0.700813894128523,-0.664383234720727,-0.946350290160609,-0.909050096241583,0.112133025512448,4.54661434010524
1.8144864,-0.30152396199549,0.0494244442012776,0.754030867650233,-0.694564475853902,-0.690750985686834,-0.954664832751927,-0.926582233443687,0.1109435784106,4.54254313992896
1.8454176,-0.614496697370024,0.0392229207814354,0.970379089537837,-0.683789356867326,-0.712235809141023,-0.95874874915266,-0.943413603965578,0.109748116208689,4.53844369732954
3.7442304,1.38485110728032,-0.0825221806017529,1.05910031079377,-0.663900269962415,-0.730019688119891,-0.95859262300476,-0.9595332215415,0.108546807811808,4.53431601230696
0.820367999999999,-1.46349769954945,-0.103604865318546,0.977681337009062,-0.629917407198146,-0.745389928653251,-0.954214856320941,-0.974933023537896,0.107339826754437,4.53016008486125
3.74742720000001,1.32284312091485,0.181201248647615,0.711831021121476,-0.575946461583825,-0.759570850823679,-0.945647396866704,-0.98960793210869,0.106127350146163,4.52597591499238
1.1280384,-0.643402346321468,0.168540997012841,0.282714891300501,-0.496155533374202,-0.773698814197591,-0.932926687271355,-1.00355530851393,0.104909556019544,4.52176350270037
1.1202624,0.0436336784633898,-0.119467403027589,-0.251203136563312,-0.385869891135942,-0.788811233767031,-0.916092953693863,-1.01677512965406,0.103686622727114,4.51752284798521
0.587001599999999,-0.0468395058345906,-0.283442300179002,-0.794422588787834,-0.240945488029113,-0.805769595755844,-0.895190124988193,-1.02926993955881,0.102458729235247,4.5132539508469
0.552528000000001,0.245298153654612,-0.286929435377505,-1.24024223249374,-0.057705869889568,-0.825072082329121,-0.870266476749183,-1.04104331030725,0.101226055531696,4.50895681128544
0.381283199999999,0.0707649292884052,-0.0795117134014169,-1.49493597107897,0.165975425399209,-0.846466399971679,-0.841390078273698,-1.05209978228102,0.0999887842283925,4.50463142930084
0.16810848,-0.975090443769849,0.365405747675192,-1.48607146824737,0.427959986576633,-0.869055694793364,-0.808661909465362,-1.0624445981749,0.0987470953005086,4.50027780489309
1.51308,-0.534636717428328,0.653666318723628,-1.16187015329035,0.717204612198734,-0.89174433287557,-0.772212997840519,-1.07208350433814,0.0975011676597112,4.49589593806219
4.52476800000001,1.92920311529109,0.161072915260354,-0.510398832529306,1.01265132893635,-0.91338418253436,-0.732216577369978,-1.08102278722422,0.0962511794366303,4.49148582880814
1.19390976,-1.03219817793109,-1.09934010759239,0.345023672503703,1.2908132270131,-0.932797830732939,-0.688890966271412,-1.08926884993249,0.0949973064921416,4.48704747713095
1.2617856,-1.94311533790443,-1.53218900841764,1.16141143014467,1.5281540444951,-0.948806967692095,-0.642493126274205,-1.09682809772041,0.0937397169399629,4.48258088303061
7.01843616000001,1.69691581236954,0.0251632605208369,1.728221498201,1.70117898574329,-0.960253984015492,-0.593300780235033,-1.10370693942581,0.0924785776895538,4.47808604650713
6.295104,-1.56104577960743,2.22362004349526,1.87072515213428,1.78688936822444,-0.965985887469073,-0.541608276773662,-1.10991178742066,0.0912140584995162,4.47356296756049
9.38304000000001,1.9964957287877,2.0936573173604,1.47157891829129,1.76907344151408,-0.96492874194097,-0.487727084812444,-1.11544907048894,0.0899463296845819,4.46901164619071
2.4426144,-1.86695953965823,-0.165097796914942,0.645853882157189,1.6515431783388,-0.956251859832872,-0.431987424655083,-1.12032528010636,0.0886755615178412,4.46443208239778
0.633484799999999,-0.588549252037241,-2.00389927657846,-0.35580249557945,1.4436245312837,-0.939344334704703,-0.37473545856069,-1.12454692786313,0.0874019240571827,4.4598242761817
0.5075136,0.68659092312835,-2.31516569195728,-1.26823053281222,1.15480943398895,-0.913634584609463,-0.316322244657042,-1.12812054053859,0.0861255854985246,4.45518822754248
0.5966784,0.857921054235386,-1.35659269684063,-1.8736563240826,0.794583741320094,-0.878552578834647,-0.25709740008201,-1.13105270993181,0.0848467092054585,4.45052393648011
0.815615999999999,0.0340965142637365,0.127356340386834,-2.06428916044251,0.372264256034373,-0.833521513422179,-0.197406067352447,-1.13335015618256,0.0835654537294692,4.44583140299459
1.035072,-0.783548558428326,1.3286808974238,-1.80729430831415,-0.100434230979986,-0.777898214371558,-0.13758883869971,-1.13501960701944,0.0822819707292957,4.44111062708593
3.8850624,1.70861930041754,1.34887842741047,-1.11489972857039,-0.59862312411582,-0.711026338401026,-0.0779752347167852,-1.13606782125642,0.080996407159322,4.43636160875411
0.795484799999999,-0.848731107845609,0.0635387953307967,-0.109077866795907,-1.08966145418272,-0.632258995377211,-0.0188798394051602,-1.13650160010667,0.0797089093756284,4.43158434799915
0.50494752,-0.813530999796063,-1.1008568157732,0.983448632648625,-1.54146424401361,-0.540967557180599,0.0394032269559167,-1.13632778863276,0.0784196249167923,4.42677884482104
0.26637984,-1.96170387294929,-0.737958143083437,1.92451327408034,-1.92165136620207,-0.436547839335478,0.0965975602651618,-1.1355532925994,0.0771287024887847,4.42194509921979
5.52459744,1.54680522412186,0.462004110987308,2.49776649758433,-2.195076140575,-0.318492500425629,0.15243573522671,-1.13418514896995,0.0758362910300495,4.41708311119539
6.52752,1.8856602565043,1.08101951843367,2.50113467139896,-2.33110387930802,-0.186677073187961,0.206656753567853,-1.13223051149835,0.0745425394790302,4.41219288074784
2.59416000000001,-1.13404327989342,0.570267585219039,1.82884023503678,-2.3206064790654,-0.0415255820459386,0.25900967608173,-1.12969660260353,0.0732475967741699,4.40727440787714
1.097712,-0.765032461537352,-0.329763970823672,0.649021084490511,-2.17517113823116,0.114868756342542,0.309247984213083,-1.12659075239617,0.071951611598813,4.4023276925833
0.636422399999999,-0.197080558394838,-0.715958235401269,-0.768598890921589,-1.91055275088144,0.279328248069924,0.357125774912953,-1.12292037334012,0.0706547316159047,4.39735273486631
0.5616,0.353827387304522,-0.400512473061077,-2.14654750736248,-1.54250302169026,0.448430423374452,0.402397812429322,-1.11869291510968,0.0693571044644189,4.39234953472617
0.520128000000001,0.034913658311577,0.360782451769452,-3.17077078319342,-1.08695679661187,0.618750931630372,0.444821439008707,-1.11391588605218,0.0680588787078392,4.38731809216288
0.963792,-0.611274038145011,1.14292096420741,-3.53337907448315,-0.561355965842338,0.786878528444502,0.484154653237617,-1.10859682102352,0.0667602031407773,4.38225840717645
3.73014719999999,0.943231610756059,0.98390059406258,-2.98692312226688,0.0098917530047299,0.949414708412717,0.520155459624783,-1.10274326080186,0.0654612265578443,4.37717047976687
1.0150272,-1.67414458657355,-1.32702863873651,-1.54618079112485,0.592608651049333,1.10296373912095,0.552581890753907,-1.0963627742403,0.064162097753652,4.37205430993414
5.8746816,2.87845643565323,-3.67933787867085,0.35456173662569,1.15044412297451,1.24413294765347,0.58119206777446,-1.08946301875774,0.0628629655228115,4.36690989767827
2.8458432,-4.34992703408632,-1.94207076590289,2.20906277197706,1.64728378685496,1.36954711555796,0.605744193110932,-1.08205170070593,0.0615639786599346,4.36173724299924
16.0343712,2.22742697487489,2.58004952075859,3.61023761215344,2.04721713322235,1.47585448964997,0.625997125740107,-1.07413659350978,0.0602652859596323,4.35653634589707
24.985152,6.98049061407952,5.90805027551739,4.17658758500177,2.3145590896534,1.55971798211305,0.641714471048337,-1.06572559552016,0.0589670362165163,4.35130720637175
9.05990399999999,-7.4789204102543,4.96509360450512,3.65229165813471,2.42383643078715,1.61799100455249,0.652676924562995,-1.05682667833714,0.0576693782251979,4.34604982442329
4.21459200000001,-7.63540615597104,1.39950090472521,2.29230532285,2.38886146740951,1.64854910612174,0.658707274837536,-1.0474479651528,0.0563724607802887,4.34076420005168
2.3581152,-3.51480540639933,-2.50249456392017,0.503735354803516,2.23561834228689,1.65131891609196,0.659718162299335,-1.03759812331426,0.0550764326763999,4.33545033325692
1.9506528,0.841794966280909,-5.35484188093043,-1.30450282039955,1.9898239386233,1.62753588337545,0.655718628049245,-1.02728640163994,0.0537814427081433,4.33010822403901
2.5231392,4.81125578457995,-6.66484015008847,-2.74713247001999,1.67648186756517,1.57905348364495,0.646812741773896,-1.01652183223686,0.0524876396701298,4.32473787239796
3.4617888,6.53206236560931,-6.41800830670355,-3.49870518252335,1.31969845416182,1.50788090716589,0.633206279010174,-1.00531371495104,0.0511951723569713,4.31933927833376
3.0070656,4.57202237277649,-4.4118211342108,-3.45399302687505,0.939847050947093,1.41602724995748,0.615165179084833,-0.993672049539054,0.049904189563279,4.31391244184641
1.7784576,-0.346652845873475,-0.802133613948379,-2.830794806538,0.552334659522698,1.30548867850626,0.592976379096838,-0.981607481491459,0.0486148400836643,4.30845736293591
0.773072640000001,-5.98573611593533,3.45633583715944,-1.9026094693144,0.171880112188794,1.1782792968916,0.566935098552226,-0.969131003955307,0.0473272727127388,4.30297404160227
15.73221312,5.4148632553563,6.43330822188059,-0.897279606557791,-0.18708273245081,1.0365318058318,0.537341611770222,-0.95625389994073,0.0460416362451138,4.29746247784548
13.596768,3.08458502487849,6.21060857733763,-0.0179710466256175,-0.510196674957121,0.882535726003822,0.504498869577119,-0.942987621896575,0.0447580794754008,4.29192267166554
5.22460800000001,-2.90743909648982,3.71232567974643,0.606222406558147,-0.784048309146006,0.718829750528832,0.468710597369407,-0.929343967391578,0.0434767511982112,4.28635462306246
2.0638368,-2.86551952011595,0.586181970405588,0.966818400110603,-1.00058984211428,0.54817555351763,0.430280622053615,-0.915334835504518,0.0421978002081564,4.28075833203623
0.9040896,-1.4820130406388,-1.69102301056118,1.09251750198321,-1.16160249991845,0.373641698354425,0.389512826277858,-0.900972181055757,0.040921375299848,4.27513379858684
1.3082688,0.173110781228504,-2.63385802930487,1.03217443338544,-1.27441735688049,0.198502115814173,0.346711233773981,-0.886268096499532,0.0396476218180441,4.26948102271432
1.246752,0.451003717945202,-2.51646147852599,0.896701099623466,-1.34788378134003,0.02615839725516,0.302179908576469,-0.871234700793313,0.0383766713080915,4.26380000441864
0.638236799999998,-0.308855897129265,-2.00067213740646,0.836285080259553,-1.3910561786739,-0.140014769647481,0.256222946860594,-0.855884178186791,0.0371086518654838,4.25809074369982
1.2984192,0.230187226356784,-1.75449043447664,0.965394316943233,-1.41136369675629,-0.296989964322368,0.209144309147289,-0.840228751165861,0.0358436806745997,4.25235324055785
3.2871744,1.69839007915107,-1.42678019631373,1.21902956673911,-1.4104002134381,-0.442409788427845,0.161247718627287,-0.824280606276168,0.0345818269867781,4.24658749499274
0.7289568,-2.45956211476743,0.0139147037887603,1.43125526759021,-1.38646117123186,-0.574618189006524,0.112836076392099,-0.808051916559471,0.033323131987915,4.24079350700448
7.01412480000001,2.6975980264561,1.55954522682491,1.42824582017807,-1.33793428192572,-0.692729712365575,0.0642071303877338,-0.791554863668207,0.0320676325753236,4.23497127659307
1.1208672,-2.42212767410572,0.957517687830435,1.08823375174005,-1.26320170549448,-0.796532894463049,0.0156447952605912,-0.774801667787874,0.0308153656463177,4.22912080375851
1.1428128,-0.606836671820668,-0.246212744575885,0.491378052314031,-1.15990897972449,-0.8862364243176,-0.0325785505853668,-0.757804562392766,0.0295663680982107,4.2232420885008
0.563630399999999,-0.383044292725248,-0.316835641511793,-0.219101972686635,-1.0261749358407,-0.962258440406825,-0.0801993526118443,-0.740575792594926,0.0283206768283161,4.21733513081995
1.4970528,0.782862042845329,0.0862106484475226,-0.918954732043777,-0.859436870646443,-1.02516421386792,-0.126964683195267,-0.723127678566571,0.0270783287339477,4.21139993071595
0.636508800000001,0.184841205551693,0.299357206484006,-1.50271871268755,-0.655123619058856,-1.07573985040841,-0.17262961522464,-0.705472578588423,0.0258393607124188,4.2054364881888
0.437097599999999,0.110600475595327,0.343465884427645,-1.88473749642169,-0.40946764695917,-1.1148830836551,-0.216959658411865,-0.687622880391507,0.0246038096610429,4.1994448032385
0.3134592,0.317685834066013,0.0874847991024887,-1.97215128984692,-0.126305284958779,-1.14357544538112,-0.259729390282746,-0.669591082466778,0.0233717124771337,4.19342487586507
0.293414400000001,0.139692226042117,-0.667411526671092,-1.66869388301804,0.182414139905038,-1.1627368363639,-0.300720534696833,-0.651389742613623,0.0221431060580048,4.18737670606848
0.2080512,0.0040146200419251,-1.35821011568197,-0.974342967647633,0.498808333349455,-1.17318264820603,-0.339723183193216,-0.633031428872345,0.0209180273009695,4.18130029384874
0.997272000000002,-1.05178948584856,-0.87600886780295,0.0175831779843964,0.802574966950445,-1.17566487301777,-0.376533196170922,-0.614528783097367,0.0196965131033416,4.17519563920585
1.3585536,-3.78864949865745,0.875063019463669,1.0826893068307,1.07229822400235,-1.170949866358,-0.410950215328279,-0.59589447746679,0.0184786003624345,4.16906274213982
11.4668352,4.41763267468282,1.87801252411634,1.89636552910442,1.28607578078931,-1.15986692426101,-0.44277626420346,-0.577141116351518,0.0172643259755616,4.16290160265064
2.0087136,-4.36117936240403,0.799130284900035,2.17493816052216,1.42336041024325,-1.14331822694723,-0.471817214433262,-0.558281319485576,0.0160537268400368,4.15671222073832
9.05817600000001,3.72688573067364,-0.0665662898613312,1.89495234610532,1.47250351756081,-1.12220767330679,-0.497888841726656,-0.539327834003817,0.0148468398531734,4.15049459640284
4.62585600000001,0.23110748585149,-0.330420434911869,1.19952945036514,1.43850843747908,-1.09720009167446,-0.520831624737156,-0.520293439314543,0.0136437019122851,4.14424872964423
2.5683264,-0.249913222036394,-0.859678135318288,0.315637092325938,1.33298936024878,-1.06871312256479,-0.540541429742136,-0.501190824591706,0.0124443499146853,4.13797462046246
0.649814400000001,-0.906515695832529,-1.23660938154334,-0.533247948787651,1.1692220976998,-1.03708802181334,-0.556968891864977,-0.482032331944505,0.0112488207576875,4.13167226885754
0.467510400000001,-0.192097917365544,-1.14686151327728,-1.16909046220913,0.960828633866521,-1.00254679766285,-0.570101016389767,-0.462829609632891,0.0100571513386054,4.12534167482948
0.4066848,-0.125125546430373,-0.741097270362536,-1.50635980258892,0.721328014228477,-0.965285077308286,-0.579945939217934,-0.443593894521007,0.00886937855475261,4.11898283837827
0.605145600000001,0.0182780525973176,-0.476749905850941,-1.51789819424599,0.463339183436847,-0.925508764248377,-0.586525376082421,-0.424336125973635,0.00768553930344234,4.11259575950391
1.4332896,0.854449354598834,-0.602360507894646,-1.22693670233951,0.198117868849976,-0.88341797331438,-0.589875106350803,-0.405067229084606,0.00650567048198839,4.10618043820641
0.780623999999999,-0.188748656126364,-0.694102569412754,-0.74702438384487,-0.0629064865383237,-0.839186120013795,-0.59004390235002,-0.385798072521836,0.00532980898770422,4.09973687448576
0.329227199999999,-1.31407600382576,-0.11713519845897,-0.221870841504535,-0.30795983941951,-0.792952328223555,-0.587098918609387,-0.366539491870384,0.00415799171790349,4.09326506834196
4.6342368,1.41449101513328,1.1183489605319,0.220666419086388,-0.525431104140035,-0.744800457065169,-0.581125750365963,-0.347302035053002,0.00299025556989954,4.08676501977501
2.8480032,-1.30281689556848,1.95597263692447,0.461659686197787,-0.704782292409641,-0.694810392104822,-0.572227819131326,-0.328095903911001,0.00182663744100618,4.08023672878492
4.6796832,0.809730260725029,1.7555882363195,0.416988744141791,-0.83919206452267,-0.643088957368453,-0.560515111382953,-0.308931040519451,0.000667174228536694,4.07368019537168
3.084912,0.3872462076189,0.835864433388412,0.121120020969202,-0.929601562629829,-0.589681942614253,-0.546105022376547,-0.289817247032765,-0.000488097170195236,4.06709541953529
0.6986304,-0.637458579826049,-0.192013626943596,-0.314933091910416,-0.981463508181294,-0.53455322296552,-0.529120205697223,-0.270764063638045,-0.00163913985787602,4.06048240127575
0.2858112,-0.0626705930525971,-0.729194154063852,-0.761332366122488,-1.00092967945172,-0.477612358346922,-0.509686912109253,-0.251780644441231,-0.00278591693719226,4.05384114059307
0.23131008,0.318704590582052,-0.867491934008771,-1.06453375524495,-0.994399397505109,-0.418714645419268,-0.487929757827051,-0.232875725434001,-0.00392839151083027,4.04717163748724
0.271244159999999,0.434338326496533,-1.12809193230497,-1.07402867014776,-0.968303779425095,-0.357732318787591,-0.463968204038067,-0.214057822396786,-0.00506652668147662,4.04047389195826
0.19289664,0.240948110251464,-1.60300817937266,-0.721625448770397,-0.926298978906217,-0.294674685587311,-0.437917834948494,-0.195335060447033,-0.00620028555181788,4.03374790400614
0.463104,0.00100577376378893,-1.78847703643967,-0.0694977037473967,-0.867758389044158,-0.229893148214635,-0.409892676975008,-0.176715120923345,-0.00732963122454015,4.02699367363087
1.34925696,-0.981760104696238,-1.00454598141035,0.726545677941236,-0.790548277588965,-0.164114671610286,-0.380006351729024,-0.158205139364067,-0.00845452680233011,4.02021120083244
2.9300832,-2.15928193554661,0.880839179590647,1.46801034446909,-0.692504208248963,-0.0982218078648169,-0.348367012452143,-0.139811994210718,-0.00957493538787429,4.01340048561088
9.77607359999999,2.3051241349324,2.71307428076809,1.94124779191315,-0.571350230890909,-0.0332269556802859,-0.31507860873074,-0.121542394252864,-0.0106908237374223,4.00656152796617
5.7172608,-1.95542037165377,2.56467114926639,1.95894476114658,-0.425582026164226,0.0298350348675841,-0.280246226886165,-0.10340266945536,-0.0118021750796036,3.9996943278983
7.34650559999998,1.43100693495253,1.00536865680473,1.48132394189043,-0.257185178030163,0.0899802438715242,-0.243975185370172,-0.0853987772342647,-0.0129089837291148,3.99279888540729
3.539808,-0.565577633267135,-0.481716331221793,0.6314186025273,-0.0709914445691642,0.146299470068194,-0.206369539888563,-0.0675365091360618,-0.0140112466221966,3.98587520049314
2.1162816,0.142585888880407,-1.62069866022058,-0.431195514065166,0.127751742700328,0.197938641189932,-0.167533185612421,-0.0498215619445077,-0.0151089637487626,3.97892327315583
0.846460799999999,0.0851964790308476,-2.10869013296144,-1.52766956814794,0.334125852464333,0.244189290284028,-0.127573899526884,-0.0322595713222275,-0.0162021358621437,3.97194310339538
0.547603199999999,0.262682345413234,-1.97384922247949,-2.42533638164346,0.54350155574906,0.284576826276126,-0.0866044764985599,-0.0148561121141999,-0.0172907637156712,3.96493469121179
0.547516800000001,0.360603412695434,-2.01540687571103,-2.8382536553491,0.751474047480664,0.318802744985335,-0.0447477539431661,0.00238335529999312,-0.0183748480626764,3.95789803660504
0.40926816,0.569782569062821,-2.92580265224173,-2.57900538984705,0.952025217916425,0.346704578428908,-0.00213167362405749,0.0194534426207773,-0.0194543896564906,3.95083313957515
1.3821408,1.73816416211911,-3.98825893802054,-1.71944341237903,1.13323108068238,0.368168582499343,0.0411185718039018,0.0363488079121707,-0.0205293892504452,3.94374000012211
0.581748479999999,-1.23965880986355,-3.55199711881863,-0.46125469231755,1.28230694749107,0.383120679435796,0.0848764144289866,0.0530641655143103,-0.0215998475978711,3.93661861824592
0.481127040000001,-5.04822761884682,-1.36798523750266,0.952709951365417,1.38713703695269,0.391566643490142,0.129005333991457,0.0695942405894214,-0.0226657654521,3.92946899394659
7.01464320000001,-3.19295922357032,1.89140755708032,2.26577974996748,1.43565788010007,0.393630326062423,0.173352498281066,0.0859337617923167,-0.0237271418006807,3.92229112722411
18.1363536,4.19937753043635,4.75899611799025,3.21907516416131,1.41588211238932,0.389522292409824,0.217751580490309,0.102077487324734,-0.0247839673689799,3.91508501807848
22.34736,7.236308409331,5.54557526112863,3.56631614993271,1.31743208271647,0.379535129650433,0.262030835400691,0.118020180779292,-0.0258362263203679,3.9078506665097
5.42419199999999,-6.95685400903232,3.29974756661947,3.18817278978668,1.13775414209082,0.364169911287138,0.306018362387774,0.133756607539007,-0.0268839007344079,3.90058807251778
3.0436992,-4.77811479263421,0.0386891990257792,2.27640668675039,0.889131333686909,0.344313459540106,0.349541648433084,0.149281549404652,-0.0279269684419378,3.8932972361027
0.970704000000002,-3.07997669552082,-2.36832495043625,1.09690063084762,0.588439380895104,0.321155463762704,0.392430719916708,0.16458977688658,-0.0289654029211079,3.88597815726449
0.817948800000001,-0.618874872045676,-3.5011181965642,-0.0960707629484376,0.252734843364998,0.295955461344721,0.434515987145689,0.179676044313538,-0.0299991738718387,3.87863083600312
1.0844928,0.928531728963533,-3.38479274738978,-1.09431574770414,-0.101053537765719,0.269975888854687,0.475629600163499,0.194535108586961,-0.031028247639233,3.87125527231861
1.5216768,1.35193919787794,-2.42927904898142,-1.78284506465297,-0.456004038446982,0.244483320437818,0.515604754020314,0.209161756952378,-0.0320525874745354,3.86385146621095
3.0415392,2.6524927420651,-1.47536219057902,-2.09699940031977,-0.795463499783532,0.220744549710821,0.55427608493787,0.223550794777724,-0.0330721537594105,3.85641941768014
3.4507296,2.48103860104698,-0.746839614873252,-2.04489413379742,-1.10417587472866,0.200024421674438,0.591481723363727,0.237696959184527,-0.0340869045787774,3.84895912672618
1.1967264,-0.701439309143038,0.0835913366938301,-1.75209971543084,-1.36759510915771,0.183585761546645,0.627064473562073,0.251594746542377,-0.0350967975619391,3.84147059334908
0.611452799999999,-2.67788810830691,1.34009735444299,-1.407785692748,-1.57142970512137,0.172674065096298,0.660870865907084,0.265238568430991,-0.0361017903381987,3.83395381754883
3.41936639999999,-1.28732536908315,2.89460153075889,-1.14404663840432,-1.702025525529,0.168466721179372,0.692757796754288,0.278622824339341,-0.0371018405368595,3.82640879932544
8.08030080000001,2.27592409238894,3.56487012954443,-0.970281563816819,-1.7486824774903,0.171988781445774,0.722593249920448,0.291741928345159,-0.0380969057872243,3.81883553867889
3.42662400000001,-1.38957853921671,2.35109240318847,-0.868040732691047,-1.70983909679248,0.183798983476452,0.750263631285664,0.304590345805391,-0.0390869437185964,3.8112340356092
2.2234176,-0.57844291612191,0.126143596708733,-0.799759935766754,-1.59565376120175,0.203806872296834,0.775677522048095,0.317162628782921,-0.0400719119602787,3.80360429011636
0.993254400000001,-0.308300639094765,-1.75488152606666,-0.713400661753819,-1.41988403642975,0.231471872904753,0.798764559976395,0.329453368324497,-0.0410517681415745,3.79594630220037
0.621388799999999,0.129755690321647,-2.93355232187108,-0.551006161499974,-1.19679445540814,0.266054108512546,0.819474391849749,0.341457184918565,-0.0420264698917867,3.78826007186124
0.6057504,0.195451203730264,-3.59722210373937,-0.267069923982546,-0.940678335575138,0.306753728538315,0.837773917198755,0.353168924476177,-0.0429959748402184,3.78054559909896
0.491702400000001,-0.495460048083529,-3.75468606207749,0.14592858700853,-0.665652160320201,0.352737177705826,0.853645487694925,0.364583686186792,-0.0439602406161728,3.77280288391353
3.1536864,0.884562691246076,-3.34406703341136,0.647773743749273,-0.384011047571201,0.403142049563678,0.867082864937378,0.375696836064945,-0.044919224848953,3.76503192630495
5.42972160000001,1.23312531165677,-2.3106513656214,1.1728290368113,-0.104816704566545,0.457080499254615,0.878084195335311,0.386503939640802,-0.045872885167862,3.75723272627323
5.59370880000001,-0.969596825283138,-0.661411147215235,1.64404778281053,0.164532352890079,0.513656948210271,0.886651224099084,0.397000969863312,-0.046821179202203,3.74940528381836
7.28205119999999,-2.34968029303791,1.58062784652188,1.9703472234612,0.416850210401272,0.571974323542079,0.892789059760586,0.407184713405595,-0.047764064581279,3.74154959894034
9.11087999999998,-3.39198285503296,4.24927042509169,2.07400462733206,0.644732004161597,0.631127705968737,0.896504673379786,0.417052677311149,-0.048701498934393,3.73366567163918
12.43728,-2.32225668097965,6.32444079267869,1.89932552693402,0.840504134415284,0.690190056911677,0.897806847250437,0.426602993113904,-0.0496334398908484,3.72575350191487
18.997632,4.53811150534435,6.20106721042401,1.41661388568065,0.997723512957856,0.748184961828429,0.896706835348312,0.435834240124174,-0.0505598450799479,3.71781308976741
6.17241600000001,-4.34408414274848,2.94304757658102,0.694998782705072,1.11410493829312,0.80407905210811,0.893218090051072,0.444745541002731,-0.0514806721309948,3.7098444351968
2.1374496,-3.32761116825269,-1.58584428924654,-0.125051185783612,1.18977081512548,0.856808690400688,0.88735489567323,0.453336796862945,-0.0523958786732922,3.70184753820305
1.3725504,0.615513973575719,-5.38690511341284,-0.891199102305651,1.22554221909707,0.905332331893166,0.879132864112051,0.461608679965012,-0.0533054223361432,3.69382239878615
1.2489984,2.6188472554382,-7.13128789934008,-1.45550375397432,1.22257147958043,0.948680709435149,0.868572334551717,0.469562192536549,-0.0542092607488508,3.6857690169461
1.3203648,2.54275840084441,-6.48810261118207,-1.71097501967696,1.18390413195835,0.986019327030568,0.855699052853695,0.4771983995878,-0.0551073515407181,3.67768739268291
1.4352768,-0.478266708366024,-3.61710096212858,-1.67184916772734,1.11609021640657,1.01658502905375,0.840544528050733,0.484518188511892,-0.0559996523410482,3.66957752599656
2.928096,-3.172021913291,0.501461051833565,-1.41925470487176,1.02702527364698,1.03965198788847,0.823150317536058,0.491522562325385,-0.0568861207791442,3.66143941688707
8.21378880000002,-1.9761365729864,4.27486014403615,-1.03815544980502,0.924923065293118,1.05451425497996,0.803568235416419,0.498212809957666,-0.0577667144843092,3.65327306535443
16.382304,3.88315561935696,6.41590582564389,-0.611055982901353,0.816969256318753,1.06048936748538,0.781861684939444,0.504590469447889,-0.0586413910858463,3.64507847139865
9.01929600000002,-3.95648732408042,6.34338937611538,-0.213717481646154,0.708951179512844,1.05698669057038,0.758104735279789,0.510657216348551,-0.0595101082130587,3.63685563501972
15.151104,3.71092431593491,4.88101457824853,0.106983763763243,0.605323267706181,1.04354110182957,0.732381010123576,0.516414745018653,-0.0603728234952493,3.62860455621763
8.86377599999999,-0.204607653410792,2.49685998794016,0.335336024629864,0.50969283625648,1.019875036635,0.704790773592453,0.521864746525008,-0.0612294945617212,3.62032523499241
4.07289600000001,-2.30136097397256,-0.263791497075551,0.471568937164723,0.424832218441927,0.985947431487566,0.675452238526483,0.527008944387246,-0.0620800790417776,3.61201767134403
2.77344,-0.978170035183136,-2.72667161675815,0.51889640423857,0.353031532903283,0.941840943003429,0.644501044924036,0.53184906390664,-0.0629245345647214,3.60368186527251
2.72445120000001,0.664237824464312,-4.1955189320179,0.483361636927612,0.296499660464281,0.887728527250369,0.612081802188586,0.536386833779975,-0.0637628187598561,3.59531781677784
2.031264,0.596325820123902,-4.48743132627454,0.383278088064987,0.257410953649459,0.823911901830222,0.578343053840181,0.540623985179414,-0.0645948892564842,3.58692552586003
1.4734656,-0.471627961893302,-3.9085035466143,0.261030706066603,0.237682878922393,0.750928144908368,0.543433140691647,0.54456224024766,-0.0654207036839093,3.57850499251906
1.8188064,-0.902969622252526,-2.88481338671501,0.178532718510505,0.237965563795422,0.669580981582393,0.507500013446415,0.548203326123628,-0.0662402196714342,3.57005621675495
5.63777279999999,2.07547042294832,-1.92092047739171,0.175809091004687,0.254232382159338,0.580936683686927,0.470692903170927,0.551548986388591,-0.0670533948483621,3.56157919856769
3.71831040000001,-0.578635760456553,-1.23699438937459,0.25546239571512,0.278032347635447,0.486211710230836,0.433161412089668,0.554600968491659,-0.0678601868439961,3.55307393795729
2.8473984,-2.23169908742025,-0.367269466607724,0.347682624483415,0.29989024980968,0.386697983114911,0.395055172190758,0.557361022914395,-0.0686605532876392,3.54454043492373
3.1110912,-3.84678122702202,1.56563821290812,0.370818123744126,0.310479008617054,0.283705053404886,0.356523889385222,0.559830907071587,-0.0694544518085945,3.53597868946703
12.572928,4.05383494355626,3.54565774871681,0.266390908397627,0.300702976368594,0.178536766066828,0.317717279150592,0.562012367996609,-0.0702418400361654,3.52738870158719
7.01913599999999,-1.0899438023924,3.49002720308381,-0.000577043000765404,0.263125969404178,0.0724751116583931,0.278785007422572,0.563907178748785,-0.0710226755996546,3.51877047128419
3.23213759999999,-2.62566748175973,1.82294665844848,-0.380557055759697,0.196308219059599,-0.0332234251427025,0.239876719719532,0.565517127972043,-0.0717969161283652,3.51012399855805
1.0301472,-2.0521521065683,-0.24213651467696,-0.755191195214143,0.102756318701529,-0.137374179667272,0.201142047868348,0.566844018001807,-0.0725645192516006,3.50144928340876
1.0525248,0.0358408571664741,-1.80438752082147,-0.995083234492339,-0.0131893376897965,-0.238853520331688,0.162730601223084,0.567889673646312,-0.0733254425986637,3.49274632583633
1.2183264,1.06307069754361,-2.48186079215329,-0.978042044212222,-0.146155911946266,-0.336573395472659,0.124791932526252,0.568655897828693,-0.0740796437988573,3.48401512584074
0.697075200000001,0.516792172869524,-2.39059068146054,-0.63989137848729,-0.289721600176674,-0.429464152959784,0.08747531131702,0.569144465508256,-0.074827080481485,3.47525568342201
1.091232,-0.239753046697559,-1.64236083255496,-0.0631417303874886,-0.435614315204423,-0.516457106455236,0.0509299676555501,0.569357122538561,-0.0755677102758496,3.46646799858013
2.2788864,-0.968675044844863,-0.0414590398733637,0.561482093093775,-0.572988642124068,-0.59649673077477,0.0153051954603766,0.569295585361204,-0.0763014908112542,3.4576520713151
3.3535296,-2.35165022199865,2.00427149339345,1.02300565824708,-0.690174282926794,-0.66855594534833,-0.0192494759239574,0.568961498382301,-0.0770283797170021,3.44880790162693
8.83128960000002,2.88323041023962,2.48204142699975,1.12545214099109,-0.776615112455254,-0.731650971516744,-0.0525851990054501,0.568356359061525,-0.0777483346223961,3.43993548951561
0.7256736,-2.81648944237646,0.400419441657802,0.778211302847351,-0.826079689166472,-0.784897306660537,-0.0845579243232063,0.567481581942885,-0.0784613131567394,3.43103483498114
1.9717344,0.963378928914853,-1.26078917680838,0.114213751389883,-0.839890961728916,-0.82755591982126,-0.115031116385953,0.566338591096949,-0.0791672729493352,3.42210593802353
1.191888,1.10513152369459,-1.13838180354684,-0.667131036985465,-0.822863224021159,-0.859141158972325,-0.143882477867446,0.564928851712852,-0.0798661716294866,3.41314879864276
1.070928,0.689566306656251,-0.368990194151965,-1.32196405521688,-0.77975763498638,-0.879532713356844,-0.171019393417715,0.563253862711207,-0.0805579668264964,3.40416341683885
0.611798399999998,0.251574300835272,-0.016787987789888,-1.61831151978026,-0.714157110589798,-0.888897295837919,-0.196381061836912,0.561315137312155,-0.081242616169668,3.3951497926118
0.6692544,0.241382521238482,-0.298417987185419,-1.45144714764009,-0.629605092203252,-0.887577289091394,-0.219926207900223,0.559114163942018,-0.0819200772883043,3.38610792596159
0.576719999999999,0.194383805117578,-0.879777332303815,-0.866222242587256,-0.532177613131406,-0.876024672462306,-0.241627209040656,0.556652419702497,-0.0825903078117085,3.37703781688824
0.762652800000001,-0.387871968654739,-1.20874342294277,-0.0105607551829677,-0.428801542086827,-0.85477970967492,-0.261470047245415,0.55393138603103,-0.0832532653691835,3.36793946539174
1.8077472,-0.67258062229957,-0.703772159401618,0.922318076686829,-0.326368499381934,-0.824447445958175,-0.279451142687927,0.550952572708811,-0.0839089075900327,3.35881287147209
3.7882944,-1.08020990125711,0.700284232802518,1.70746108664501,-0.231712529096154,-0.785677336472326,-0.295580059469541,0.547717578119597,-0.084557192103559,3.3496580351293
8.21059200000002,1.52518458029585,1.84415947486256,2.10702348378088,-0.151653044859622,-0.739165321491175,-0.309880881694153,0.544228027624175,-0.0851980765390656,3.34047495636336
5.16153600000001,-0.824035877274848,1.4101872287158,1.94749527864814,-0.0915670214622125,-0.685729799019178,-0.322383858586358,0.540485560480868,-0.0858315185258553,3.33126363517427
4.4054496,0.352676194231959,-0.031463884913198,1.32529319594214,-0.0497580231624132,-0.626298230664918,-0.33312331917864,0.536491761890022,-0.0864574756932316,3.32202407156203
1.5231456,-0.723637420853862,-1.07986274895423,0.434411617843465,-0.0211598336928864,-0.561857739053902,-0.342136740115392,0.532248192782424,-0.0870759056704972,3.31275626552665
0.810864000000001,-0.337008095263263,-1.26689990024992,-0.527968427268106,6.79366037437078e-05,-0.493447025482229,-0.349463489257122,0.527756505473833,-0.0876867660869555,3.30346021706812
1.088208,0.220727832014637,-0.83508333086068,-1.39002019596305,0.0198651951634575,-0.422093107276373,-0.355144610532068,0.523018808019203,-0.0882900145719094,3.29413592618644
0.623548799999998,-0.0239767169791006,-0.393079307461848,-2.00344911236035,0.0441477562263068,-0.348782282817771,-0.359222764219931,0.518037547569505,-0.088885608754662,3.28478339288162
0.530496000000001,-0.0395583456614425,-0.280751070376706,-2.25782155167555,0.0786108271512228,-0.27447698842921,-0.36174095000772,0.512815371305286,-0.0894735062645165,3.27540261715365
0.612921599999999,-0.266143449331907,-0.370576037000757,-2.10842400758757,0.126820746095184,-0.20004620945943,-0.362742807127332,0.507355135131325,-0.090053664730776,3.26599359900253
1.5300576,0.226856222821054,-0.605622160241408,-1.57087132887089,0.186460154449947,-0.126206212041752,-0.362272699827726,0.501660018679921,-0.0906260417827434,3.25655633842826
2.6123904,0.908267461941587,-1.12006989959958,-0.719218210529868,0.251644053546365,-0.0535558493253826,-0.360374802777158,0.495733706980575,-0.0911905950497219,3.24709083543085
3.675888,1.28181175360832,-1.43373407446849,0.274200464876792,0.316233474152973,0.0173597610755971,-0.35709381958589,0.489580178536669,-0.0917472821610147,3.23759709001029
1.88068608,-2.36216727091323,-0.480464022255445,1.19705102942254,0.374350499166162,0.0860070789317481,-0.352475646639078,0.48320354686644,-0.0922960607459249,3.22807510216658
8.41847040000001,1.22277268066149,1.52543576477763,1.88040388328556,0.420372866345457,0.151859027837169,-0.346566975419957,0.476608117151447,-0.0928368884337552,3.21852487189972
11.02896,2.4003378805959,2.62012800417556,2.16951415952779,0.448892480019681,0.214383365083793,-0.339414962222352,0.469798327815838,-0.0933697228538091,3.20894639920972
5.26625280000001,-1.98357528259515,1.39827251776422,1.9691716683627,0.455457426652283,0.273061022487637,-0.331066603916563,0.462778673392368,-0.0938945216353896,3.19933968409656
5.40604799999999,0.871219591513388,-0.842236798701127,1.4159229848062,0.438874926627126,0.327394156910123,-0.321568740143361,0.455553762741096,-0.0944112424077997,3.18970472656027
2.63502720000001,0.168111135284686,-2.244300749608,0.70555036686034,0.39907444175343,0.376893342156066,-0.310967469260869,0.448128393302499,-0.0949198428003425,3.18004152660082
0.80136,-0.579837008929902,-2.61627514441757,0.0283105539135313,0.336057585170832,0.42110197367276,-0.299308937677714,0.44050765814256,-0.0954202804423212,3.17035008421823
1.1407392,0.176466777304397,-2.27170489641954,-0.468904987939399,0.249799105941787,0.45963177429376,-0.286640004117876,0.432696790449376,-0.0959125129630388,3.16063039941249
1.126224,-0.692559509791086,-1.36575288905715,-0.735184546314235,0.140695455588152,0.492146303006018,-0.273010835993567,0.424701002160122,-0.0963964979917984,3.1508824721836
2.8159488,0.132507744748459,-0.190038392539442,-0.781315575436115,0.0123353728875213,0.518398080392538,-0.258473838790758,0.416525747117549,-0.0968721931579031,3.14110630253157
4.79865599999999,1.03940153865762,0.688181607844805,-0.638004367393326,-0.125669131971144,0.538176427764123,-0.243083188847528,0.408176626232954,-0.0973395560906559,3.13130189045638
4.36976639999999,0.330255327069669,0.908467264762091,-0.361010635070531,-0.261577644121719,0.551300479865889,-0.226895435097869,0.399659287367633,-0.0977985444193599,3.12146923595805
2.9519424,-1.25038007722743,0.887909525750896,-0.074233341560151,-0.383488807445217,0.557648936016492,-0.209970623295342,0.390979416647444,-0.0982491157733185,3.11160833903658
4.39879680000001,-0.0772910335481229,1.16050473202082,0.0923317675835845,-0.480002499362664,0.55717902144866,-0.192374812238818,0.382142759707709,-0.0986912277818345,3.10171919969195
5.0658912,0.106100234872288,1.63698135026652,0.0892396373431664,-0.541344466887562,0.549935683080991,-0.17417847213185,0.373155088895951,-0.0991248380742109,3.09180181792418
5.72572800000001,0.982925923353403,1.55453792915757,-0.0802143299997238,-0.562724970467329,0.536059005653675,-0.155455820771739,0.364022188179597,-0.0995499042797509,3.08185619373326
2.9023488,-0.549227067126397,0.685588969800954,-0.371887996238896,-0.543869073879101,0.515805121811871,-0.136285261923334,0.35474987405125,-0.0999663840277577,3.0718823271192
2.0639232,-0.0176988881241003,-0.36330528821759,-0.691435400399787,-0.485899603126227,0.489605371320086,-0.116746538596888,0.345343976112489,-0.100374234947534,3.06188021808199
0.970531200000002,-0.230738390368122,-1.10351081263341,-0.933197234652132,-0.390280286280027,0.458070628718647,-0.096922902380907,0.335810345186882,-0.100773414668384,3.05184986662162
0.8077536,-0.221912420480398,-1.39202753312695,-1.00092684415613,-0.258930324185268,0.421887057700394,-0.0769019253598517,0.326154861032844,-0.101163880819609,3.04179127273812
0.9856512,-0.473592550743133,-1.19735879215497,-0.846481248146698,-0.0960165395852789,0.381765570871937,-0.0567745904694645,0.316383491295756,-0.101545591030514,3.03170443643146
2.6531712,0.140188750290118,-0.607626592419098,-0.497718490608472,0.0885782318956809,0.338431396108577,-0.0366342585522855,0.306502269242395,-0.101918502930401,3.02158935770166
3.63769919999999,0.142212406693041,-0.181776230793774,-0.0185641381874119,0.282409329855152,0.292622844019364,-0.0165760037547041,0.296517239020555,-0.102282574148573,3.01144603654871
6.06096,2.00443350510577,-0.403370640066027,0.499261602256863,0.472460680517122,0.24508805456071,0.00330370583013131,0.286434441392793,-0.102637762314333,3.00127447297261
2.4597216,-2.37836919792955,-0.15981271992495,0.913778823841102,0.645655053439473,0.196572082360344,0.0229081272419002,0.27625990777003,-0.102984025056985,2.99107466697337
9.03536639999999,2.43361175499563,1.23952579090275,1.11414212106064,0.78902133321374,0.147815850220192,0.0421406007762458,0.26599963554186,-0.103321320005831,2.98084661855098
4.96765440000001,-2.21922007164147,2.06172346777386,1.06421385923338,0.890919994982745,0.0995524744399665,0.0609047323732166,0.255659613592548,-0.103649604790175,2.97059032770544
6.93792,0.539764814477981,1.53954479452789,0.771773021506322,0.944235640299791,0.0524858740166452,0.0791044315707875,0.245245838508622,-0.103968837039319,2.96030579443675
6.019488,1.17594577692086,0.351482513732474,0.334324702859045,0.947341962952469,0.00727012825706967,0.0966437544285838,0.234764337685683,-0.104278974382568,2.94999301874492
2.808,-0.286069280020409,-0.954094194150933,-0.124495142500033,0.900171856461559,-0.0354957056747062,0.113426957058844,0.224221146221595,-0.104579974449223,2.93965200062993
1.245456,-0.215034157484806,-1.86281256343963,-0.482236848350405,0.803209283154811,-0.0753011873596569,0.12935922632121,0.213622299214223,-0.104871794868588,2.92928274009181
1.1938752,0.0607477250451873,-1.98702606810253,-0.634026644900381,0.657907155727819,-0.11170670517541,0.144349326582546,0.202973831761432,-0.105154393269967,2.91888523713053
1.6603488,0.0848570699069667,-1.43745927368993,-0.544508850813036,0.468158496539969,-0.144320816122468,0.158310646359647,0.192281778961087,-0.105427727282661,2.90845949174611
2.35025280000001,-0.139346501890897,-0.591760204606219,-0.26219461452083,0.24346854873412,-0.172771861465125,0.171160601220424,0.181552175911053,-0.105691754535975,2.89800550393854
3.36096,-0.0218150076222944,0.45361130901458,0.102614349634936,-0.00260282387076302,-0.196705165188685,0.182823102813091,0.170791057709196,-0.105946432659211,2.88752327370782
3.251232,-1.34465067390191,1.47819927340062,0.422214417692458,-0.25476200009664,-0.21578866187777,0.193231192486971,0.16000445945338,-0.106191719281672,2.87701280105396
6.30132479999999,1.8488159665219,1.44038958310895,0.590767595891732,-0.497511576197275,-0.229713783396162,0.202323221364814,0.149198416241471,-0.106427572032662,2.86647408597694
0.984873600000001,-1.83415982107568,0.119312185335225,0.563167348065959,-0.717611463429835,-0.238181038715141,0.210041894036157,0.138378963171333,-0.106653948541484,2.85590712847678
2.0738592,0.498069948378544,-0.674359519688716,0.374579165970778,-0.905971537548953,-0.240903891912161,0.216337794566301,0.127552135340831,-0.10687080643744,2.84531192855348
2.1504096,0.830312117025265,-0.492615781020952,0.0860331401183251,-1.05593626718726,-0.237617331517981,0.221174865319011,0.116723967847832,-0.107078103349834,2.83468848620702
1.5108768,0.177576748500388,-0.11589114915679,-0.227845149668978,-1.16171232436894,-0.22809006481558,0.224533629452036,0.105900495790199,-0.107275796907969,2.82403680143742
0.896054400000001,-0.358528177364925,0.0260158962344815,-0.506391071207646,-1.21808447557971,-0.212182335264578,0.226414738910865,0.0950877542657979,-0.107463844741147,2.81335687424467
0.803260800000001,-0.0560896541652683,0.00714703560910723,-0.711658725804182,-1.22046492013655,-0.189916378432148,0.226834334349048,0.0842917783724937,-0.107642204478673,2.80264870462878
0.910051200000001,0.0712683190951462,-0.0824215670768552,-0.812382554896742,-1.16580021935083,-0.161592042393979,0.225819385991676,0.0735186032081514,-0.107810833749849,2.79191229258973
0.6883488,-0.108696666879777,-0.208648097483289,-0.782243873203658,-1.05559933030058,-0.127780788576952,0.223407466463904,0.0627742638706361,-0.107969690183978,2.78114763812754
1.0151136,0.110537637334655,-0.38513888688313,-0.60479352745235,-0.896131115811046,-0.0892434045488563,0.219641059318067,0.0520647954578129,-0.108118731410364,2.7703547412422
1.18368,-0.0249576170734432,-0.635217874967376,-0.293255588749464,-0.697342018629772,-0.0468163394821643,0.214565549991333,0.0413962330675469,-0.108257915058309,2.75953360193372
1.6959456,0.114996552665958,-0.841777923899323,0.0988953821882027,-0.469943895480099,-0.00136511547174865,0.208228562027581,0.0307746117977031,-0.108387198757116,2.74868422020209
2.706048,0.280383580581444,-0.643804015204211,0.489121962590578,-0.224884856117152,0.0462286166469035,0.200678950174009,0.0202059667461465,-0.108506540136089,2.73780659604731
2.809728,-1.26188041787887,0.325354423788429,0.795328560726585,0.0267927917286342,0.0950773651223013,0.191966250682326,0.0096963330107424,-0.10861589682453,2.72690072946938
6.49477440000001,0.7211245092899,1.65095507614574,0.949625782592384,0.273912225384203,0.144291801239435,0.182141178175599,-0.000748254310644253,-0.108715226451744,2.7159666204683
7.4798208,1.02736534769307,2.19818727590037,0.892077435747743,0.505896616070423,0.192981398152162,0.171255720957372,-0.0111217601201485,-0.108804486647032,2.70500426904408
6.250176,0.686880259715912,1.22547886351484,0.603564470183131,0.714555959515504,0.240253498772418,0.159362781472112,-0.0214181493199051,-0.108883635039698,2.69401367519671
2.8254528,-0.657319885351018,-0.59676564306761,0.178781695886866,0.894140894941563,0.285206357160456,0.146516496813351,-0.0316313868120492,-0.108952629259045,2.6829948389262
0.898127999999999,-0.829475935543297,-2.07456321960399,-0.258273065056333,1.03970217009282,0.326937921679385,0.132771405563263,-0.0417554374987154,-0.109011426934376,2.67194776023253
1.1117952,0.226571774395082,-2.5438549926427,-0.58519760174491,1.14684473854347,0.364568419901934,0.118182617335225,-0.0517842662820389,-0.109059985694995,2.66087243911572
1.5136416,0.114241864008755,-2.19188407821642,-0.704119357566438,1.21241989940776,0.397264659389922,0.102806134320944,-0.0617118380641544,-0.109098263170204,2.64976887557576
2.55744,0.499563354782236,-1.55978713624869,-0.590212185761387,1.23562495656757,0.424284687098376,0.0866998955788932,-0.0715321177471972,-0.109126216989306,2.63863706961266
3.3780672,0.404066476528055,-0.925038287280905,-0.285406149724566,1.21777408060722,0.445060976960452,0.0699238159682104,-0.0812390702333019,-0.109143804781604,2.6274770212264
4.19307839999999,0.0113289769399744,0.0509760978710345,0.100833557341468,1.1614166401195,0.459375279812079,0.0525385305449848,-0.0908266604246036,-0.109150984176403,2.61628873041701
4.06831680000001,-1.76474532960969,1.57147862831122,0.444431843838568,1.06974792093021,0.467235814967196,0.0346041779817291,-0.100288853223237,-0.109147712803003,2.60507219718446
8.7962976,2.07338008034044,2.45567031967748,0.637696059004731,0.946526265063387,0.468785520808912,0.0161809155254092,-0.109619613531337,-0.10913394829071,2.59382742152876
3.849552,-1.97405823643705,1.52793780637426,0.608074403733229,0.797200656270431,0.464325349753933,-0.0026731877511997,-0.118812906251039,-0.109109648268825,2.58255440344992
3.4457184,-0.306900642430666,0.129575052583716,0.402659769321767,0.629717595679161,0.454233778821711,-0.0219026511518998,-0.127862696284478,-0.109074770366653,2.57125314294793
3.1509216,0.515646485567753,-0.648871469675538,0.105473890413892,0.452338560296631,0.438904085271505,-0.0414538504374046,-0.136762948533788,-0.109029272213495,2.55992364002279
2.4152256,0.675642446611179,-0.966400506384058,-0.190095204690052,0.272905815851369,0.418733290852101,-0.0612743772872398,-0.145507627901105,-0.108973111438655,2.54856589467451
1.1399616,0.0621962870175252,-1.13281229346465,-0.403277689830378,0.0987916383820232,0.394119605767758,-0.0813124927023036,-0.154090699288563,-0.108906245671437,2.53717990690308
0.7159968,-0.179770410898522,-1.07011957545879,-0.494184494189088,-0.0635571064042609,0.365464113896916,-0.101516930536947,-0.162506127598298,-0.108828632541143,2.5257656767085
0.8411904,-0.228785950122663,-0.691602790459927,-0.460791531342932,-0.209435954466056,0.333185258851136,-0.121836705229458,-0.170747877732444,-0.108740229677076,2.51432320409077
1.6196544,0.0378766036936323,-0.160346117163417,-0.331328033698385,-0.337046198491086,0.297737645785714,-0.142220907836784,-0.178809914593136,-0.10864099470854,2.5028524890499
2.5775712,0.609103271386894,0.225744985336977,-0.150774883894633,-0.446277917564347,0.259604819394288,-0.162618908167803,-0.18668620308251,-0.108530885264837,2.49135353158588
1.5393888,-0.747051539107205,0.3835453820098,0.0354831863913987,-0.537848099613004,0.21930513093994,-0.182980933701879,-0.194370708102699,-0.108409858975271,2.47982633169871
2.1879936,0.0920566002153968,0.368936600176278,0.185723207876263,-0.613195319444407,0.177392142736935,-0.203257988197758,-0.20185739455584,-0.108277873469144,2.46827088938839
2.78208,0.907246208303982,0.156500414294784,0.27655290394516,-0.674699601554916,0.134445986004491,-0.223401291087615,-0.209140227344066,-0.108134886375761,2.45668720465493
0.887647680000001,-0.697374782015688,-0.11614120051438,0.309163274762848,-0.725105396044455,0.0910566621384217,-0.243362078958892,-0.216213171369513,-0.107980855324423,2.44507527749832
0.976751999999999,-0.259570549235969,-0.125900042761045,0.294645529498174,-0.766830091263043,0.0478018763870142,-0.263091588399032,-0.223070191534316,-0.107815737944434,2.43343510791856
1.2946176,-0.0169593525178487,0.101227658229619,0.242607480568347,-0.801566254718626,0.00521659946119443,-0.282541055995479,-0.22970525274061,-0.107639491865097,2.42176669591566
1.8051552,0.479224667487176,0.260413549311368,0.158773800425482,-0.830199384090391,-0.0362249676537526,-0.301661718335674,-0.23611231989053,-0.107452074715716,2.41007004148961
0.8690112,-0.194127660723528,0.179190904224466,0.047580638271702,-0.852652959251725,-0.0761398266716574,-0.32040487455914,-0.24228535788621,-0.107253444125593,2.39834514464041
0.48622464,0.09589152924865,-0.04285583921941,-0.075031788563355,-0.868524014143948,-0.114199519898273,-0.338722080472153,-0.248218331629786,-0.107043557724031,2.38659200536806
0.09759744,-0.120809282159444,-0.210320819179639,-0.179017125894983,-0.877557303454369,-0.150124198890074,-0.356564996046534,-0.253905206023392,-0.106822373140334,2.37481062367257
0.10399104,-0.013780712453441,-0.205553097285624,-0.2312108971714,-0.879041041102005,-0.183679191990932,-0.373885574636916,-0.259339945969163,-0.106589848003804,2.36300099955393
0.43980192,0.342786852864788,-0.108431240126049,-0.212383867302853,-0.872000794236698,-0.214697947691622,-0.390636799525261,-0.264516516369235,-0.106345939943744,2.35116313301214
0.17182368,-0.117212355116869,-0.0775716999698326,-0.125653270149963,-0.855402860401156,-0.243093086546238,-0.406772353501477,-0.269428882125743,-0.106090606589459,2.3392970240472
0.0974039039999998,-0.0865548147911476,-0.100067890555028,-0.000797055463706562,-0.828624519804459,-0.268816761938294,-0.422246054839133,-0.27407100814082,-0.10582380557025,2.32740267265912
0.228707712,-0.226172771178157,-0.0432230974478754,0.122578173040311,-0.791553526766507,-0.291859147371105,-0.437012137071499,-0.278436859316603,-0.105545494515421,2.31548007884789
1.09104192,0.190714447801139,0.129426082528584,0.205995566633137,-0.743999175003358,-0.312280090059242,-0.451026274061787,-0.282520400555225,-0.105255631054275,2.30352924261351
0.948265920000002,0.0147999975377578,0.270152386843516,0.222611929287804,-0.686030938434432,-0.33018302551275,-0.464244599347936,-0.286315596758823,-0.104954172816115,2.29155016395598
0.905238720000001,-0.0142608456802108,0.256646030666191,0.16286934014526,-0.618041136592912,-0.345679745953323,-0.476623274129687,-0.28981641282953,-0.104641077430244,2.27954284287531
0.5193504,-0.0100268305310919,0.108668712280786,0.0434566563763763,-0.540831590836693,-0.358900176024371,-0.488118459606781,-0.293016813669482,-0.104316302525966,2.26750727937149
0.18915552,-0.112803729625229,-0.0482066493852081,-0.100015228403991,-0.455326318622845,-0.369980955050318,-0.498686316978961,-0.295910764180814,-0.103979805732583,2.25544347344452
0.179496,0.00107550879309498,-0.15318455298777,-0.225425032612891,-0.362687836045221,-0.379051188721171,-0.508283007445967,-0.298492229265661,-0.103631544679398,2.24335142509441
0.2215296,0.101087099810366,-0.216937021354677,-0.293969489092102,-0.264523368539418,-0.386205108680641,-0.516864692207541,-0.300755173826157,-0.103271476995715,2.23123113432115
0.17195328,0.0455295606698614,-0.245628935411834,-0.285061250949366,-0.163222991255532,-0.391479397021844,-0.524387532463424,-0.302693562764439,-0.102899560310836,2.21908260112474
0.47863008,0.00990140059222512,-0.150643729349507,-0.202267151351417,-0.0627368568419265,-0.39486298887573,-0.530807689413357,-0.304301360982639,-0.102515752254065,2.20690582550518
0.501560640000001,-0.498942717858332,0.137947812528513,-0.067800700992717,0.0321219711203883,-0.396304998318473,-0.536081324257083,-0.305572533382894,-0.102120010454705,2.19470080746248
2.14316064,0.797296119340784,0.324658312985821,0.0875574719965711,0.116354273540652,-0.395749165423293,-0.540164598194341,-0.306501044867338,-0.101712292542059,2.18246754699663
0.906353280000001,-0.487879658288792,0.132496238657953,0.228515980437173,0.185128334285907,-0.393154425185067,-0.543013672424874,-0.307080860338106,-0.101292556145429,2.17020604410763
1.03406112,-0.2220460113535,-0.080973796318171,0.319836588166489,0.233996640357048,-0.388484403438325,-0.544584708148424,-0.307305944697334,-0.10086075889412,2.15791629879548
1.5130368,-0.0141952239573195,0.031556475256754,0.336908166564092,0.259608281495741,-0.381710612242466,-0.54483386656473,-0.307170262847156,-0.100416858417433,2.14559831106019
1.4593824,-0.0550401361744068,0.285228633072785,0.283253054209991,0.260791150976054,-0.372840719630302,-0.543717308873535,-0.306667779689707,-0.0999608123446735,2.13325208090175
2.09623679999999,0.629276960789102,0.248849450416285,0.181423620456243,0.23824081628894,-0.361912921385316,-0.541191196274581,-0.305792460127122,-0.0994925783051428,2.12087760832016
0.542419199999999,-0.308088759642265,-0.121782939359742,0.0650299872872247,0.193680536427613,-0.348976151998195,-0.537211689967607,-0.304538269061536,-0.0990121139281446,2.10847489331543
0.3936384,-0.2648073708716,-0.422990217451127,-0.0336291741015135,0.129712835491925,-0.334088364139274,-0.531734951152357,-0.302899171395084,-0.0985193768429817,2.09604393588755
0.364521599999999,-0.0541935105525457,-0.327789034080172,-0.0922463556048061,0.0503491224039487,-0.31731515253839,-0.524717141028571,-0.3008691320299,-0.0980143246789577,2.08358473603652
0.659491200000001,-0.0548520288761128,0.0435992213409739,-0.1125214103098,-0.0393579680357743,-0.298723608461222,-0.51611442079599,-0.29844211586812,-0.0974969150653751,2.07109729376234
1.5056928,0.479233156488041,0.3082775910306,-0.114643245558095,-0.133627667674573,-0.278380823173448,-0.505882951654356,-0.295612087811879,-0.0969671056315374,2.05858160906502
1.0781856,0.21139715651851,0.207647661300811,-0.119159874640295,-0.226536299935186,-0.256353887940746,-0.493978894803411,-0.292373012763312,-0.0964248540067474,2.04603768194454
0.15783552,-0.393041588391984,-0.0751230764818822,-0.136496123781172,-0.312604381602908,-0.232709894028795,-0.480358411442894,-0.288718855624553,-0.0958701178203084,2.03346551240093
0.18081792,-0.110558548222633,-0.171970176515277,-0.172393454415172,-0.387168990539101,-0.207515932703273,-0.46497766277255,-0.284643581297737,-0.0953028547015235,2.02086510043416
0.1654992,-0.110089057903919,-0.0017777956273691,-0.23135157809896,-0.44633837359372,-0.180839095229857,-0.447792809992117,-0.280141154685,-0.0947230222796957,2.00823644604425
0.7573824,0.280312164207245,0.193023065964053,-0.312477179011629,-0.487520749212928,-0.152746472874227,-0.428760014301338,-0.275205540688476,-0.0941305781841279,1.99557954923119
0.288368639999999,-0.0243497046957362,0.199533230668395,-0.410422267513413,-0.509904848773385,-0.123305156902061,-0.407835436899954,-0.269830704210301,-0.0935254800441236,1.98289440999498
0.12312,-0.000439026871503871,0.0356772512988482,-0.507047136636846,-0.514102802819333,-0.0925822385790365,-0.384975238987707,-0.264010610152608,-0.0929076854889857,1.97018102833562
0.097632,-0.137421657846433,-0.124201367457443,-0.56712115408928,-0.501311368693276,-0.0606448091708319,-0.360135581764338,-0.257739223417534,-0.0922771521480173,1.95743940425312
0.0734918399999999,0.0492130581407608,-0.222545593694414,-0.55165814917087,-0.472810117768019,-0.0275599599431256,-0.333272626429588,-0.251010508907213,-0.0916338376505213,1.94466953774747
0.05609088,0.102544650282458,-0.315308258506598,-0.433941583818669,-0.429878621416366,0.00660521783840408,-0.304342534183198,-0.243818431523779,-0.090977699625801,1.93187142881867
0.09255168,-0.26946900310505,-0.339326047227326,-0.215566591312089,-0.37379645101112,0.0417836329080787,-0.27330146622491,-0.236156956169369,-0.0903086957031595,1.91904507746673
0.534988799999999,-0.519772741351794,-0.20435422229039,0.0725832847247801,-0.305843177925087,0.0779081940002205,-0.240105583754466,-0.228020047746116,-0.0896267835118998,1.90619048369164
3.115584,1.47468267816549,0.0370888361540808,0.382829354307474,-0.227298373531069,0.114911809849151,-0.204711047971606,-0.219401671156156,-0.0889319206813252,1.8933076474934
0.734616000000001,-1.89775260623273,0.532826459430281,0.666189212474407,-0.139441609201872,0.152727389189192,-0.167074020076073,-0.210295791301624,-0.0882240648407383,1.88039656887201
5.61891168000001,2.15465827232591,1.06897446419546,0.879724328167436,-0.0435524563102986,0.191287840754665,-0.127150661267606,-0.200696373084654,-0.0875031736194426,1.86745724782748
4.3703712,0.701302762461595,1.02235894618466,0.989949441162774,0.0590895137708463,0.230526073279891,-0.084897132745949,-0.190597381407382,-0.0867692046467412,1.85448968435979
1.5665184,-1.88495197781056,0.41293297671956,0.967290913834044,0.167204729668759,0.270374995499194,-0.0402695957108418,-0.179992781171943,-0.0860221155519369,1.84149387846897
0.994118399999998,-1.42724027070346,-0.443539106735315,0.782652662547399,0.279513620010634,0.310767516146893,0.00677578863797419,-0.16887653728047,-0.0852618639643332,1.82846983015499
0.417744,-1.11805043952396,-1.20341982357362,0.406938603668993,0.394736613423669,0.351636543957312,0.0562828591007572,-0.1572426146351,-0.0844884075132327,1.81541753941787
0.23179392,-0.762893804183996,-1.52294682833743,-0.188947346435023,0.511594138535059,0.392914987664772,0.108295454477766,-0.145084978137968,-0.0837017038279389,1.8023370062576
