X1,X2,Y
-0.5936471617843069,0.8100020686796825,-0.8289308900767736
-0.5359974133837997,0.787500957898194,-0.7941790907606989
-0.3360171632070197,0.5531013567286558,-0.8116612964951916
-0.028010721464428623,0.1562922162698941,-0.867317671361966
0.32553919256950326,-0.2894418900179453,-0.8810002921702489
0.6337192864980707,-0.6643878860403849,-0.49843558606197036
0.8100020686796825,-0.8639597187634276,-0.5749759611098081
0.787500957898194,-0.8310465816467894,0.5078371582945487
0.5531013567286558,-0.5787604712605167,-0.15187777681759396
0.1562922162698941,-0.1700440742480276,-0.7575480743511558
-0.2894418900179453,0.289103626189289,-0.8422294373185082
-0.6643878860403849,0.6745719089309636,-0.8595676154655452
-0.8639597187634276,0.8687778340140626,-0.8837093825057234
-0.8310465816467894,0.8093400485684479,-0.887138610778476
-0.5787604712605167,0.493055170629926,-0.7741455391912783
-0.1700440742480276,0.01954053334398753,-0.8363174477762827
0.289103626189289,-0.46077337724644885,0.4728796052821087
0.6745719089309636,-0.8004391122559498,-0.053904725065052506
0.8687778340140626,-0.8971049274605736,0.05447946372356571
0.8093400485684479,-0.7220999741355059,-0.5320420231349456
0.493055170629926,-0.32213037919851584,-0.7097789245117122
0.01954053334398753,0.1783090252592303,-0.8342256185299036
-0.46077337724644885,0.6386643457220014,-0.8701570723718052
-0.8004391122559498,0.9068189424239486,-0.867249086796511
-0.8971049274605736,0.9155956785839852,-0.8832087151779016
-0.7220999741355059,0.6615844172018637,-0.8612273619495574
-0.32213037919851584,0.23356102198060458,-0.8074159118935239
0.1783090252592303,-0.2501200236985255,-0.38054557650128196
0.6386643457220014,-0.6611872376482015,-0.5806273293033042
0.9068189424239486,-0.8977954633368629,0.37869242154268634
0.9155956785839852,-0.8878074740559686,-0.8597665107053648
0.6615844172018637,-0.627175807637901,-0.8621189613004732
0.23356102198060458,-0.18661549342615547,-0.9174255548834268
-0.2501200236985255,0.3093118416076728,-0.8714670375719966
-0.6611872376482015,0.7056037713150802,-0.921081112222181
-0.8977954633368629,0.902905284287477,-0.9252236199756662
-0.8878074740559686,0.8443242673976985,-0.9257654380427611
-0.627175807637901,0.566895064846638,-0.9476439144229226
-0.18661549342615547,0.141040495604132,-0.8704862782859895
0.3093118416076728,-0.31928504165491056,-0.8013187440245697
0.7056037713150802,-0.7059422332455166,-0.8317977249127948
0.902905284287477,-0.9241564497948107,-0.18929751572987008
0.8443242673976985,-0.9238764474579682,0.9319641110685886
0.566895064846638,-0.7095995887516695,-0.47244203575450583
0.141040495604132,-0.32996896458053904,-0.285892017716765
-0.31928504165491056,0.12059182565691762,-0.532453530527676
-0.7059422332455166,0.5434616891977095,-0.793650989606695
-0.9241564497948107,0.8425941735617162,-0.8684561751485199
-0.9238764474579682,0.9427720982973189,-0.8416121762294126
-0.7095995887516695,0.8048429837021711,-0.7971282270752661
-0.32996896458053904,0.48849543142707885,-0.8056464301047835
0.12059182565691762,0.07314128965631683,-0.6332591248335111
0.5434616891977095,-0.32954690040487333,-0.849924625562565
0.8425941735617162,-0.6263404919495139,-0.5741117955850743
0.9427720982973189,-0.7500161441953775,-0.3218097546455757
0.8048429837021711,-0.6833810199945842,-0.6137536744180943
0.48849543142707885,-0.44954431422763796,-0.7482685826450872
0.07314128965631683,-0.11340635521141218,-0.7586797196811641
-0.32954690040487333,0.23653511090977175,-0.9139826096975833
-0.6263404919495139,0.5113765787103766,-0.9341464719413685
-0.7500161441953775,0.6390968516957545,-0.9623827375392132
-0.6833810199945842,0.591236636691101,-0.9238999378623837
-0.44954431422763796,0.3892731691025615,-0.867914357081425
-0.11340635521141218,0.08550591432584209,-0.8702393738503512
0.23653511090977175,-0.24034987252723128,-0.9763753605833528
0.5113765787103766,-0.49385335705195044,-0.8394085541413419
0.6390968516957545,-0.6136163431291972,-0.2764273476839678
0.591236636691101,-0.5771228763155303,-0.5908052788168341
0.3892731691025615,-0.3956293527975614,-0.5300530707367492
0.08550591432584209,-0.12726324514993115,-0.7762510853507484
-0.24034987252723128,0.16800276297344108,-0.9139894681541287
-0.49385335705195044,0.41941885221156316,-0.9078374326328106
-0.6136163431291972,0.556267483010715,-0.9570880090860833
-0.5771228763155303,0.5353421645293133,-0.8057904576922391
-0.3956293527975614,0.372941072881098,-0.6511391210476429
-0.12726324514993115,0.10703668660470234,-0.5553950676723908
0.16800276297344108,-0.198705574019178,-0.5726097936016088
0.41941885221156316,-0.46365762172130065,-0.15153485399031874
0.556267483010715,-0.6164821885912288,-0.5825819894187734
0.5353421645293133,-0.6139872358675776,-0.6244254328029004
0.372941072881098,-0.448404988778091,0.3699821817298947
0.10703668660470234,-0.16207666743368832,-0.37347450780286606
-0.198705574019178,0.17994829507318566,-0.6944845664152357
-0.46365762172130065,0.49022371671848464,-0.8286154010756803
-0.6164821885912288,0.6855881666111383,-0.844712198587981
-0.6139872358675776,0.721610041644726,-0.8460427391578089
-0.448404988778091,0.5874515826816848,-0.9219384192903692
-0.16207666743368832,0.29484025945641434,-0.8711035393750849
0.17994829507318566,-0.07718949362513028,-0.9491459164063882
0.49022371671848464,-0.423129179715688,-0.18411252258146826
0.6855881666111383,-0.6532777250398851,-0.5298816093231116
0.721610041644726,-0.7139046460914563,-0.4912822158850084
0.5874515826816848,-0.588577482061575,-0.06251208802966157
0.29484025945641434,-0.3083248359752133,-0.5044710278220148
-0.07718949362513028,0.05119847813049949,-0.6919812297761263
-0.423129179715688,0.3777748516650723,-0.8232109373178224
-0.6532777250398851,0.5767195429378476,-0.8716453574421799
-0.7139046460914563,0.6068612931522992,-0.8172097878405052
-0.588577482061575,0.46475462075566587,-0.7313419118907805
-0.3083248359752133,0.18826570382880758,0.04921216909661785
0.05119847813049949,-0.1343630630041801,-0.5829180537895031
0.3777748516650723,-0.4083073361429045,-0.6413658204702981
0.5767195429378476,-0.5666564184998586,-0.7951049823943421
0.6068612931522992,-0.5552320978955394,0.24399233498896478
0.46475462075566587,-0.3705740348257385,-0.5607789560606123
0.18826570382880758,-0.0652010352088761,-0.6264143852010968
-0.1343630630041801,0.2579397929292022,-0.7788572988380403
-0.4083073361429045,0.5030690898401153,-0.8471195168354533
-0.5666564184998586,0.6000917174108158,-0.8450962721545293
-0.5552320978955394,0.5231946883332641,-0.6824754090040561
-0.3705740348257385,0.27202601044802366,-0.10345707360632739
-0.0652010352088761,-0.07580260755715917,0.21504964836693286
0.2579397929292022,-0.41979818752106646,-0.49466343496194254
0.5030690898401153,-0.6546690332767265,-0.25969271371293523
0.6000917174108158,-0.7205027413842011,-0.6350628989049789
0.5231946883332641,-0.5870259834123519,0.9497960980869018
0.27202601044802366,-0.2929254331665977,0.567917237633174
-0.07580260755715917,0.07608835584673646,-0.3862312369775057
-0.41979818752106646,0.4234921639179823,-0.6687996466523188
-0.6546690332767265,0.6828094262555495,-0.8078274192862542
-0.7205027413842011,0.7941924410584593,-0.7941722323041533
-0.5870259834123519,0.7277743069800209,-0.7562449676075098
-0.2929254331665977,0.4792098502936346,-0.3989193815866904
0.07608835584673646,0.11808989012739168,-0.34638360444812066
0.4234921639179823,-0.2512663812196688,-0.7163836181650338
0.6828094262555495,-0.5310445600715497,-0.21828135309117502
0.7941924410584593,-0.6579431348456121,-0.8708909272221742
0.7277743069800209,-0.5988153479395448,-0.7852973895342696
0.4792098502936346,-0.3794807591015401,-0.6668792788195774
0.11808989012739168,-0.0666274360060839,-0.7658399483146715
-0.2512663812196688,0.25275713820062196,-0.8775367716147687
-0.5310445600715497,0.48786007419939414,-0.9141197788284934
-0.6579431348456121,0.5682933282202283,-0.921636647202367
-0.5988153479395448,0.4828769765123335,-0.8818233069557094
-0.3794807591015401,0.26356285325277673,-0.867207936057238
-0.0666274360060839,-0.03384878565904781,-0.9023232335702245
0.25275713820062196,-0.33728017247851705,-0.9311760744115102
0.48786007419939414,-0.5731573114532109,-0.3118169834587745
0.5682933282202283,-0.6798010690563085,-0.6932226104108627
0.4828769765123335,-0.6149997546644669,0.5296676254788915
0.26356285325277673,-0.3923979455465081,-0.5122896682838908
-0.03384878565904781,-0.061817299096563194,-0.7169460116017652
-0.33728017247851705,0.28918289286244003,-0.8928174127981543
-0.5731573114532109,0.5659728787168397,-0.8868231217773828
-0.6798010690563085,0.687909534759523,-0.894511451564894
-0.6149997546644669,0.629781298278536,-0.7825540069160677
-0.3923979455465081,0.3934515155323912,-0.4906855301655495
-0.061817299096563194,0.056826360985692936,-0.17691114320868773
0.28918289286244003,-0.28752796843110395,-0.6089116040969677
0.5659728787168397,-0.5528223497378512,-0.11216731341911901
0.687909534759523,-0.6855495788332835,-0.7082083379627915
0.629781298278536,-0.6378943253058789,0.03264899653922271
0.3934515155323912,-0.4196389292540911,-0.19021654890696782
0.056826360985692936,-0.08040617416564122,-0.5790910350371112
-0.28752796843110395,0.28530219344865926,-0.7690977151737866
-0.5528223497378512,0.5818207845954704,-0.8243357241912852
-0.6855495788332835,0.7313314178738752,-0.8407411522481335
-0.6378943253058789,0.7083036807329783,-0.7284956524243958
-0.4196389292540911,0.506708818981322,-0.53766595750226
-0.08040617416564122,0.17325085980223598,-0.5409237243613749
0.28530219344865926,-0.2056442861141985,-0.9285842636829638
0.5818207845954704,-0.5327955327747125,-0.7558883278671436
0.7313314178738752,-0.7283123668764242,-0.5132635691133525
0.7083036807329783,-0.7420432668516557,1.0
0.506708818981322,-0.5795321456324127,-0.026162268338484007
0.17325085980223598,-0.2843602170131899,-0.5406150938168273
-0.2056442861141985,0.06741909666593937,-0.6869059719324525
-0.5327955327747125,0.40430240753563207,-0.7900571583768503
-0.7283123668764242,0.6485722788419732,-0.7865936378213702
-0.7420432668516557,0.7350185850655748,-0.7350523368818989
-0.5795321456324127,0.6255324349186369,-0.5189423711330308
-0.2843602170131899,0.37163990216858034,-0.7191407176963268
0.06741909666593937,0.05630505401106256,-0.9744879133420299
0.40430240753563207,-0.24167271548002733,-0.8547948155555282
0.6485722788419732,-0.45428201236671495,-0.8775779223540418
0.7350185850655748,-0.5288822649957219,-0.6650206370957454
0.6255324349186369,-0.4590408923746705,-0.6102970123191598
0.37163990216858034,-0.2739033786486097,-0.8073473273280689
0.05630505401106256,-0.03097900050469926,-0.888510302087577
-0.24167271548002733,0.19457165112009567,-0.9134407916304883
-0.45428201236671495,0.3369717441086977,-0.9046894010784238
-0.5288822649957219,0.35764951498636877,-0.8490261677551038
-0.4590408923746705,0.256704132942003,-0.6878661558488233
-0.2739033786486097,0.06384549888534763,-0.5035451361883717
-0.03097900050469926,-0.16385687870903565,-0.6381149120677287
0.19457165112009567,-0.3601568339631195,-0.6751985866092752
0.3369717441086977,-0.4571765479489476,-0.24697027682102313
0.35764951498636877,-0.4194273746145021,0.13295392351723612
0.256704132942003,-0.2556930314814183,-0.41222478728497036
0.06384549888534763,-0.014214496068803428,-0.7511422759376539
-0.16385687870903565,0.23493450652919456,-0.8517421165471237
-0.3601568339631195,0.4283920583736691,-0.8974194371401882
-0.4571765479489476,0.5173665936071956,-0.8903209346155904
-0.4194273746145021,0.47203489899566753,-0.8606032424039165
-0.2556930314814183,0.3059419120585718,-0.7595644605755343
-0.014214496068803428,0.07641764019471031,-0.6625241589131816
0.23493450652919456,-0.1477201257671511,-0.7880750644351993
0.4283920583736691,-0.31431906288489064,-0.6687036282606817
0.5173665936071956,-0.3882231233918858,-0.96267765117067
0.47203489899566753,-0.35380376715054407,-0.9021517721565868
0.3059419120585718,-0.22864872740508668,-0.7533026897494881
0.07641764019471031,-0.05653992063160396,-0.8021486172665759
-0.1477201257671511,0.11108232097972448,-0.8978652368156461
-0.31431906288489064,0.22788423014853443,-0.938213536672853
-0.3882231233918858,0.2647408926158701,-0.9152651410715927
-0.35380376715054407,0.22334255430957328,-0.8690871531507064
-0.22864872740508668,0.12455083597412009,-0.8261463567192985
-0.05653992063160396,-0.005230303737672415,-0.8604180640771879
0.11108232097972448,-0.1345634064118637,-0.857962736633897
0.22788423014853443,-0.22887609403868503,-0.7072344371333299
0.2647408926158701,-0.2599607968067774,-0.9393314650897704
0.22334255430957328,-0.22077882319798858,-0.7069806742411461
0.12455083597412009,-0.11959308538975977,-0.9149085013312265
-0.005230303737672415,0.01738378382604533,-0.9155257624203219
-0.1345634064118637,0.15096542373558508,-0.9578561562191799
-0.22887609403868503,0.24296049119739904,-0.9605926803808363
-0.2599607968067774,0.2676373289736327,-0.9741861412540276
-0.22077882319798858,0.2234576538200823,-0.9911080110887526
-0.11959308538975977,0.1188836549585095,-0.8843437897361827
0.01738378382604533,-0.020282326881129742,-0.645275140701236
0.15096542373558508,-0.16377443437144723,-0.9096796140609333
0.24296049119739904,-0.2809466218686223,-0.9042916105987844
0.2676373289736327,-0.34591253865490745,-0.4473270537305203
0.2234576538200823,-0.33753456629145895,-0.504745366083835
0.1188836549585095,-0.24744510559312705,-0.25962412914748023
-0.020282326881129742,-0.0910323264588021,-0.8105570849913653
-0.16377443437144723,0.09929492463820355,-0.954166306597698
-0.2809466218686223,0.2804835085480477,-0.9641659362410446
-0.34591253865490745,0.41215352358279067,-0.9570880090860833
-0.33753456629145895,0.4533012782602326,-0.9397086801997732
-0.24744510559312705,0.3897325431467511,-0.92228820057419
-0.0910323264588021,0.22536071619928277,-0.6960551529641563
0.09929492463820355,0.002189644102907451,-0.9413067005748759
0.2804835085480477,-0.22867242202501747,-0.964369632400446
0.41215352358279067,-0.4140965329501448,-0.9833072026138949
0.4533012782602326,-0.5077528887058963,-0.5659083957109957
0.3897325431467511,-0.47471498138488266,-0.48629611797642625
0.22536071619928277,-0.31658435589772205,-0.7985273522105492
0.002189644102907451,-0.06575619130571875,-0.9173158195786988
-0.22867242202501747,0.21655105995737656,-0.9539331190751509
-0.4140965329501448,0.451626260339723,-0.9598725424435584
-0.5077528887058963,0.5754024990369315,-0.9631646015854008
-0.47471498138488266,0.5436516547962686,-0.9279464272242317
-0.31658435589772205,0.3466788569846697,-0.7083523655502472
-0.06575619130571875,0.024171920153536863,-0.9238793624927472
0.21655105995737656,-0.34237609320739515,-0.5381186156342632
0.451626260339723,-0.6527589374430742,-0.7785486682934926
0.5754024990369315,-0.8099088902703634,0.2683604310951444
0.5436516547962686,-0.755610421285213,0.9788759538398437
0.3466788569846697,-0.491631650635993,-0.28527475662766955
0.024171920153536863,-0.08476959254258587,-0.6698969996995997
-0.34237609320739515,0.3639052772754907,-0.8172646554928693
-0.6527589374430742,0.7443656982335307,-0.8496091365614716
-0.8099088902703634,0.9572250336452448,-0.8041650034909544
-0.755610421285213,0.919454536643828,-0.7296547315805862
-0.491631650635993,0.6250470397481309,-0.76575078837958
-0.08476959254258587,0.17498784199912176,-0.8632780404566635
0.3639052772754907,-0.29714891716630676,-0.9430857842027799
0.7443656982335307,-0.6634786523827747,0.24437503686420392
0.9572250336452448,-0.8317520374860504,0.07486279657680694
0.919454536643828,-0.7618810344360771,-0.5897216426826442
0.6250470397481309,-0.4888063901543225,-0.8406245584868599
0.17498784199912176,-0.08793239776988249,-0.9326856206971759
-0.29714891716630676,0.3296741453145695,-0.9006017609773026
-0.6634786523827747,0.647727736685191,-0.9054849820377023
-0.8317520374860504,0.7521424340515086,-0.9537890914876952
-0.7618810344360771,0.6261764785636159,-0.9013836250234902
-0.4888063901543225,0.33348967079438285,-0.7435156722590521
-0.08793239776988249,-0.02751070148607715,-0.9465877121149148
0.3296741453145695,-0.36145713553057446,-0.4476692907121411
0.647727736685191,-0.5797075955789044,-0.9154777532245033
0.7521424340515086,-0.6145726891732619,-0.913735705261945
0.6261764785636159,-0.4642359866978394,-0.9597113687147389
0.33348967079438285,-0.18706654144909107,-0.8856160334253739
-0.02751070148607715,0.12656831642839306,-0.9539262606186053
-0.36145713553057446,0.37895092902637395,-0.9697555783256313
-0.5797075955789044,0.49103834166086147,-0.9795700296422492
-0.6145726891732619,0.44735288034150344,-0.9811611915608064
-0.4642359866978394,0.27503372687209904,-0.9879373466277656
-0.18706654144909107,0.024002161366979857,-0.9252887753128485
0.12656831642839306,-0.24597386047667769,-0.8966101392678186
0.37895092902637395,-0.4563597340628227,-0.09421187418298638
0.49103834166086147,-0.5480086345532854,-0.8450002537628922
0.44735288034150344,-0.49094412268056153,-0.28541192575857965
0.27503372687209904,-0.3004860229473213,-0.6372507465429951
0.024002161366979857,-0.026297029310493603,-0.8005780307176552
-0.24597386047667769,0.2580154673632573,-0.9528700583105976
-0.4563597340628227,0.4795319380549423,-0.9673414016216134
-0.5480086345532854,0.5725622995400084,-0.9721697550296491
-0.49094412268056153,0.5273837487321431,-0.9564158803446238
-0.3004860229473213,0.34958705433388815,-0.8906775743559566
-0.026297029310493603,0.08572710569228525,-0.9424863551007028
0.2580154673632573,-0.19668873010115373,-0.9783183613226945
0.4795319380549423,-0.42205589520394027,-0.6365854762580812
0.5725622995400084,-0.5371867485739843,-0.7783772068798549
0.5273837487321431,-0.5084577043039475,-0.6329779281151453
0.34958705433388815,-0.3462756096558035,-0.7595713190320798
0.08572710569228525,-0.0953449072246827,-0.9489950303623871
-0.19668873010115373,0.17999362905021,-0.9817647357368109
-0.42205589520394027,0.4086856735787945,-0.9860910501257155
-0.5371867485739843,0.5289325950083823,-0.982921071510383
-0.5084577043039475,0.5043745935571962,-0.989140319905847
-0.3462756096558035,0.3327975350907113,-0.9676911829054342
-0.0953449072246827,0.052444186391716885,-0.8973481091921149
0.17999362905021,-0.26123321810401945,-0.771861673161625
0.4086856735787945,-0.5264128325324986,-0.22842501032197726
0.5289325950083823,-0.6660865081528111,-0.5506147234601737
0.5043745935571962,-0.6264719610330676,-0.42128480838158266
0.3327975350907113,-0.4053268897832165,-0.7234615453199951
0.052444186391716885,-0.050571211163511265,-0.8364614753637383
-0.26123321810401945,0.33777174939677534,-0.9372602112130278
-0.5264128325324986,0.6467493178598109,-0.9609836124039302
-0.6660865081528111,0.7895536763593269,-0.9609904708604757
-0.6264719610330676,0.7296183914597554,-0.9719646871789385
-0.4053268897832165,0.4712202189168748,-0.8947377806308957
-0.050571211163511265,0.07361141567896357,-0.9582731503771466
0.33777174939677534,-0.3617466518550817,-0.9662605088700419
0.6467493178598109,-0.7227378674030083,-0.447628139972868
0.7895536763593269,-0.9150289056119634,0.43521639116246735
0.7296183914597554,-0.8811838747069451,0.7694872755055711
0.4712202189168748,-0.6218538427649468,-0.5738786080625273
0.07361141567896357,-0.19363191807270774,-0.7628428028042857
-0.3617466518550817,0.3011986091973462,-0.9273977507005913
-0.7227378674030083,0.7390693263162222,-0.9395235018730445
-0.9150289056119634,1.0,-0.9183651634301611
-0.8811838747069451,0.99958148265229,-0.8836613733099048
-0.6218538427649468,0.7346473489486018,-0.7630142642179234
-0.19363191807270774,0.2993785237949491,-0.7305326140184109
0.3011986091973462,-0.1839598955518985,-0.9094560283775498
0.7390693263162222,-0.5935400409325746,-0.9559152130168018
1.0,-0.8331225152994707,-0.7330222337444292
0.99958148265229,-0.8489882824070689,-0.3630359369406072
0.7346473489486018,-0.645896542600544,-0.7324461233946069
0.2993785237949491,-0.2831946114715358,-0.8279569892473119
-0.1839598955518985,0.1400662490886857,-0.9256076935422145
-0.5935400409325746,0.5119844942807257,-0.9551264905140687
-0.8331225152994707,0.7302640167816894,-0.9563678711488052
-0.8489882824070689,0.7344641332633013,-0.965421033788872
-0.645896542600544,0.5215525922447837,-0.7541119876218577
-0.2831946114715358,0.1437502716077852,-0.5734396668436149
0.1400662490886857,-0.3033465987538947,-0.5604223163202461
0.5119844942807257,-0.6906774827054161,-0.4264012169645295
0.7302640167816894,-0.897990141135402,-0.2812282672658215
0.7344641332633013,-0.8585355228851934,-0.01717769026387239
0.5215525922447837,-0.5785671486428384,0.5035849152363354
0.1437502716077852,-0.13671732515559676,-0.5144843743784524
-0.3033465987538947,0.3532883284217698,-0.8347811535100895
-0.6906774827054161,0.7640132580975234,-0.8954990693074468
-0.897990141135402,0.9912297991297083,-0.9053066621675192
-0.8585355228851934,0.9709675227478889,-0.8996415770609318
-0.5785671486428384,0.7009962787527575,-0.89051982985541
-0.13671732515559676,0.23378136955723106,-0.7720194176621716
0.3532883284217698,-0.2974695080085793,-0.35243962157780173
0.7640132580975234,-0.7491871801950829,0.29597943560389384
0.9912297991297083,-1.0,-0.28849823120405693
0.9709675227478889,-0.9854336132146132,0.19824642983044516
0.7009962787527575,-0.707835572436635,-0.30084345298596626
0.23378136955723106,-0.23484406049072892,-0.6811448684342281
-0.2974695080085793,0.3070603592507464,-0.784296054878626
-0.7491871801950829,0.7601909952351928,-0.7881847997399274
-1.0,0.9954074373831312,-0.8432101966045153
-0.9854336132146132,0.9654920942362877,-0.8874883920622967
-0.707835572436635,0.6821379928138742,-0.8600751412499126
-0.23484406049072892,0.23550339602119408,-0.5569245034820385
0.3070603592507464,-0.2467820575714812,-0.7092919740969814
0.7601909952351928,-0.6370183768940344,-0.7784252160756735
0.9954074373831312,-0.8419324254671727,-0.7574932066987917
0.9654920942362877,-0.8083198772477383,-0.006409913487429253
0.6821379928138742,-0.5591930454525771,-0.44727150023250173
0.23550339602119408,-0.17991613931404715,-0.747884509078539
-0.2467820575714812,0.21359072311179772,-0.9226791325972837
-0.6370183768940344,0.5192234952121395,-0.9209027923519979
-0.8419324254671727,0.666396334145261,-0.9077414142411735
-0.8083198772477383,0.6217708191537068,-0.9491184825802063
-0.5591930454525771,0.39483243084353603,-0.9178302038196117
-0.17991613931404715,0.06708159718675555,-0.8235538601450976
0.21359072311179772,-0.25252459622728973,-0.7382483776321042
0.5192234952121395,-0.47229021594654563,-0.30342223264707624
0.666396334145261,-0.5375221420341487,-0.946848333463644
0.6217708191537068,-0.4383210073905721,-0.8479356731643685
0.39483243084353603,-0.2189712129060577,-0.9098401019440981
0.06708159718675555,0.05065598136337002,-0.9194419411078053
-0.25252459622728973,0.28782691757922385,-0.9558877791906198
-0.47229021594654563,0.42302778028892973,-0.9513269055878589
-0.5375221420341487,0.413930129758169,-0.9586723125480949
-0.4383210073905721,0.2753292727551213,-0.9439129140621678
-0.2189712129060577,0.053632124036957274,-0.8609530236877372
0.05065598136337002,-0.18566157248848103,-0.7037366242951222
0.28782691757922385,-0.37908133969399005,-0.3526933844699853
0.42302778028892973,-0.4734100639858948,-0.594728315960863
0.413930129758169,-0.4361918223224368,-0.6547466691905788
0.2753292727551213,-0.269832338432494,-0.8835447795486313
0.053632124036957274,-0.012727804271128185,-0.9400858953097759
-0.18566157248848103,0.2594642800538369,-0.9180702497987043
-0.37908133969399005,0.46243356451438844,-0.9549550291004312
-0.4734100639858948,0.5329802314048291,-0.9623415867999402
-0.4361918223224368,0.4580198094439434,-0.9557986192555282
-0.269832338432494,0.25663298065230156,-0.8829961030249909
-0.012727804271128185,-0.015317859123752164,-0.7970802178794476
0.2594642800538369,-0.2883589508113693,-0.7126594762608245
0.46243356451438844,-0.4891388139754894,-0.8551631146720218
0.5329802314048291,-0.5700899948520914,-0.33619193802149994
0.4580198094439434,-0.5114129336831519,-0.12897053195560648
0.25663298065230156,-0.32640844035283556,-0.5864158666277106
-0.015317859123752164,-0.06059551753439385,-0.5753188839370833
-0.2883589508113693,0.2190230176822916,-0.7952833022645251
-0.4891388139754894,0.4453922525892835,-0.9408403255297815
-0.5700899948520914,0.564230777640333,-0.9139003082190371
-0.5114129336831519,0.5400262646611138,-0.915052528918682
-0.32640844035283556,0.374401005342885,-0.7809216942582374
-0.06059551753439385,0.1186324079529868,-0.6235338334519848
0.2190230176822916,-0.1586036491291899,-0.6575792117438723
0.4453922525892835,-0.38228650526108765,-0.7701264836556122
0.564230777640333,-0.49409166018662176,-0.6552747703445826
0.5400262646611138,-0.46923546290178975,-0.6023206273567372
0.374401005342885,-0.3211957520058194,-0.5499425947187142
0.1186324079529868,-0.09101475686594618,-0.7740632377127322
-0.1586036491291899,0.15481774818432048,-0.8406177000303144
-0.38228650526108765,0.3533664659575271,-0.9274114676136823
-0.49409166018662176,0.45340819689973544,-0.9403327997454141
-0.46923546290178975,0.4266725900337669,-0.926211237718219
-0.3211957520058194,0.2800616050421687,-0.7938430263899691
-0.09101475686594618,0.05349172456730633,-0.7156909140539377
0.15481774818432048,-0.1917356176695706,-0.5233317833221541
0.3533664659575271,-0.38683165383928886,-0.8091991105953552
0.45340819689973544,-0.47560866653803113,-0.28722255828659293
0.4266725900337669,-0.4360596050421497,-0.6101186924489765
0.2800616050421687,-0.2796636817397128,-0.4537184493852766
0.05349172456730633,-0.05508724935943332,-0.5266238424639966
-0.1917356176695706,0.17790198399429635,-0.7815526722604238
-0.38683165383928886,0.3592334438152731,-0.9055878588858849
-0.47560866653803113,0.4476144248628806,-0.9096823574435515
-0.4360596050421497,0.41786463372154103,-0.8726535505543691
-0.2796636817397128,0.28968912220664844,-0.8178887750385103
-0.05508724935943332,0.09824727198430527,-0.7376585503691908
0.17790198399429635,-0.1070722335080283,-0.7463687901819823
0.3592334438152731,-0.27352173449548056,-0.5042515572125588
0.4476144248628806,-0.35984145735263795,-0.9262729638271285
0.41786463372154103,-0.34649909646202637,-0.8398289775275813
0.28968912220664844,-0.24263080760251576,-0.8337523850282638
0.09824727198430527,-0.07669035635117605,-0.884518680378093
-0.1070722335080283,0.10478428705117793,-0.9333234571559078
-0.27352173449548056,0.25346372573124487,-0.9406894394857803
-0.35984145735263795,0.32381972239876156,-0.932212387195536
-0.34649909646202637,0.30638385447626426,-0.9498111866913023
-0.24263080760251576,0.2051738562970593,-0.9238725040362017
-0.07669035635117605,0.047167018545928086,-0.9104916553159211
0.10478428705117793,-0.13212983742359774,-0.8698278664576209
0.25346372573124487,-0.2854060467767644,-0.78964565098412
0.32381972239876156,-0.37561636628511574,-0.7814155031295138
0.30638385447626426,-0.37729467453475396,-0.4888954730071726
0.2051738562970593,-0.28629255010632026,-0.41070220993186823
0.047167018545928086,-0.12303589048888186,-0.5083117634874977
-0.13212983742359774,0.06893979507812631,-0.7801672640382318
-0.2854060467767644,0.2438672306035996,-0.9331588541988157
-0.37561636628511574,0.3581791224115103,-0.9161978911617814
-0.37729467453475396,0.38336692197198285,-0.8842992097686369
-0.28629255010632026,0.3048782123100513,-0.8014421962423889
-0.12303589048888186,0.14407899117107847,-0.7363005759731808
0.06893979507812631,-0.05184629017737041,-0.6716047553794304
0.2438672306035996,-0.22453902433893935,-0.6815083666311399
0.3581791224115103,-0.32782771030436686,-0.30619990754800586
0.38336692197198285,-0.3361274131403318,-0.6988739786043591
0.3048782123100513,-0.2507103960035687,-0.7309304044980502
0.14407899117107847,-0.0971074141688002,-0.7543314582313139
-0.05184629017737041,0.08155416333618426,-0.8127312157162904
-0.22453902433893935,0.2372127102131938,-0.9139620343279466
-0.32782771030436686,0.32825074234745033,-0.9476164805967406
-0.3361274131403318,0.3260300198500381,-0.9376785770623036
-0.2507103960035687,0.2396029807085891,-0.875883883587302
-0.0971074141688002,0.09850822304005424,-0.7998441758672861
0.08155416333618426,-0.05774665239193755,-0.8822553897180763
0.2372127102131938,-0.18920705739449795,-0.830768956430969
0.32825074234745033,-0.26302681876436107,-0.7836102092240754
0.3260300198500381,-0.2626218274076604,-0.9339907849777854
0.2396029807085891,-0.19370536548378314,-0.926917658742406
0.09850822304005424,-0.08094704307821488,-0.9016853971114924
-0.05774665239193755,0.0393733828037548,-0.8611587773841024
-0.18920705739449795,0.13557471563140333,-0.935470154054651
-0.26302681876436107,0.18289993695275153,-0.965855859933857
-0.2626218274076604,0.17628433126638265,-0.9967051974755393
-0.19370536548378314,0.12699077773098422,-0.9961976716911719
-0.08094704307821488,0.05311789737982031,-0.9695409086357569
0.0393733828037548,-0.0272911787674055,-0.9908130974572958
0.13557471563140333,-0.0929736955669952,-0.9967205604182012
0.18289993695275153,-0.1309793269171784,-0.9862976268368662
0.17628433126638265,-0.13564136959570972,-0.9178452924240117
0.12699077773098422,-0.10994309449675754,-0.929178891865459
0.05311789737982031,-0.06344349573219799,-0.9325944032251205
-0.0272911787674055,-0.009235499544649639,-0.9632263276943104
-0.0929736955669952,0.04124582765782292,-0.9894372910742675
-0.1309793269171784,0.07566530138814387,-0.990204066516055
-0.13564136959570972,0.08792003895575884,-0.9868674274066667
-0.10994309449675754,0.07438538624659108,-0.9908028097724776
-0.06344349573219799,0.040555452166269434,-0.9664587182642069
-0.009235499544649639,-0.005433489316761353,-0.9646384838970299
0.04124582765782292,-0.04908913523807423,-0.8343278095324316
0.07566530138814387,-0.08088767911821537,-0.9325059291356836
0.08792003895575884,-0.09272588957417893,-0.9223684445157724
0.07438538624659108,-0.0827595266802017,-0.8843472189644553
0.040555452166269434,-0.05061876947432087,-0.8886063204792141
-0.005433489316761353,-0.004661086281706139,-0.8380526372822954
-0.04908913523807423,0.04402506109452187,-0.9613951197966605
-0.08088767911821537,0.07946095848878976,-0.9732053819680204
-0.09272588957417893,0.09441453301000613,-0.9755166818238556
-0.0827595266802017,0.08404320161230139,-0.952101911177501
-0.05061876947432087,0.05092382371354964,-0.8849301877708233
-0.004661086281706139,0.001924480320145916,-0.9188658307579829
0.04402506109452187,-0.04875622659995438,-0.9919234815720132
0.07946095848878976,-0.08295618987051312,-0.9900991321309087
0.09441453301000613,-0.08727678053663757,-0.9913151364764268
0.08404320161230139,-0.060457939372985936,-0.9443312799114436
0.05092382371354964,-0.008729909877548736,-0.9815617254230639
0.001924480320145916,0.04852412439612008,-0.9946792094119971
-0.04875622659995438,0.09250430532199272,-0.9967024540929211
-0.08295618987051312,0.1088823556116969,-0.9986187068517353
-0.08727678053663757,0.08954363138494448,-1.0
-0.060457939372985936,0.03252814176677776,-0.9971057313377968
-0.008729909877548736,-0.05026429824146661,-0.9619849470595739
0.04852412439612008,-0.1344288267378524,-0.7571365669584255
0.09250430532199272,-0.19175724508175473,-0.9461384832111842
0.1088823556116969,-0.20203880396135387,-0.5584217045459222
0.08954363138494448,-0.15606089680673818,-0.6575312025480538
0.03252814176677776,-0.062492188421819916,-0.8801018343627877
-0.05026429824146661,0.05654929566156053,-0.9255391089767594
-0.1344288267378524,0.1707560572105571,-0.9712918725918245
-0.19175724508175473,0.24577606453583378,-0.9860526427690607
