X1,X2,X3,X4,X5,X6,X7,X8,X9,Y
0.034032699966840774,0.12238710918711582,-0.3666697212630786,0.12223750913926379,-0.05633992278823907,-0.12774239109475283,-0.07469490464737738,-0.03709625187476717,-0.02728546172284463,-0.006863878087230435
0.12238710918711582,-0.3666697212630786,0.12223750913926379,-0.05633992278823907,-0.12774239109475283,-0.07469490464737738,-0.03709625187476717,-0.02728546172284463,-0.006863878087230435,-0.068355335862755
-0.3666697212630786,0.12223750913926379,-0.05633992278823907,-0.12774239109475283,-0.07469490464737738,-0.03709625187476717,-0.02728546172284463,-0.006863878087230435,-0.068355335862755,-0.44208252616935517
0.12223750913926379,-0.05633992278823907,-0.12774239109475283,-0.07469490464737738,-0.03709625187476717,-0.02728546172284463,-0.006863878087230435,-0.068355335862755,-0.44208252616935517,0.5799539079817286
-0.05633992278823907,-0.12774239109475283,-0.07469490464737738,-0.03709625187476717,-0.02728546172284463,-0.006863878087230435,-0.068355335862755,-0.44208252616935517,0.5799539079817286,-0.48667957164352293
-0.12774239109475283,-0.07469490464737738,-0.03709625187476717,-0.02728546172284463,-0.006863878087230435,-0.068355335862755,-0.44208252616935517,0.5799539079817286,-0.48667957164352293,0.056406589665407125
-0.07469490464737738,-0.03709625187476717,-0.02728546172284463,-0.006863878087230435,-0.068355335862755,-0.44208252616935517,0.5799539079817286,-0.48667957164352293,0.056406589665407125,-0.12507573491358137
-0.03709625187476717,-0.02728546172284463,-0.006863878087230435,-0.068355335862755,-0.44208252616935517,0.5799539079817286,-0.48667957164352293,0.056406589665407125,-0.12507573491358137,0.01760623731565092
-0.02728546172284463,-0.006863878087230435,-0.068355335862755,-0.44208252616935517,0.5799539079817286,-0.48667957164352293,0.056406589665407125,-0.12507573491358137,0.01760623731565092,0.003734454284118005
-0.006863878087230435,-0.068355335862755,-0.44208252616935517,0.5799539079817286,-0.48667957164352293,0.056406589665407125,-0.12507573491358137,0.01760623731565092,0.003734454284118005,-0.05760481252590832
-0.068355335862755,-0.44208252616935517,0.5799539079817286,-0.48667957164352293,0.056406589665407125,-0.12507573491358137,0.01760623731565092,0.003734454284118005,-0.05760481252590832,-0.337539959363914
-0.44208252616935517,0.5799539079817286,-0.48667957164352293,0.056406589665407125,-0.12507573491358137,0.01760623731565092,0.003734454284118005,-0.05760481252590832,-0.337539959363914,-0.07741094123841852
0.5799539079817286,-0.48667957164352293,0.056406589665407125,-0.12507573491358137,0.01760623731565092,0.003734454284118005,-0.05760481252590832,-0.337539959363914,-0.07741094123841852,0.4890349654427104
-0.48667957164352293,0.056406589665407125,-0.12507573491358137,0.01760623731565092,0.003734454284118005,-0.05760481252590832,-0.337539959363914,-0.07741094123841852,0.4890349654427104,-0.14478983838558335
0.056406589665407125,-0.12507573491358137,0.01760623731565092,0.003734454284118005,-0.05760481252590832,-0.337539959363914,-0.07741094123841852,0.4890349654427104,-0.14478983838558335,-0.8309591096089127
-0.12507573491358137,0.01760623731565092,0.003734454284118005,-0.05760481252590832,-0.337539959363914,-0.07741094123841852,0.4890349654427104,-0.14478983838558335,-0.8309591096089127,0.5096711609882967
0.01760623731565092,0.003734454284118005,-0.05760481252590832,-0.337539959363914,-0.07741094123841852,0.4890349654427104,-0.14478983838558335,-0.8309591096089127,0.5096711609882967,0.230085435396864
0.003734454284118005,-0.05760481252590832,-0.337539959363914,-0.07741094123841852,0.4890349654427104,-0.14478983838558335,-0.8309591096089127,0.5096711609882967,0.230085435396864,-0.6585850455703535
-0.05760481252590832,-0.337539959363914,-0.07741094123841852,0.4890349654427104,-0.14478983838558335,-0.8309591096089127,0.5096711609882967,0.230085435396864,-0.6585850455703535,0.20621990164155246
-0.337539959363914,-0.07741094123841852,0.4890349654427104,-0.14478983838558335,-0.8309591096089127,0.5096711609882967,0.230085435396864,-0.6585850455703535,0.20621990164155246,-0.009045731324554884
-0.07741094123841852,0.4890349654427104,-0.14478983838558335,-0.8309591096089127,0.5096711609882967,0.230085435396864,-0.6585850455703535,0.20621990164155246,-0.009045731324554884,-0.1004195059721219
0.4890349654427104,-0.14478983838558335,-0.8309591096089127,0.5096711609882967,0.230085435396864,-0.6585850455703535,0.20621990164155246,-0.009045731324554884,-0.1004195059721219,-0.06642813131875691
-0.14478983838558335,-0.8309591096089127,0.5096711609882967,0.230085435396864,-0.6585850455703535,0.20621990164155246,-0.009045731324554884,-0.1004195059721219,-0.06642813131875691,-0.0623309857147043
-0.8309591096089127,0.5096711609882967,0.230085435396864,-0.6585850455703535,0.20621990164155246,-0.009045731324554884,-0.1004195059721219,-0.06642813131875691,-0.0623309857147043,-0.21827497237992644
0.5096711609882967,0.230085435396864,-0.6585850455703535,0.20621990164155246,-0.009045731324554884,-0.1004195059721219,-0.06642813131875691,-0.0623309857147043,-0.21827497237992644,0.07568730746749974
0.230085435396864,-0.6585850455703535,0.20621990164155246,-0.009045731324554884,-0.1004195059721219,-0.06642813131875691,-0.0623309857147043,-0.21827497237992644,0.07568730746749974,0.26473091801500037
-0.6585850455703535,0.20621990164155246,-0.009045731324554884,-0.1004195059721219,-0.06642813131875691,-0.0623309857147043,-0.21827497237992644,0.07568730746749974,0.26473091801500037,-0.44196279406268113
0.20621990164155246,-0.009045731324554884,-0.1004195059721219,-0.06642813131875691,-0.0623309857147043,-0.21827497237992644,0.07568730746749974,0.26473091801500037,-0.44196279406268113,-0.3887772395342858
-0.009045731324554884,-0.1004195059721219,-0.06642813131875691,-0.0623309857147043,-0.21827497237992644,0.07568730746749974,0.26473091801500037,-0.44196279406268113,-0.3887772395342858,0.7840574597468581
-0.1004195059721219,-0.06642813131875691,-0.0623309857147043,-0.21827497237992644,0.07568730746749974,0.26473091801500037,-0.44196279406268113,-0.3887772395342858,0.7840574597468581,-0.6757922027266741
-0.06642813131875691,-0.0623309857147043,-0.21827497237992644,0.07568730746749974,0.26473091801500037,-0.44196279406268113,-0.3887772395342858,0.7840574597468581,-0.6757922027266741,0.11551555149790471
-0.0623309857147043,-0.21827497237992644,0.07568730746749974,0.26473091801500037,-0.44196279406268113,-0.3887772395342858,0.7840574597468581,-0.6757922027266741,0.11551555149790471,-0.050732411611817296
-0.21827497237992644,0.07568730746749974,0.26473091801500037,-0.44196279406268113,-0.3887772395342858,0.7840574597468581,-0.6757922027266741,0.11551555149790471,-0.050732411611817296,-0.05974173604013755
0.07568730746749974,0.26473091801500037,-0.44196279406268113,-0.3887772395342858,0.7840574597468581,-0.6757922027266741,0.11551555149790471,-0.050732411611817296,-0.05974173604013755,-0.031186435427509984
0.26473091801500037,-0.44196279406268113,-0.3887772395342858,0.7840574597468581,-0.6757922027266741,0.11551555149790471,-0.050732411611817296,-0.05974173604013755,-0.031186435427509984,-0.12942436989940853
-0.44196279406268113,-0.3887772395342858,0.7840574597468581,-0.6757922027266741,0.11551555149790471,-0.050732411611817296,-0.05974173604013755,-0.031186435427509984,-0.12942436989940853,-0.11334418571536309
-0.3887772395342858,0.7840574597468581,-0.6757922027266741,0.11551555149790471,-0.050732411611817296,-0.05974173604013755,-0.031186435427509984,-0.12942436989940853,-0.11334418571536309,0.07484295722464096
0.7840574597468581,-0.6757922027266741,0.11551555149790471,-0.050732411611817296,-0.05974173604013755,-0.031186435427509984,-0.12942436989940853,-0.11334418571536309,0.07484295722464096,0.029333763262481938
-0.6757922027266741,0.11551555149790471,-0.050732411611817296,-0.05974173604013755,-0.031186435427509984,-0.12942436989940853,-0.11334418571536309,0.07484295722464096,0.029333763262481938,-0.32900638836946394
0.11551555149790471,-0.050732411611817296,-0.05974173604013755,-0.031186435427509984,-0.12942436989940853,-0.11334418571536309,0.07484295722464096,0.029333763262481938,-0.32900638836946394,0.0031597194586576727
-0.050732411611817296,-0.05974173604013755,-0.031186435427509984,-0.12942436989940853,-0.11334418571536309,0.07484295722464096,0.029333763262481938,-0.32900638836946394,0.0031597194586576727,0.17641556378400836
-0.05974173604013755,-0.031186435427509984,-0.12942436989940853,-0.11334418571536309,0.07484295722464096,0.029333763262481938,-0.32900638836946394,0.0031597194586576727,0.17641556378400836,-0.33104467263232995
-0.031186435427509984,-0.12942436989940853,-0.11334418571536309,0.07484295722464096,0.029333763262481938,-0.32900638836946394,0.0031597194586576727,0.17641556378400836,-0.33104467263232995,0.0419049702837897
-0.12942436989940853,-0.11334418571536309,0.07484295722464096,0.029333763262481938,-0.32900638836946394,0.0031597194586576727,0.17641556378400836,-0.33104467263232995,0.0419049702837897,-0.02913384716358003
-0.11334418571536309,0.07484295722464096,0.029333763262481938,-0.32900638836946394,0.0031597194586576727,0.17641556378400836,-0.33104467263232995,0.0419049702837897,-0.02913384716358003,-0.07345307818159796
0.07484295722464096,0.029333763262481938,-0.32900638836946394,0.0031597194586576727,0.17641556378400836,-0.33104467263232995,0.0419049702837897,-0.02913384716358003,-0.07345307818159796,-0.07880625324153423
0.029333763262481938,-0.32900638836946394,0.0031597194586576727,0.17641556378400836,-0.33104467263232995,0.0419049702837897,-0.02913384716358003,-0.07345307818159796,-0.07880625324153423,-0.12332833755447936
-0.32900638836946394,0.0031597194586576727,0.17641556378400836,-0.33104467263232995,0.0419049702837897,-0.02913384716358003,-0.07345307818159796,-0.07880625324153423,-0.12332833755447936,0.04906976704426658
0.0031597194586576727,0.17641556378400836,-0.33104467263232995,0.0419049702837897,-0.02913384716358003,-0.07345307818159796,-0.07880625324153423,-0.12332833755447936,0.04906976704426658,0.0025943219519286576
0.17641556378400836,-0.33104467263232995,0.0419049702837897,-0.02913384716358003,-0.07345307818159796,-0.07880625324153423,-0.12332833755447936,0.04906976704426658,0.0025943219519286576,-0.2612620179057529
-0.33104467263232995,0.0419049702837897,-0.02913384716358003,-0.07345307818159796,-0.07880625324153423,-0.12332833755447936,0.04906976704426658,0.0025943219519286576,-0.2612620179057529,-0.1410604298246817
0.0419049702837897,-0.02913384716358003,-0.07345307818159796,-0.07880625324153423,-0.12332833755447936,0.04906976704426658,0.0025943219519286576,-0.2612620179057529,-0.1410604298246817,0.4253319556650983
-0.02913384716358003,-0.07345307818159796,-0.07880625324153423,-0.12332833755447936,0.04906976704426658,0.0025943219519286576,-0.2612620179057529,-0.1410604298246817,0.4253319556650983,-0.354452910972055
-0.07345307818159796,-0.07880625324153423,-0.12332833755447936,0.04906976704426658,0.0025943219519286576,-0.2612620179057529,-0.1410604298246817,0.4253319556650983,-0.354452910972055,-0.36268799958323195
-0.07880625324153423,-0.12332833755447936,0.04906976704426658,0.0025943219519286576,-0.2612620179057529,-0.1410604298246817,0.4253319556650983,-0.354452910972055,-0.36268799958323195,0.4117233850982649
-0.12332833755447936,0.04906976704426658,0.0025943219519286576,-0.2612620179057529,-0.1410604298246817,0.4253319556650983,-0.354452910972055,-0.36268799958323195,0.4117233850982649,-0.25966647183527636
0.04906976704426658,0.0025943219519286576,-0.2612620179057529,-0.1410604298246817,0.4253319556650983,-0.354452910972055,-0.36268799958323195,0.4117233850982649,-0.25966647183527636,0.020000211908189902
0.0025943219519286576,-0.2612620179057529,-0.1410604298246817,0.4253319556650983,-0.354452910972055,-0.36268799958323195,0.4117233850982649,-0.25966647183527636,0.020000211908189902,-0.18144233314889424
-0.2612620179057529,-0.1410604298246817,0.4253319556650983,-0.354452910972055,-0.36268799958323195,0.4117233850982649,-0.25966647183527636,0.020000211908189902,-0.18144233314889424,-0.024409289231109854
-0.1410604298246817,0.4253319556650983,-0.354452910972055,-0.36268799958323195,0.4117233850982649,-0.25966647183527636,0.020000211908189902,-0.18144233314889424,-0.024409289231109854,-0.029018149689583494
0.4253319556650983,-0.354452910972055,-0.36268799958323195,0.4117233850982649,-0.25966647183527636,0.020000211908189902,-0.18144233314889424,-0.024409289231109854,-0.029018149689583494,0.030512900855810043
-0.354452910972055,-0.36268799958323195,0.4117233850982649,-0.25966647183527636,0.020000211908189902,-0.18144233314889424,-0.024409289231109854,-0.029018149689583494,0.030512900855810043,-0.14615667802886356
-0.36268799958323195,0.4117233850982649,-0.25966647183527636,0.020000211908189902,-0.18144233314889424,-0.024409289231109854,-0.029018149689583494,0.030512900855810043,-0.14615667802886356,-0.29958164519633723
0.4117233850982649,-0.25966647183527636,0.020000211908189902,-0.18144233314889424,-0.024409289231109854,-0.029018149689583494,0.030512900855810043,-0.14615667802886356,-0.29958164519633723,0.4048490310423687
-0.25966647183527636,0.020000211908189902,-0.18144233314889424,-0.024409289231109854,-0.029018149689583494,0.030512900855810043,-0.14615667802886356,-0.29958164519633723,0.4048490310423687,-0.3098337743551397
0.020000211908189902,-0.18144233314889424,-0.024409289231109854,-0.029018149689583494,0.030512900855810043,-0.14615667802886356,-0.29958164519633723,0.4048490310423687,-0.3098337743551397,-0.1113429961825021
-0.18144233314889424,-0.024409289231109854,-0.029018149689583494,0.030512900855810043,-0.14615667802886356,-0.29958164519633723,0.4048490310423687,-0.3098337743551397,-0.1113429961825021,0.05521737961118345
-0.024409289231109854,-0.029018149689583494,0.030512900855810043,-0.14615667802886356,-0.29958164519633723,0.4048490310423687,-0.3098337743551397,-0.1113429961825021,0.05521737961118345,-0.14312831111744662
-0.029018149689583494,0.030512900855810043,-0.14615667802886356,-0.29958164519633723,0.4048490310423687,-0.3098337743551397,-0.1113429961825021,0.05521737961118345,-0.14312831111744662,-0.02710133771572132
0.030512900855810043,-0.14615667802886356,-0.29958164519633723,0.4048490310423687,-0.3098337743551397,-0.1113429961825021,0.05521737961118345,-0.14312831111744662,-0.02710133771572132,-0.06019611746891307
-0.14615667802886356,-0.29958164519633723,0.4048490310423687,-0.3098337743551397,-0.1113429961825021,0.05521737961118345,-0.14312831111744662,-0.02710133771572132,-0.06019611746891307,0.06757254078457287
-0.29958164519633723,0.4048490310423687,-0.3098337743551397,-0.1113429961825021,0.05521737961118345,-0.14312831111744662,-0.02710133771572132,-0.06019611746891307,0.06757254078457287,-0.1995310453403717
0.4048490310423687,-0.3098337743551397,-0.1113429961825021,0.05521737961118345,-0.14312831111744662,-0.02710133771572132,-0.06019611746891307,0.06757254078457287,-0.1995310453403717,-0.2711837991078536
-0.3098337743551397,-0.1113429961825021,0.05521737961118345,-0.14312831111744662,-0.02710133771572132,-0.06019611746891307,0.06757254078457287,-0.1995310453403717,-0.2711837991078536,0.3638579419650534
-0.1113429961825021,0.05521737961118345,-0.14312831111744662,-0.02710133771572132,-0.06019611746891307,0.06757254078457287,-0.1995310453403717,-0.2711837991078536,0.3638579419650534,-0.24084016102176165
0.05521737961118345,-0.14312831111744662,-0.02710133771572132,-0.06019611746891307,0.06757254078457287,-0.1995310453403717,-0.2711837991078536,0.3638579419650534,-0.24084016102176165,-0.06148202795343216
-0.14312831111744662,-0.02710133771572132,-0.06019611746891307,0.06757254078457287,-0.1995310453403717,-0.2711837991078536,0.3638579419650534,-0.24084016102176165,-0.06148202795343216,-0.21477572712374704
-0.02710133771572132,-0.06019611746891307,0.06757254078457287,-0.1995310453403717,-0.2711837991078536,0.3638579419650534,-0.24084016102176165,-0.06148202795343216,-0.21477572712374704,0.28180942898988426
-0.06019611746891307,0.06757254078457287,-0.1995310453403717,-0.2711837991078536,0.3638579419650534,-0.24084016102176165,-0.06148202795343216,-0.21477572712374704,0.28180942898988426,-0.41731042723404377
0.06757254078457287,-0.1995310453403717,-0.2711837991078536,0.3638579419650534,-0.24084016102176165,-0.06148202795343216,-0.21477572712374704,0.28180942898988426,-0.41731042723404377,0.13833429576967826
-0.1995310453403717,-0.2711837991078536,0.3638579419650534,-0.24084016102176165,-0.06148202795343216,-0.21477572712374704,0.28180942898988426,-0.41731042723404377,0.13833429576967826,-0.06057146140660441
-0.2711837991078536,0.3638579419650534,-0.24084016102176165,-0.06148202795343216,-0.21477572712374704,0.28180942898988426,-0.41731042723404377,0.13833429576967826,-0.06057146140660441,-0.036052222334289064
0.3638579419650534,-0.24084016102176165,-0.06148202795343216,-0.21477572712374704,0.28180942898988426,-0.41731042723404377,0.13833429576967826,-0.06057146140660441,-0.036052222334289064,-0.16127613952412456
-0.24084016102176165,-0.06148202795343216,-0.21477572712374704,0.28180942898988426,-0.41731042723404377,0.13833429576967826,-0.06057146140660441,-0.036052222334289064,-0.16127613952412456,-0.08061102280653587
-0.06148202795343216,-0.21477572712374704,0.28180942898988426,-0.41731042723404377,0.13833429576967826,-0.06057146140660441,-0.036052222334289064,-0.16127613952412456,-0.08061102280653587,-0.08781049766349736
-0.21477572712374704,0.28180942898988426,-0.41731042723404377,0.13833429576967826,-0.06057146140660441,-0.036052222334289064,-0.16127613952412456,-0.08061102280653587,-0.08781049766349736,0.2895387408657186
0.28180942898988426,-0.41731042723404377,0.13833429576967826,-0.06057146140660441,-0.036052222334289064,-0.16127613952412456,-0.08061102280653587,-0.08781049766349736,0.2895387408657186,-0.46559556345383524
-0.41731042723404377,0.13833429576967826,-0.06057146140660441,-0.036052222334289064,-0.16127613952412456,-0.08061102280653587,-0.08781049766349736,0.2895387408657186,-0.46559556345383524,0.1240659864836231
0.13833429576967826,-0.06057146140660441,-0.036052222334289064,-0.16127613952412456,-0.08061102280653587,-0.08781049766349736,0.2895387408657186,-0.46559556345383524,0.1240659864836231,-0.07400360611085866
-0.06057146140660441,-0.036052222334289064,-0.16127613952412456,-0.08061102280653587,-0.08781049766349736,0.2895387408657186,-0.46559556345383524,0.1240659864836231,-0.07400360611085866,-0.16493069404737226
-0.036052222334289064,-0.16127613952412456,-0.08061102280653587,-0.08781049766349736,0.2895387408657186,-0.46559556345383524,0.1240659864836231,-0.07400360611085866,-0.16493069404737226,0.08468777604153965
-0.16127613952412456,-0.08061102280653587,-0.08781049766349736,0.2895387408657186,-0.46559556345383524,0.1240659864836231,-0.07400360611085866,-0.16493069404737226,0.08468777604153965,-0.16044248996775
-0.08061102280653587,-0.08781049766349736,0.2895387408657186,-0.46559556345383524,0.1240659864836231,-0.07400360611085866,-0.16493069404737226,0.08468777604153965,-0.16044248996775,0.03785041298874181
-0.08781049766349736,0.2895387408657186,-0.46559556345383524,0.1240659864836231,-0.07400360611085866,-0.16493069404737226,0.08468777604153965,-0.16044248996775,0.03785041298874181,-0.10647284273806545
0.2895387408657186,-0.46559556345383524,0.1240659864836231,-0.07400360611085866,-0.16493069404737226,0.08468777604153965,-0.16044248996775,0.03785041298874181,-0.10647284273806545,-0.13345457888670398
-0.46559556345383524,0.1240659864836231,-0.07400360611085866,-0.16493069404737226,0.08468777604153965,-0.16044248996775,0.03785041298874181,-0.10647284273806545,-0.13345457888670398,-0.016647590106133148
0.1240659864836231,-0.07400360611085866,-0.16493069404737226,0.08468777604153965,-0.16044248996775,0.03785041298874181,-0.10647284273806545,-0.13345457888670398,-0.016647590106133148,0.07664315295681545
-0.07400360611085866,-0.16493069404737226,0.08468777604153965,-0.16044248996775,0.03785041298874181,-0.10647284273806545,-0.13345457888670398,-0.016647590106133148,0.07664315295681545,-0.20668281655695475
-0.16493069404737226,0.08468777604153965,-0.16044248996775,0.03785041298874181,-0.10647284273806545,-0.13345457888670398,-0.016647590106133148,0.07664315295681545,-0.20668281655695475,-0.19507056506512066
0.08468777604153965,-0.16044248996775,0.03785041298874181,-0.10647284273806545,-0.13345457888670398,-0.016647590106133148,0.07664315295681545,-0.20668281655695475,-0.19507056506512066,0.3212117114973172
-0.16044248996775,0.03785041298874181,-0.10647284273806545,-0.13345457888670398,-0.016647590106133148,0.07664315295681545,-0.20668281655695475,-0.19507056506512066,0.3212117114973172,-0.3242397569302642
0.03785041298874181,-0.10647284273806545,-0.13345457888670398,-0.016647590106133148,0.07664315295681545,-0.20668281655695475,-0.19507056506512066,0.3212117114973172,-0.3242397569302642,-0.0702746940129344
-0.10647284273806545,-0.13345457888670398,-0.016647590106133148,0.07664315295681545,-0.20668281655695475,-0.19507056506512066,0.3212117114973172,-0.3242397569302642,-0.0702746940129344,-0.025705635030187968
-0.13345457888670398,-0.016647590106133148,0.07664315295681545,-0.20668281655695475,-0.19507056506512066,0.3212117114973172,-0.3242397569302642,-0.0702746940129344,-0.025705635030187968,0.022375556284596865
-0.016647590106133148,0.07664315295681545,-0.20668281655695475,-0.19507056506512066,0.3212117114973172,-0.3242397569302642,-0.0702746940129344,-0.025705635030187968,0.022375556284596865,-0.052026252936921535
0.07664315295681545,-0.20668281655695475,-0.19507056506512066,0.3212117114973172,-0.3242397569302642,-0.0702746940129344,-0.025705635030187968,0.022375556284596865,-0.052026252936921535,-0.1067813917635907
-0.20668281655695475,-0.19507056506512066,0.3212117114973172,-0.3242397569302642,-0.0702746940129344,-0.025705635030187968,0.022375556284596865,-0.052026252936921535,-0.1067813917635907,-0.2174544249582976
-0.19507056506512066,0.3212117114973172,-0.3242397569302642,-0.0702746940129344,-0.025705635030187968,0.022375556284596865,-0.052026252936921535,-0.1067813917635907,-0.2174544249582976,0.04055192428272192
0.3212117114973172,-0.3242397569302642,-0.0702746940129344,-0.025705635030187968,0.022375556284596865,-0.052026252936921535,-0.1067813917635907,-0.2174544249582976,0.04055192428272192,0.13583964828483075
-0.3242397569302642,-0.0702746940129344,-0.025705635030187968,0.022375556284596865,-0.052026252936921535,-0.1067813917635907,-0.2174544249582976,0.04055192428272192,0.13583964828483075,-0.19702815744414226
-0.0702746940129344,-0.025705635030187968,0.022375556284596865,-0.052026252936921535,-0.1067813917635907,-0.2174544249582976,0.04055192428272192,0.13583964828483075,-0.19702815744414226,-0.2483015137232103
-0.025705635030187968,0.022375556284596865,-0.052026252936921535,-0.1067813917635907,-0.2174544249582976,0.04055192428272192,0.13583964828483075,-0.19702815744414226,-0.2483015137232103,0.48259420671796693
0.022375556284596865,-0.052026252936921535,-0.1067813917635907,-0.2174544249582976,0.04055192428272192,0.13583964828483075,-0.19702815744414226,-0.2483015137232103,0.48259420671796693,-1.0
-0.052026252936921535,-0.1067813917635907,-0.2174544249582976,0.04055192428272192,0.13583964828483075,-0.19702815744414226,-0.2483015137232103,0.48259420671796693,-1.0,1.0
-0.1067813917635907,-0.2174544249582976,0.04055192428272192,0.13583964828483075,-0.19702815744414226,-0.2483015137232103,0.48259420671796693,-1.0,1.0,-0.7559654773883632
-0.2174544249582976,0.04055192428272192,0.13583964828483075,-0.19702815744414226,-0.2483015137232103,0.48259420671796693,-1.0,1.0,-0.7559654773883632,0.15153548159481023
0.04055192428272192,0.13583964828483075,-0.19702815744414226,-0.2483015137232103,0.48259420671796693,-1.0,1.0,-0.7559654773883632,0.15153548159481023,-0.07533340599619143
0.13583964828483075,-0.19702815744414226,-0.2483015137232103,0.48259420671796693,-1.0,1.0,-0.7559654773883632,0.15153548159481023,-0.07533340599619143,0.013330573364018772
-0.19702815744414226,-0.2483015137232103,0.48259420671796693,-1.0,1.0,-0.7559654773883632,0.15153548159481023,-0.07533340599619143,0.013330573364018772,-0.0823484507153126
-0.2483015137232103,0.48259420671796693,-1.0,1.0,-0.7559654773883632,0.15153548159481023,-0.07533340599619143,0.013330573364018772,-0.0823484507153126,-0.15374709389928864
0.48259420671796693,-1.0,1.0,-0.7559654773883632,0.15153548159481023,-0.07533340599619143,0.013330573364018772,-0.0823484507153126,-0.15374709389928864,-0.12644490725707414
-1.0,1.0,-0.7559654773883632,0.15153548159481023,-0.07533340599619143,0.013330573364018772,-0.0823484507153126,-0.15374709389928864,-0.12644490725707414,0.23095817290619358
1.0,-0.7559654773883632,0.15153548159481023,-0.07533340599619143,0.013330573364018772,-0.0823484507153126,-0.15374709389928864,-0.12644490725707414,0.23095817290619358,-0.2973162785988289
-0.7559654773883632,0.15153548159481023,-0.07533340599619143,0.013330573364018772,-0.0823484507153126,-0.15374709389928864,-0.12644490725707414,0.23095817290619358,-0.2973162785988289,0.05586273724562951
0.15153548159481023,-0.07533340599619143,0.013330573364018772,-0.0823484507153126,-0.15374709389928864,-0.12644490725707414,0.23095817290619358,-0.2973162785988289,0.05586273724562951,-0.1417857842980076
-0.07533340599619143,0.013330573364018772,-0.0823484507153126,-0.15374709389928864,-0.12644490725707414,0.23095817290619358,-0.2973162785988289,0.05586273724562951,-0.1417857842980076,-0.004555834685945448
0.013330573364018772,-0.0823484507153126,-0.15374709389928864,-0.12644490725707414,0.23095817290619358,-0.2973162785988289,0.05586273724562951,-0.1417857842980076,-0.004555834685945448,-0.12932115896159502
-0.0823484507153126,-0.15374709389928864,-0.12644490725707414,0.23095817290619358,-0.2973162785988289,0.05586273724562951,-0.1417857842980076,-0.004555834685945448,-0.12932115896159502,-0.0027330286946435356
-0.15374709389928864,-0.12644490725707414,0.23095817290619358,-0.2973162785988289,0.05586273724562951,-0.1417857842980076,-0.004555834685945448,-0.12932115896159502,-0.0027330286946435356,-0.052085212638188216
-0.12644490725707414,0.23095817290619358,-0.2973162785988289,0.05586273724562951,-0.1417857842980076,-0.004555834685945448,-0.12932115896159502,-0.0027330286946435356,-0.052085212638188216,0.013250148949228269
0.23095817290619358,-0.2973162785988289,0.05586273724562951,-0.1417857842980076,-0.004555834685945448,-0.12932115896159502,-0.0027330286946435356,-0.052085212638188216,0.013250148949228269,-0.17712852354587438
-0.2973162785988289,0.05586273724562951,-0.1417857842980076,-0.004555834685945448,-0.12932115896159502,-0.0027330286946435356,-0.052085212638188216,0.013250148949228269,-0.17712852354587438,-0.12150947989693162
0.05586273724562951,-0.1417857842980076,-0.004555834685945448,-0.12932115896159502,-0.0027330286946435356,-0.052085212638188216,0.013250148949228269,-0.17712852354587438,-0.12150947989693162,-0.034420245578190234
-0.1417857842980076,-0.004555834685945448,-0.12932115896159502,-0.0027330286946435356,-0.052085212638188216,0.013250148949228269,-0.17712852354587438,-0.12150947989693162,-0.034420245578190234,0.18052706000219088
-0.004555834685945448,-0.12932115896159502,-0.0027330286946435356,-0.052085212638188216,0.013250148949228269,-0.17712852354587438,-0.12150947989693162,-0.034420245578190234,0.18052706000219088,-0.2364037856889113
-0.12932115896159502,-0.0027330286946435356,-0.052085212638188216,0.013250148949228269,-0.17712852354587438,-0.12150947989693162,-0.034420245578190234,0.18052706000219088,-0.2364037856889113,-0.1271799525139521
-0.0027330286946435356,-0.052085212638188216,0.013250148949228269,-0.17712852354587438,-0.12150947989693162,-0.034420245578190234,0.18052706000219088,-0.2364037856889113,-0.1271799525139521,0.03462307488197669
-0.052085212638188216,0.013250148949228269,-0.17712852354587438,-0.12150947989693162,-0.034420245578190234,0.18052706000219088,-0.2364037856889113,-0.1271799525139521,0.03462307488197669,-0.11324242152165898
0.013250148949228269,-0.17712852354587438,-0.12150947989693162,-0.034420245578190234,0.18052706000219088,-0.2364037856889113,-0.1271799525139521,0.03462307488197669,-0.11324242152165898,-0.031253855491477966
-0.17712852354587438,-0.12150947989693162,-0.034420245578190234,0.18052706000219088,-0.2364037856889113,-0.1271799525139521,0.03462307488197669,-0.11324242152165898,-0.031253855491477966,-0.024589377843032167
-0.12150947989693162,-0.034420245578190234,0.18052706000219088,-0.2364037856889113,-0.1271799525139521,0.03462307488197669,-0.11324242152165898,-0.031253855491477966,-0.024589377843032167,-0.08880984902884548
-0.034420245578190234,0.18052706000219088,-0.2364037856889113,-0.1271799525139521,0.03462307488197669,-0.11324242152165898,-0.031253855491477966,-0.024589377843032167,-0.08880984902884548,-0.08135569232507733
0.18052706000219088,-0.2364037856889113,-0.1271799525139521,0.03462307488197669,-0.11324242152165898,-0.031253855491477966,-0.024589377843032167,-0.08880984902884548,-0.08135569232507733,-0.018337122340307266
-0.2364037856889113,-0.1271799525139521,0.03462307488197669,-0.11324242152165898,-0.031253855491477966,-0.024589377843032167,-0.08880984902884548,-0.08135569232507733,-0.018337122340307266,-0.14959866179178216
-0.1271799525139521,0.03462307488197669,-0.11324242152165898,-0.031253855491477966,-0.024589377843032167,-0.08880984902884548,-0.08135569232507733,-0.018337122340307266,-0.14959866179178216,0.03991029463569151
0.03462307488197669,-0.11324242152165898,-0.031253855491477966,-0.024589377843032167,-0.08880984902884548,-0.08135569232507733,-0.018337122340307266,-0.14959866179178216,0.03991029463569151,0.00297560902881866
-0.11324242152165898,-0.031253855491477966,-0.024589377843032167,-0.08880984902884548,-0.08135569232507733,-0.018337122340307266,-0.14959866179178216,0.03991029463569151,0.00297560902881866,-0.36130898965347047
-0.031253855491477966,-0.024589377843032167,-0.08880984902884548,-0.08135569232507733,-0.018337122340307266,-0.14959866179178216,0.03991029463569151,0.00297560902881866,-0.36130898965347047,0.3406975228838669
-0.024589377843032167,-0.08880984902884548,-0.08135569232507733,-0.018337122340307266,-0.14959866179178216,0.03991029463569151,0.00297560902881866,-0.36130898965347047,0.3406975228838669,-0.3277245868656511
-0.08880984902884548,-0.08135569232507733,-0.018337122340307266,-0.14959866179178216,0.03991029463569151,0.00297560902881866,-0.36130898965347047,0.3406975228838669,-0.3277245868656511,-0.0018313083237905259
-0.08135569232507733,-0.018337122340307266,-0.14959866179178216,0.03991029463569151,0.00297560902881866,-0.36130898965347047,0.3406975228838669,-0.3277245868656511,-0.0018313083237905259,-0.04545704337685319
-0.018337122340307266,-0.14959866179178216,0.03991029463569151,0.00297560902881866,-0.36130898965347047,0.3406975228838669,-0.3277245868656511,-0.0018313083237905259,-0.04545704337685319,-0.06896462146191196
-0.14959866179178216,0.03991029463569151,0.00297560902881866,-0.36130898965347047,0.3406975228838669,-0.3277245868656511,-0.0018313083237905259,-0.04545704337685319,-0.06896462146191196,-0.049979020499569926
0.03991029463569151,0.00297560902881866,-0.36130898965347047,0.3406975228838669,-0.3277245868656511,-0.0018313083237905259,-0.04545704337685319,-0.06896462146191196,-0.049979020499569926,0.04336273330226659
0.00297560902881866,-0.36130898965347047,0.3406975228838669,-0.3277245868656511,-0.0018313083237905259,-0.04545704337685319,-0.06896462146191196,-0.049979020499569926,0.04336273330226659,-0.1523848692436217
-0.36130898965347047,0.3406975228838669,-0.3277245868656511,-0.0018313083237905259,-0.04545704337685319,-0.06896462146191196,-0.049979020499569926,0.04336273330226659,-0.1523848692436217,-0.26461142263221693
0.3406975228838669,-0.3277245868656511,-0.0018313083237905259,-0.04545704337685319,-0.06896462146191196,-0.049979020499569926,0.04336273330226659,-0.1523848692436217,-0.26461142263221693,0.03686232115268018
-0.3277245868656511,-0.0018313083237905259,-0.04545704337685319,-0.06896462146191196,-0.049979020499569926,0.04336273330226659,-0.1523848692436217,-0.26461142263221693,0.03686232115268018,0.4131687890939517
-0.0018313083237905259,-0.04545704337685319,-0.06896462146191196,-0.049979020499569926,0.04336273330226659,-0.1523848692436217,-0.26461142263221693,0.03686232115268018,0.4131687890939517,-0.39572562144021683
-0.04545704337685319,-0.06896462146191196,-0.049979020499569926,0.04336273330226659,-0.1523848692436217,-0.26461142263221693,0.03686232115268018,0.4131687890939517,-0.39572562144021683,-0.5949354977966208
-0.06896462146191196,-0.049979020499569926,0.04336273330226659,-0.1523848692436217,-0.26461142263221693,0.03686232115268018,0.4131687890939517,-0.39572562144021683,-0.5949354977966208,0.8306502973482071
-0.049979020499569926,0.04336273330226659,-0.1523848692436217,-0.26461142263221693,0.03686232115268018,0.4131687890939517,-0.39572562144021683,-0.5949354977966208,0.8306502973482071,-0.5480473447285261
0.04336273330226659,-0.1523848692436217,-0.26461142263221693,0.03686232115268018,0.4131687890939517,-0.39572562144021683,-0.5949354977966208,0.8306502973482071,-0.5480473447285261,-0.0003749518127312834
-0.1523848692436217,-0.26461142263221693,0.03686232115268018,0.4131687890939517,-0.39572562144021683,-0.5949354977966208,0.8306502973482071,-0.5480473447285261,-0.0003749518127312834,0.000325313105871583
-0.26461142263221693,0.03686232115268018,0.4131687890939517,-0.39572562144021683,-0.5949354977966208,0.8306502973482071,-0.5480473447285261,-0.0003749518127312834,0.000325313105871583,-0.090536826400614
0.03686232115268018,0.4131687890939517,-0.39572562144021683,-0.5949354977966208,0.8306502973482071,-0.5480473447285261,-0.0003749518127312834,0.000325313105871583,-0.090536826400614,-0.018241108492007885
0.4131687890939517,-0.39572562144021683,-0.5949354977966208,0.8306502973482071,-0.5480473447285261,-0.0003749518127312834,0.000325313105871583,-0.090536826400614,-0.018241108492007885,-0.10523343052569734
-0.39572562144021683,-0.5949354977966208,0.8306502973482071,-0.5480473447285261,-0.0003749518127312834,0.000325313105871583,-0.090536826400614,-0.018241108492007885,-0.10523343052569734,-0.09604428308234725
-0.5949354977966208,0.8306502973482071,-0.5480473447285261,-0.0003749518127312834,0.000325313105871583,-0.090536826400614,-0.018241108492007885,-0.10523343052569734,-0.09604428308234725,-0.0314271923711712
0.8306502973482071,-0.5480473447285261,-0.0003749518127312834,0.000325313105871583,-0.090536826400614,-0.018241108492007885,-0.10523343052569734,-0.09604428308234725,-0.0314271923711712,0.07351095521501172
-0.5480473447285261,-0.0003749518127312834,0.000325313105871583,-0.090536826400614,-0.018241108492007885,-0.10523343052569734,-0.09604428308234725,-0.0314271923711712,0.07351095521501172,-0.20751395996348854
-0.0003749518127312834,0.000325313105871583,-0.090536826400614,-0.018241108492007885,-0.10523343052569734,-0.09604428308234725,-0.0314271923711712,0.07351095521501172,-0.20751395996348854,-0.15810258462343174
0.000325313105871583,-0.090536826400614,-0.018241108492007885,-0.10523343052569734,-0.09604428308234725,-0.0314271923711712,0.07351095521501172,-0.20751395996348854,-0.15810258462343174,0.23748272305210505
-0.090536826400614,-0.018241108492007885,-0.10523343052569734,-0.09604428308234725,-0.0314271923711712,0.07351095521501172,-0.20751395996348854,-0.15810258462343174,0.23748272305210505,-0.2819197427607226
-0.018241108492007885,-0.10523343052569734,-0.09604428308234725,-0.0314271923711712,0.07351095521501172,-0.20751395996348854,-0.15810258462343174,0.23748272305210505,-0.2819197427607226,-0.05319224940941525
-0.10523343052569734,-0.09604428308234725,-0.0314271923711712,0.07351095521501172,-0.20751395996348854,-0.15810258462343174,0.23748272305210505,-0.2819197427607226,-0.05319224940941525,0.046950827196391653
-0.09604428308234725,-0.0314271923711712,0.07351095521501172,-0.20751395996348854,-0.15810258462343174,0.23748272305210505,-0.2819197427607226,-0.05319224940941525,0.046950827196391653,-0.12475231712165058
-0.0314271923711712,0.07351095521501172,-0.20751395996348854,-0.15810258462343174,0.23748272305210505,-0.2819197427607226,-0.05319224940941525,0.046950827196391653,-0.12475231712165058,-0.04703946293537398
0.07351095521501172,-0.20751395996348854,-0.15810258462343174,0.23748272305210505,-0.2819197427607226,-0.05319224940941525,0.046950827196391653,-0.12475231712165058,-0.04703946293537398,-0.08647994854407859
-0.20751395996348854,-0.15810258462343174,0.23748272305210505,-0.2819197427607226,-0.05319224940941525,0.046950827196391653,-0.12475231712165058,-0.04703946293537398,-0.08647994854407859,-0.023404853626585953
-0.15810258462343174,0.23748272305210505,-0.2819197427607226,-0.05319224940941525,0.046950827196391653,-0.12475231712165058,-0.04703946293537398,-0.08647994854407859,-0.023404853626585953,-0.0774847631656187
0.23748272305210505,-0.2819197427607226,-0.05319224940941525,0.046950827196391653,-0.12475231712165058,-0.04703946293537398,-0.08647994854407859,-0.023404853626585953,-0.0774847631656187,-0.03842718854859939
-0.2819197427607226,-0.05319224940941525,0.046950827196391653,-0.12475231712165058,-0.04703946293537398,-0.08647994854407859,-0.023404853626585953,-0.0774847631656187,-0.03842718854859939,-0.09540777427532243
-0.05319224940941525,0.046950827196391653,-0.12475231712165058,-0.04703946293537398,-0.08647994854407859,-0.023404853626585953,-0.0774847631656187,-0.03842718854859939,-0.09540777427532243,-0.024922902644651246
0.046950827196391653,-0.12475231712165058,-0.04703946293537398,-0.08647994854407859,-0.023404853626585953,-0.0774847631656187,-0.03842718854859939,-0.09540777427532243,-0.024922902644651246,-0.10107405115479873
-0.12475231712165058,-0.04703946293537398,-0.08647994854407859,-0.023404853626585953,-0.0774847631656187,-0.03842718854859939,-0.09540777427532243,-0.024922902644651246,-0.10107405115479873,0.014427142839175122
-0.04703946293537398,-0.08647994854407859,-0.023404853626585953,-0.0774847631656187,-0.03842718854859939,-0.09540777427532243,-0.024922902644651246,-0.10107405115479873,0.014427142839175122,-0.167660970740095
-0.08647994854407859,-0.023404853626585953,-0.0774847631656187,-0.03842718854859939,-0.09540777427532243,-0.024922902644651246,-0.10107405115479873,0.014427142839175122,-0.167660970740095,0.0012076058957946056
-0.023404853626585953,-0.0774847631656187,-0.03842718854859939,-0.09540777427532243,-0.024922902644651246,-0.10107405115479873,0.014427142839175122,-0.167660970740095,0.0012076058957946056,-0.04093083485762594
-0.0774847631656187,-0.03842718854859939,-0.09540777427532243,-0.024922902644651246,-0.10107405115479873,0.014427142839175122,-0.167660970740095,0.0012076058957946056,-0.04093083485762594,0.014984583593352196
-0.03842718854859939,-0.09540777427532243,-0.024922902644651246,-0.10107405115479873,0.014427142839175122,-0.167660970740095,0.0012076058957946056,-0.04093083485762594,0.014984583593352196,-0.18077037017435793
-0.09540777427532243,-0.024922902644651246,-0.10107405115479873,0.014427142839175122,-0.167660970740095,0.0012076058957946056,-0.04093083485762594,0.014984583593352196,-0.18077037017435793,-0.24040742697818163
-0.024922902644651246,-0.10107405115479873,0.014427142839175122,-0.167660970740095,0.0012076058957946056,-0.04093083485762594,0.014984583593352196,-0.18077037017435793,-0.24040742697818163,0.15158130333414865
-0.10107405115479873,0.014427142839175122,-0.167660970740095,0.0012076058957946056,-0.04093083485762594,0.014984583593352196,-0.18077037017435793,-0.24040742697818163,0.15158130333414865,0.2957928140006316
0.014427142839175122,-0.167660970740095,0.0012076058957946056,-0.04093083485762594,0.014984583593352196,-0.18077037017435793,-0.24040742697818163,0.15158130333414865,0.2957928140006316,-0.5419120992296964
-0.167660970740095,0.0012076058957946056,-0.04093083485762594,0.014984583593352196,-0.18077037017435793,-0.24040742697818163,0.15158130333414865,0.2957928140006316,-0.5419120992296964,-0.28978353966547155
0.0012076058957946056,-0.04093083485762594,0.014984583593352196,-0.18077037017435793,-0.24040742697818163,0.15158130333414865,0.2957928140006316,-0.5419120992296964,-0.28978353966547155,0.7255015855194393
-0.04093083485762594,0.014984583593352196,-0.18077037017435793,-0.24040742697818163,0.15158130333414865,0.2957928140006316,-0.5419120992296964,-0.28978353966547155,0.7255015855194393,-0.761572111047621
0.014984583593352196,-0.18077037017435793,-0.24040742697818163,0.15158130333414865,0.2957928140006316,-0.5419120992296964,-0.28978353966547155,0.7255015855194393,-0.761572111047621,0.33823109379125516
-0.18077037017435793,-0.24040742697818163,0.15158130333414865,0.2957928140006316,-0.5419120992296964,-0.28978353966547155,0.7255015855194393,-0.761572111047621,0.33823109379125516,-0.22749619950276012
-0.24040742697818163,0.15158130333414865,0.2957928140006316,-0.5419120992296964,-0.28978353966547155,0.7255015855194393,-0.761572111047621,0.33823109379125516,-0.22749619950276012,-0.022600453394015174
0.15158130333414865,0.2957928140006316,-0.5419120992296964,-0.28978353966547155,0.7255015855194393,-0.761572111047621,0.33823109379125516,-0.22749619950276012,-0.022600453394015174,-0.04218334531205392
0.2957928140006316,-0.5419120992296964,-0.28978353966547155,0.7255015855194393,-0.761572111047621,0.33823109379125516,-0.22749619950276012,-0.022600453394015174,-0.04218334531205392,-0.07457803285336873
-0.5419120992296964,-0.28978353966547155,0.7255015855194393,-0.761572111047621,0.33823109379125516,-0.22749619950276012,-0.022600453394015174,-0.04218334531205392,-0.07457803285336873,-0.08248539454011705
-0.28978353966547155,0.7255015855194393,-0.761572111047621,0.33823109379125516,-0.22749619950276012,-0.022600453394015174,-0.04218334531205392,-0.07457803285336873,-0.08248539454011705,-0.049719870442308745
0.7255015855194393,-0.761572111047621,0.33823109379125516,-0.22749619950276012,-0.022600453394015174,-0.04218334531205392,-0.07457803285336873,-0.08248539454011705,-0.049719870442308745,0.0367220345403414
-0.761572111047621,0.33823109379125516,-0.22749619950276012,-0.022600453394015174,-0.04218334531205392,-0.07457803285336873,-0.08248539454011705,-0.049719870442308745,0.0367220345403414,-0.26901777898706813
0.33823109379125516,-0.22749619950276012,-0.022600453394015174,-0.04218334531205392,-0.07457803285336873,-0.08248539454011705,-0.049719870442308745,0.0367220345403414,-0.26901777898706813,0.16069618040382982
-0.22749619950276012,-0.022600453394015174,-0.04218334531205392,-0.07457803285336873,-0.08248539454011705,-0.049719870442308745,0.0367220345403414,-0.26901777898706813,0.16069618040382982,-0.1533861291273061
-0.022600453394015174,-0.04218334531205392,-0.07457803285336873,-0.08248539454011705,-0.049719870442308745,0.0367220345403414,-0.26901777898706813,0.16069618040382982,-0.1533861291273061,-0.11826275197333225
-0.04218334531205392,-0.07457803285336873,-0.08248539454011705,-0.049719870442308745,0.0367220345403414,-0.26901777898706813,0.16069618040382982,-0.1533861291273061,-0.11826275197333225,0.018689007114047307
-0.07457803285336873,-0.08248539454011705,-0.049719870442308745,0.0367220345403414,-0.26901777898706813,0.16069618040382982,-0.1533861291273061,-0.11826275197333225,0.018689007114047307,-0.06206388038256039
-0.08248539454011705,-0.049719870442308745,0.0367220345403414,-0.26901777898706813,0.16069618040382982,-0.1533861291273061,-0.11826275197333225,0.018689007114047307,-0.06206388038256039,-0.11091433898841385
-0.049719870442308745,0.0367220345403414,-0.26901777898706813,0.16069618040382982,-0.1533861291273061,-0.11826275197333225,0.018689007114047307,-0.06206388038256039,-0.11091433898841385,-0.009650661605882793
0.0367220345403414,-0.26901777898706813,0.16069618040382982,-0.1533861291273061,-0.11826275197333225,0.018689007114047307,-0.06206388038256039,-0.11091433898841385,-0.009650661605882793,-0.04448692137879928
-0.26901777898706813,0.16069618040382982,-0.1533861291273061,-0.11826275197333225,0.018689007114047307,-0.06206388038256039,-0.11091433898841385,-0.009650661605882793,-0.04448692137879928,-0.09262967892361473
0.16069618040382982,-0.1533861291273061,-0.11826275197333225,0.018689007114047307,-0.06206388038256039,-0.11091433898841385,-0.009650661605882793,-0.04448692137879928,-0.09262967892361473,-0.09537989762298726
-0.1533861291273061,-0.11826275197333225,0.018689007114047307,-0.06206388038256039,-0.11091433898841385,-0.009650661605882793,-0.04448692137879928,-0.09262967892361473,-0.09537989762298726,-0.07664478160499522
-0.11826275197333225,0.018689007114047307,-0.06206388038256039,-0.11091433898841385,-0.009650661605882793,-0.04448692137879928,-0.09262967892361473,-0.09537989762298726,-0.07664478160499522,-0.09050833716077789
0.018689007114047307,-0.06206388038256039,-0.11091433898841385,-0.009650661605882793,-0.04448692137879928,-0.09262967892361473,-0.09537989762298726,-0.07664478160499522,-0.09050833716077789,0.4598312580997197
-0.06206388038256039,-0.11091433898841385,-0.009650661605882793,-0.04448692137879928,-0.09262967892361473,-0.09537989762298726,-0.07664478160499522,-0.09050833716077789,0.4598312580997197,-0.8678369724761588
-0.11091433898841385,-0.009650661605882793,-0.04448692137879928,-0.09262967892361473,-0.09537989762298726,-0.07664478160499522,-0.09050833716077789,0.4598312580997197,-0.8678369724761588,0.3355028002868108
-0.009650661605882793,-0.04448692137879928,-0.09262967892361473,-0.09537989762298726,-0.07664478160499522,-0.09050833716077789,0.4598312580997197,-0.8678369724761588,0.3355028002868108,-0.03817294082038103
-0.04448692137879928,-0.09262967892361473,-0.09537989762298726,-0.07664478160499522,-0.09050833716077789,0.4598312580997197,-0.8678369724761588,0.3355028002868108,-0.03817294082038103,-0.09597292489112219
-0.09262967892361473,-0.09537989762298726,-0.07664478160499522,-0.09050833716077789,0.4598312580997197,-0.8678369724761588,0.3355028002868108,-0.03817294082038103,-0.09597292489112219,-0.06038831437900638
-0.09537989762298726,-0.07664478160499522,-0.09050833716077789,0.4598312580997197,-0.8678369724761588,0.3355028002868108,-0.03817294082038103,-0.09597292489112219,-0.06038831437900638,-0.04771825281107733
-0.07664478160499522,-0.09050833716077789,0.4598312580997197,-0.8678369724761588,0.3355028002868108,-0.03817294082038103,-0.09597292489112219,-0.06038831437900638,-0.04771825281107733,0.011856806178079937
-0.09050833716077789,0.4598312580997197,-0.8678369724761588,0.3355028002868108,-0.03817294082038103,-0.09597292489112219,-0.06038831437900638,-0.04771825281107733,0.011856806178079937,-0.31947879015871705
0.4598312580997197,-0.8678369724761588,0.3355028002868108,-0.03817294082038103,-0.09597292489112219,-0.06038831437900638,-0.04771825281107733,0.011856806178079937,-0.31947879015871705,-0.04684542441462114
-0.8678369724761588,0.3355028002868108,-0.03817294082038103,-0.09597292489112219,-0.06038831437900638,-0.04771825281107733,0.011856806178079937,-0.31947879015871705,-0.04684542441462114,0.38653207386301314
0.3355028002868108,-0.03817294082038103,-0.09597292489112219,-0.06038831437900638,-0.04771825281107733,0.011856806178079937,-0.31947879015871705,-0.04684542441462114,0.38653207386301314,-0.18677335712196508
-0.03817294082038103,-0.09597292489112219,-0.06038831437900638,-0.04771825281107733,0.011856806178079937,-0.31947879015871705,-0.04684542441462114,0.38653207386301314,-0.18677335712196508,-0.6123814276382609
-0.09597292489112219,-0.06038831437900638,-0.04771825281107733,0.011856806178079937,-0.31947879015871705,-0.04684542441462114,0.38653207386301314,-0.18677335712196508,-0.6123814276382609,0.4281334959275449
-0.06038831437900638,-0.04771825281107733,0.011856806178079937,-0.31947879015871705,-0.04684542441462114,0.38653207386301314,-0.18677335712196508,-0.6123814276382609,0.4281334959275449,-0.056531877608211656
-0.04771825281107733,0.011856806178079937,-0.31947879015871705,-0.04684542441462114,0.38653207386301314,-0.18677335712196508,-0.6123814276382609,0.4281334959275449,-0.056531877608211656,-0.24846562436650543
0.011856806178079937,-0.31947879015871705,-0.04684542441462114,0.38653207386301314,-0.18677335712196508,-0.6123814276382609,0.4281334959275449,-0.056531877608211656,-0.24846562436650543,0.07651713774177615
-0.31947879015871705,-0.04684542441462114,0.38653207386301314,-0.18677335712196508,-0.6123814276382609,0.4281334959275449,-0.056531877608211656,-0.24846562436650543,0.07651713774177615,-0.07626889673563608
-0.04684542441462114,0.38653207386301314,-0.18677335712196508,-0.6123814276382609,0.4281334959275449,-0.056531877608211656,-0.24846562436650543,0.07651713774177615,-0.07626889673563608,-0.08469508760407607
0.38653207386301314,-0.18677335712196508,-0.6123814276382609,0.4281334959275449,-0.056531877608211656,-0.24846562436650543,0.07651713774177615,-0.07626889673563608,-0.08469508760407607,-0.1886217237250617
-0.18677335712196508,-0.6123814276382609,0.4281334959275449,-0.056531877608211656,-0.24846562436650543,0.07651713774177615,-0.07626889673563608,-0.08469508760407607,-0.1886217237250617,0.0080557204409899
-0.6123814276382609,0.4281334959275449,-0.056531877608211656,-0.24846562436650543,0.07651713774177615,-0.07626889673563608,-0.08469508760407607,-0.1886217237250617,0.0080557204409899,0.2251638405742704
0.4281334959275449,-0.056531877608211656,-0.24846562436650543,0.07651713774177615,-0.07626889673563608,-0.08469508760407607,-0.1886217237250617,0.0080557204409899,0.2251638405742704,-0.2226083724904191
-0.056531877608211656,-0.24846562436650543,0.07651713774177615,-0.07626889673563608,-0.08469508760407607,-0.1886217237250617,0.0080557204409899,0.2251638405742704,-0.2226083724904191,-0.5246400955492173
-0.24846562436650543,0.07651713774177615,-0.07626889673563608,-0.08469508760407607,-0.1886217237250617,0.0080557204409899,0.2251638405742704,-0.2226083724904191,-0.5246400955492173,0.6357101133967162
0.07651713774177615,-0.07626889673563608,-0.08469508760407607,-0.1886217237250617,0.0080557204409899,0.2251638405742704,-0.2226083724904191,-0.5246400955492173,0.6357101133967162,-0.43461160148348166
-0.07626889673563608,-0.08469508760407607,-0.1886217237250617,0.0080557204409899,0.2251638405742704,-0.2226083724904191,-0.5246400955492173,0.6357101133967162,-0.43461160148348166,0.0525774880815697
-0.08469508760407607,-0.1886217237250617,0.0080557204409899,0.2251638405742704,-0.2226083724904191,-0.5246400955492173,0.6357101133967162,-0.43461160148348166,0.0525774880815697,-0.19954326338324913
-0.1886217237250617,0.0080557204409899,0.2251638405742704,-0.2226083724904191,-0.5246400955492173,0.6357101133967162,-0.43461160148348166,0.0525774880815697,-0.19954326338324913,0.14562794700404358
0.0080557204409899,0.2251638405742704,-0.2226083724904191,-0.5246400955492173,0.6357101133967162,-0.43461160148348166,0.0525774880815697,-0.19954326338324913,0.14562794700404358,-0.13490290371173497
0.2251638405742704,-0.2226083724904191,-0.5246400955492173,0.6357101133967162,-0.43461160148348166,0.0525774880815697,-0.19954326338324913,0.14562794700404358,-0.13490290371173497,-0.11131151013561669
-0.2226083724904191,-0.5246400955492173,0.6357101133967162,-0.43461160148348166,0.0525774880815697,-0.19954326338324913,0.14562794700404358,-0.13490290371173497,-0.11131151013561669,-0.15342052315053623
-0.5246400955492173,0.6357101133967162,-0.43461160148348166,0.0525774880815697,-0.19954326338324913,0.14562794700404358,-0.13490290371173497,-0.11131151013561669,-0.15342052315053623,0.07741041784481495
0.6357101133967162,-0.43461160148348166,0.0525774880815697,-0.19954326338324913,0.14562794700404358,-0.13490290371173497,-0.11131151013561669,-0.15342052315053623,0.07741041784481495,0.1273743894005086
-0.43461160148348166,0.0525774880815697,-0.19954326338324913,0.14562794700404358,-0.13490290371173497,-0.11131151013561669,-0.15342052315053623,0.07741041784481495,0.1273743894005086,-0.3085333655204556
0.0525774880815697,-0.19954326338324913,0.14562794700404358,-0.13490290371173497,-0.11131151013561669,-0.15342052315053623,0.07741041784481495,0.1273743894005086,-0.3085333655204556,-0.3322116363799965
-0.19954326338324913,0.14562794700404358,-0.13490290371173497,-0.11131151013561669,-0.15342052315053623,0.07741041784481495,0.1273743894005086,-0.3085333655204556,-0.3322116363799965,0.6582781767676016
0.14562794700404358,-0.13490290371173497,-0.11131151013561669,-0.15342052315053623,0.07741041784481495,0.1273743894005086,-0.3085333655204556,-0.3322116363799965,0.6582781767676016,-0.688714644446367
-0.13490290371173497,-0.11131151013561669,-0.15342052315053623,0.07741041784481495,0.1273743894005086,-0.3085333655204556,-0.3322116363799965,0.6582781767676016,-0.688714644446367,0.24765630266917715
-0.11131151013561669,-0.15342052315053623,0.07741041784481495,0.1273743894005086,-0.3085333655204556,-0.3322116363799965,0.6582781767676016,-0.688714644446367,0.24765630266917715,-0.19826232386118925
-0.15342052315053623,0.07741041784481495,0.1273743894005086,-0.3085333655204556,-0.3322116363799965,0.6582781767676016,-0.688714644446367,0.24765630266917715,-0.19826232386118925,0.04669146705614202
0.07741041784481495,0.1273743894005086,-0.3085333655204556,-0.3322116363799965,0.6582781767676016,-0.688714644446367,0.24765630266917715,-0.19826232386118925,0.04669146705614202,-0.09107574207279168
0.1273743894005086,-0.3085333655204556,-0.3322116363799965,0.6582781767676016,-0.688714644446367,0.24765630266917715,-0.19826232386118925,0.04669146705614202,-0.09107574207279168,-0.06264559648955148
-0.3085333655204556,-0.3322116363799965,0.6582781767676016,-0.688714644446367,0.24765630266917715,-0.19826232386118925,0.04669146705614202,-0.09107574207279168,-0.06264559648955148,-0.14595482304505092
-0.3322116363799965,0.6582781767676016,-0.688714644446367,0.24765630266917715,-0.19826232386118925,0.04669146705614202,-0.09107574207279168,-0.06264559648955148,-0.14595482304505092,-0.02341457866894936
0.6582781767676016,-0.688714644446367,0.24765630266917715,-0.19826232386118925,0.04669146705614202,-0.09107574207279168,-0.06264559648955148,-0.14595482304505092,-0.02341457866894936,0.0956304774303991
-0.688714644446367,0.24765630266917715,-0.19826232386118925,0.04669146705614202,-0.09107574207279168,-0.06264559648955148,-0.14595482304505092,-0.02341457866894936,0.0956304774303991,-0.1304798168372694
0.24765630266917715,-0.19826232386118925,0.04669146705614202,-0.09107574207279168,-0.06264559648955148,-0.14595482304505092,-0.02341457866894936,0.0956304774303991,-0.1304798168372694,-0.30830846645797294
-0.19826232386118925,0.04669146705614202,-0.09107574207279168,-0.06264559648955148,-0.14595482304505092,-0.02341457866894936,0.0956304774303991,-0.1304798168372694,-0.30830846645797294,0.311870531355513
0.04669146705614202,-0.09107574207279168,-0.06264559648955148,-0.14595482304505092,-0.02341457866894936,0.0956304774303991,-0.1304798168372694,-0.30830846645797294,0.311870531355513,-0.3204254252011042
-0.09107574207279168,-0.06264559648955148,-0.14595482304505092,-0.02341457866894936,0.0956304774303991,-0.1304798168372694,-0.30830846645797294,0.311870531355513,-0.3204254252011042,0.06752459827060187
-0.06264559648955148,-0.14595482304505092,-0.02341457866894936,0.0956304774303991,-0.1304798168372694,-0.30830846645797294,0.311870531355513,-0.3204254252011042,0.06752459827060187,-0.11253661529395864
-0.14595482304505092,-0.02341457866894936,0.0956304774303991,-0.1304798168372694,-0.30830846645797294,0.311870531355513,-0.3204254252011042,0.06752459827060187,-0.11253661529395864,-0.037265121292500814
-0.02341457866894936,0.0956304774303991,-0.1304798168372694,-0.30830846645797294,0.311870531355513,-0.3204254252011042,0.06752459827060187,-0.11253661529395864,-0.037265121292500814,-0.03331635935733357
0.0956304774303991,-0.1304798168372694,-0.30830846645797294,0.311870531355513,-0.3204254252011042,0.06752459827060187,-0.11253661529395864,-0.037265121292500814,-0.03331635935733357,-0.09446526422953949
-0.1304798168372694,-0.30830846645797294,0.311870531355513,-0.3204254252011042,0.06752459827060187,-0.11253661529395864,-0.037265121292500814,-0.03331635935733357,-0.09446526422953949,-0.1175484959901929
-0.30830846645797294,0.311870531355513,-0.3204254252011042,0.06752459827060187,-0.11253661529395864,-0.037265121292500814,-0.03331635935733357,-0.09446526422953949,-0.1175484959901929,-0.0315023339875965
0.311870531355513,-0.3204254252011042,0.06752459827060187,-0.11253661529395864,-0.037265121292500814,-0.03331635935733357,-0.09446526422953949,-0.1175484959901929,-0.0315023339875965,0.06545141833963641
-0.3204254252011042,0.06752459827060187,-0.11253661529395864,-0.037265121292500814,-0.03331635935733357,-0.09446526422953949,-0.1175484959901929,-0.0315023339875965,0.06545141833963641,-0.07643159007034162
0.06752459827060187,-0.11253661529395864,-0.037265121292500814,-0.03331635935733357,-0.09446526422953949,-0.1175484959901929,-0.0315023339875965,0.06545141833963641,-0.07643159007034162,-0.32312230793851116
-0.11253661529395864,-0.037265121292500814,-0.03331635935733357,-0.09446526422953949,-0.1175484959901929,-0.0315023339875965,0.06545141833963641,-0.07643159007034162,-0.32312230793851116,0.19457577108026403
-0.037265121292500814,-0.03331635935733357,-0.09446526422953949,-0.1175484959901929,-0.0315023339875965,0.06545141833963641,-0.07643159007034162,-0.32312230793851116,0.19457577108026403,-0.07569618707981496
-0.03331635935733357,-0.09446526422953949,-0.1175484959901929,-0.0315023339875965,0.06545141833963641,-0.07643159007034162,-0.32312230793851116,0.19457577108026403,-0.07569618707981496,-0.1368959096967416
-0.09446526422953949,-0.1175484959901929,-0.0315023339875965,0.06545141833963641,-0.07643159007034162,-0.32312230793851116,0.19457577108026403,-0.07569618707981496,-0.1368959096967416,-0.07541480042096516
-0.1175484959901929,-0.0315023339875965,0.06545141833963641,-0.07643159007034162,-0.32312230793851116,0.19457577108026403,-0.07569618707981496,-0.1368959096967416,-0.07541480042096516,0.0030503561259038747
-0.0315023339875965,0.06545141833963641,-0.07643159007034162,-0.32312230793851116,0.19457577108026403,-0.07569618707981496,-0.1368959096967416,-0.07541480042096516,0.0030503561259038747,-0.08457057685969416
0.06545141833963641,-0.07643159007034162,-0.32312230793851116,0.19457577108026403,-0.07569618707981496,-0.1368959096967416,-0.07541480042096516,0.0030503561259038747,-0.08457057685969416,0.017181686707597787
-0.07643159007034162,-0.32312230793851116,0.19457577108026403,-0.07569618707981496,-0.1368959096967416,-0.07541480042096516,0.0030503561259038747,-0.08457057685969416,0.017181686707597787,-0.10851334801002332
-0.32312230793851116,0.19457577108026403,-0.07569618707981496,-0.1368959096967416,-0.07541480042096516,0.0030503561259038747,-0.08457057685969416,0.017181686707597787,-0.10851334801002332,-0.24766234353694272
0.19457577108026403,-0.07569618707981496,-0.1368959096967416,-0.07541480042096516,0.0030503561259038747,-0.08457057685969416,0.017181686707597787,-0.10851334801002332,-0.24766234353694272,0.03145425234796417
-0.07569618707981496,-0.1368959096967416,-0.07541480042096516,0.0030503561259038747,-0.08457057685969416,0.017181686707597787,-0.10851334801002332,-0.24766234353694272,0.03145425234796417,0.22068967928410888
-0.1368959096967416,-0.07541480042096516,0.0030503561259038747,-0.08457057685969416,0.017181686707597787,-0.10851334801002332,-0.24766234353694272,0.03145425234796417,0.22068967928410888,-0.10080145438572419
-0.07541480042096516,0.0030503561259038747,-0.08457057685969416,0.017181686707597787,-0.10851334801002332,-0.24766234353694272,0.03145425234796417,0.22068967928410888,-0.10080145438572419,-0.5405389989526423
0.0030503561259038747,-0.08457057685969416,0.017181686707597787,-0.10851334801002332,-0.24766234353694272,0.03145425234796417,0.22068967928410888,-0.10080145438572419,-0.5405389989526423,0.2000412182198006
-0.08457057685969416,0.017181686707597787,-0.10851334801002332,-0.24766234353694272,0.03145425234796417,0.22068967928410888,-0.10080145438572419,-0.5405389989526423,0.2000412182198006,0.3034198951792273
0.017181686707597787,-0.10851334801002332,-0.24766234353694272,0.03145425234796417,0.22068967928410888,-0.10080145438572419,-0.5405389989526423,0.2000412182198006,0.3034198951792273,-0.6042069753631347
-0.10851334801002332,-0.24766234353694272,0.03145425234796417,0.22068967928410888,-0.10080145438572419,-0.5405389989526423,0.2000412182198006,0.3034198951792273,-0.6042069753631347,0.2713333382830643
-0.24766234353694272,0.03145425234796417,0.22068967928410888,-0.10080145438572419,-0.5405389989526423,0.2000412182198006,0.3034198951792273,-0.6042069753631347,0.2713333382830643,-0.19324745441871405
0.03145425234796417,0.22068967928410888,-0.10080145438572419,-0.5405389989526423,0.2000412182198006,0.3034198951792273,-0.6042069753631347,0.2713333382830643,-0.19324745441871405,0.029422717596269132
0.22068967928410888,-0.10080145438572419,-0.5405389989526423,0.2000412182198006,0.3034198951792273,-0.6042069753631347,0.2713333382830643,-0.19324745441871405,0.029422717596269132,-0.10507405224026745
-0.10080145438572419,-0.5405389989526423,0.2000412182198006,0.3034198951792273,-0.6042069753631347,0.2713333382830643,-0.19324745441871405,0.029422717596269132,-0.10507405224026745,-0.13129382961377212
-0.5405389989526423,0.2000412182198006,0.3034198951792273,-0.6042069753631347,0.2713333382830643,-0.19324745441871405,0.029422717596269132,-0.10507405224026745,-0.13129382961377212,-0.052722731657020905
0.2000412182198006,0.3034198951792273,-0.6042069753631347,0.2713333382830643,-0.19324745441871405,0.029422717596269132,-0.10507405224026745,-0.13129382961377212,-0.052722731657020905,0.17153742617040213
0.3034198951792273,-0.6042069753631347,0.2713333382830643,-0.19324745441871405,0.029422717596269132,-0.10507405224026745,-0.13129382961377212,-0.052722731657020905,0.17153742617040213,-0.2554909868518511
-0.6042069753631347,0.2713333382830643,-0.19324745441871405,0.029422717596269132,-0.10507405224026745,-0.13129382961377212,-0.052722731657020905,0.17153742617040213,-0.2554909868518511,-0.18069443922203687
0.2713333382830643,-0.19324745441871405,0.029422717596269132,-0.10507405224026745,-0.13129382961377212,-0.052722731657020905,0.17153742617040213,-0.2554909868518511,-0.18069443922203687,0.1777789832392651
-0.19324745441871405,0.029422717596269132,-0.10507405224026745,-0.13129382961377212,-0.052722731657020905,0.17153742617040213,-0.2554909868518511,-0.18069443922203687,0.1777789832392651,-0.11422829888024388
0.029422717596269132,-0.10507405224026745,-0.13129382961377212,-0.052722731657020905,0.17153742617040213,-0.2554909868518511,-0.18069443922203687,0.1777789832392651,-0.11422829888024388,-0.15490793455095775
-0.10507405224026745,-0.13129382961377212,-0.052722731657020905,0.17153742617040213,-0.2554909868518511,-0.18069443922203687,0.1777789832392651,-0.11422829888024388,-0.15490793455095775,0.037355376732731926
-0.13129382961377212,-0.052722731657020905,0.17153742617040213,-0.2554909868518511,-0.18069443922203687,0.1777789832392651,-0.11422829888024388,-0.15490793455095775,0.037355376732731926,-0.1729853144467517
-0.052722731657020905,0.17153742617040213,-0.2554909868518511,-0.18069443922203687,0.1777789832392651,-0.11422829888024388,-0.15490793455095775,0.037355376732731926,-0.1729853144467517,0.021839878380339295
0.17153742617040213,-0.2554909868518511,-0.18069443922203687,0.1777789832392651,-0.11422829888024388,-0.15490793455095775,0.037355376732731926,-0.1729853144467517,0.021839878380339295,0.04857969128318751
-0.2554909868518511,-0.18069443922203687,0.1777789832392651,-0.11422829888024388,-0.15490793455095775,0.037355376732731926,-0.1729853144467517,0.021839878380339295,0.04857969128318751,-0.16201397264022388
-0.18069443922203687,0.1777789832392651,-0.11422829888024388,-0.15490793455095775,0.037355376732731926,-0.1729853144467517,0.021839878380339295,0.04857969128318751,-0.16201397264022388,-0.24920335197373522
0.1777789832392651,-0.11422829888024388,-0.15490793455095775,0.037355376732731926,-0.1729853144467517,0.021839878380339295,0.04857969128318751,-0.16201397264022388,-0.24920335197373522,0.09966245207826963
-0.11422829888024388,-0.15490793455095775,0.037355376732731926,-0.1729853144467517,0.021839878380339295,0.04857969128318751,-0.16201397264022388,-0.24920335197373522,0.09966245207826963,0.12233286889962769
-0.15490793455095775,0.037355376732731926,-0.1729853144467517,0.021839878380339295,0.04857969128318751,-0.16201397264022388,-0.24920335197373522,0.09966245207826963,0.12233286889962769,-0.20843075192162153
0.037355376732731926,-0.1729853144467517,0.021839878380339295,0.04857969128318751,-0.16201397264022388,-0.24920335197373522,0.09966245207826963,0.12233286889962769,-0.20843075192162153,-0.14998437817224453
-0.1729853144467517,0.021839878380339295,0.04857969128318751,-0.16201397264022388,-0.24920335197373522,0.09966245207826963,0.12233286889962769,-0.20843075192162153,-0.14998437817224453,-0.07649265142949235
0.021839878380339295,0.04857969128318751,-0.16201397264022388,-0.24920335197373522,0.09966245207826963,0.12233286889962769,-0.20843075192162153,-0.14998437817224453,-0.07649265142949235,0.14216898181435722
0.04857969128318751,-0.16201397264022388,-0.24920335197373522,0.09966245207826963,0.12233286889962769,-0.20843075192162153,-0.14998437817224453,-0.07649265142949235,0.14216898181435722,-0.190195685912544
-0.16201397264022388,-0.24920335197373522,0.09966245207826963,0.12233286889962769,-0.20843075192162153,-0.14998437817224453,-0.07649265142949235,0.14216898181435722,-0.190195685912544,-0.051125670784555544
-0.24920335197373522,0.09966245207826963,0.12233286889962769,-0.20843075192162153,-0.14998437817224453,-0.07649265142949235,0.14216898181435722,-0.190195685912544,-0.051125670784555544,-0.03699872869062826
0.09966245207826963,0.12233286889962769,-0.20843075192162153,-0.14998437817224453,-0.07649265142949235,0.14216898181435722,-0.190195685912544,-0.051125670784555544,-0.03699872869062826,-0.037631139422783066
0.12233286889962769,-0.20843075192162153,-0.14998437817224453,-0.07649265142949235,0.14216898181435722,-0.190195685912544,-0.051125670784555544,-0.03699872869062826,-0.037631139422783066,-0.17902928302694843
-0.20843075192162153,-0.14998437817224453,-0.07649265142949235,0.14216898181435722,-0.190195685912544,-0.051125670784555544,-0.03699872869062826,-0.037631139422783066,-0.17902928302694843,-0.011764829309604874
-0.14998437817224453,-0.07649265142949235,0.14216898181435722,-0.190195685912544,-0.051125670784555544,-0.03699872869062826,-0.037631139422783066,-0.17902928302694843,-0.011764829309604874,0.1528008159516463
-0.07649265142949235,0.14216898181435722,-0.190195685912544,-0.051125670784555544,-0.03699872869062826,-0.037631139422783066,-0.17902928302694843,-0.011764829309604874,0.1528008159516463,-0.31688247798059377
0.14216898181435722,-0.190195685912544,-0.051125670784555544,-0.03699872869062826,-0.037631139422783066,-0.17902928302694843,-0.011764829309604874,0.1528008159516463,-0.31688247798059377,-0.0403646236524714
-0.190195685912544,-0.051125670784555544,-0.03699872869062826,-0.037631139422783066,-0.17902928302694843,-0.011764829309604874,0.1528008159516463,-0.31688247798059377,-0.0403646236524714,0.06283415648958113
-0.051125670784555544,-0.03699872869062826,-0.037631139422783066,-0.17902928302694843,-0.011764829309604874,0.1528008159516463,-0.31688247798059377,-0.0403646236524714,0.06283415648958113,-0.1180939254951705
-0.03699872869062826,-0.037631139422783066,-0.17902928302694843,-0.011764829309604874,0.1528008159516463,-0.31688247798059377,-0.0403646236524714,0.06283415648958113,-0.1180939254951705,-0.08328967899180562
-0.037631139422783066,-0.17902928302694843,-0.011764829309604874,0.1528008159516463,-0.31688247798059377,-0.0403646236524714,0.06283415648958113,-0.1180939254951705,-0.08328967899180562,-0.02751357892058659
-0.17902928302694843,-0.011764829309604874,0.1528008159516463,-0.31688247798059377,-0.0403646236524714,0.06283415648958113,-0.1180939254951705,-0.08328967899180562,-0.02751357892058659,-0.08770038443676953
-0.011764829309604874,0.1528008159516463,-0.31688247798059377,-0.0403646236524714,0.06283415648958113,-0.1180939254951705,-0.08328967899180562,-0.02751357892058659,-0.08770038443676953,-0.04170725748033233
0.1528008159516463,-0.31688247798059377,-0.0403646236524714,0.06283415648958113,-0.1180939254951705,-0.08328967899180562,-0.02751357892058659,-0.08770038443676953,-0.04170725748033233,0.020885642286360806
-0.31688247798059377,-0.0403646236524714,0.06283415648958113,-0.1180939254951705,-0.08328967899180562,-0.02751357892058659,-0.08770038443676953,-0.04170725748033233,0.020885642286360806,-0.1607307117595539
-0.0403646236524714,0.06283415648958113,-0.1180939254951705,-0.08328967899180562,-0.02751357892058659,-0.08770038443676953,-0.04170725748033233,0.020885642286360806,-0.1607307117595539,-0.22296017175743799
0.06283415648958113,-0.1180939254951705,-0.08328967899180562,-0.02751357892058659,-0.08770038443676953,-0.04170725748033233,0.020885642286360806,-0.1607307117595539,-0.22296017175743799,0.2811330663650222
-0.1180939254951705,-0.08328967899180562,-0.02751357892058659,-0.08770038443676953,-0.04170725748033233,0.020885642286360806,-0.1607307117595539,-0.22296017175743799,0.2811330663650222,-0.1631808428384699
-0.08328967899180562,-0.02751357892058659,-0.08770038443676953,-0.04170725748033233,0.020885642286360806,-0.1607307117595539,-0.22296017175743799,0.2811330663650222,-0.1631808428384699,-0.172264336687052
-0.02751357892058659,-0.08770038443676953,-0.04170725748033233,0.020885642286360806,-0.1607307117595539,-0.22296017175743799,0.2811330663650222,-0.1631808428384699,-0.172264336687052,-0.04551326649435494
-0.08770038443676953,-0.04170725748033233,0.020885642286360806,-0.1607307117595539,-0.22296017175743799,0.2811330663650222,-0.1631808428384699,-0.172264336687052,-0.04551326649435494,0.011229115422312308
-0.04170725748033233,0.020885642286360806,-0.1607307117595539,-0.22296017175743799,0.2811330663650222,-0.1631808428384699,-0.172264336687052,-0.04551326649435494,0.011229115422312308,-0.10254053772804772
0.020885642286360806,-0.1607307117595539,-0.22296017175743799,0.2811330663650222,-0.1631808428384699,-0.172264336687052,-0.04551326649435494,0.011229115422312308,-0.10254053772804772,0.02532049814938797
-0.1607307117595539,-0.22296017175743799,0.2811330663650222,-0.1631808428384699,-0.172264336687052,-0.04551326649435494,0.011229115422312308,-0.10254053772804772,0.02532049814938797,-0.15903952742967253
-0.22296017175743799,0.2811330663650222,-0.1631808428384699,-0.172264336687052,-0.04551326649435494,0.011229115422312308,-0.10254053772804772,0.02532049814938797,-0.15903952742967253,-0.05882376112510879
0.2811330663650222,-0.1631808428384699,-0.172264336687052,-0.04551326649435494,0.011229115422312308,-0.10254053772804772,0.02532049814938797,-0.15903952742967253,-0.05882376112510879,-0.06093530072099229
-0.1631808428384699,-0.172264336687052,-0.04551326649435494,0.011229115422312308,-0.10254053772804772,0.02532049814938797,-0.15903952742967253,-0.05882376112510879,-0.06093530072099229,0.04594909823637994
-0.172264336687052,-0.04551326649435494,0.011229115422312308,-0.10254053772804772,0.02532049814938797,-0.15903952742967253,-0.05882376112510879,-0.06093530072099229,0.04594909823637994,-0.10361439793668847
-0.04551326649435494,0.011229115422312308,-0.10254053772804772,0.02532049814938797,-0.15903952742967253,-0.05882376112510879,-0.06093530072099229,0.04594909823637994,-0.10361439793668847,-0.18150043162723728
0.011229115422312308,-0.10254053772804772,0.02532049814938797,-0.15903952742967253,-0.05882376112510879,-0.06093530072099229,0.04594909823637994,-0.10361439793668847,-0.18150043162723728,0.034093037182747477
-0.10254053772804772,0.02532049814938797,-0.15903952742967253,-0.05882376112510879,-0.06093530072099229,0.04594909823637994,-0.10361439793668847,-0.18150043162723728,0.034093037182747477,0.012832415691399479
0.02532049814938797,-0.15903952742967253,-0.05882376112510879,-0.06093530072099229,0.04594909823637994,-0.10361439793668847,-0.18150043162723728,0.034093037182747477,0.012832415691399479,-0.18230703565575068
-0.15903952742967253,-0.05882376112510879,-0.06093530072099229,0.04594909823637994,-0.10361439793668847,-0.18150043162723728,0.034093037182747477,0.012832415691399479,-0.18230703565575068,-0.0031771049156630315
-0.05882376112510879,-0.06093530072099229,0.04594909823637994,-0.10361439793668847,-0.18150043162723728,0.034093037182747477,0.012832415691399479,-0.18230703565575068,-0.0031771049156630315,-0.08820289812160298
-0.06093530072099229,0.04594909823637994,-0.10361439793668847,-0.18150043162723728,0.034093037182747477,0.012832415691399479,-0.18230703565575068,-0.0031771049156630315,-0.08820289812160298,-0.007270013918103668
0.04594909823637994,-0.10361439793668847,-0.18150043162723728,0.034093037182747477,0.012832415691399479,-0.18230703565575068,-0.0031771049156630315,-0.08820289812160298,-0.007270013918103668,-0.09129859758406611
-0.10361439793668847,-0.18150043162723728,0.034093037182747477,0.012832415691399479,-0.18230703565575068,-0.0031771049156630315,-0.08820289812160298,-0.007270013918103668,-0.09129859758406611,-0.07352713377004383
-0.18150043162723728,0.034093037182747477,0.012832415691399479,-0.18230703565575068,-0.0031771049156630315,-0.08820289812160298,-0.007270013918103668,-0.09129859758406611,-0.07352713377004383,-0.08075816487495335
0.034093037182747477,0.012832415691399479,-0.18230703565575068,-0.0031771049156630315,-0.08820289812160298,-0.007270013918103668,-0.09129859758406611,-0.07352713377004383,-0.08075816487495335,0.014166730105703573
0.012832415691399479,-0.18230703565575068,-0.0031771049156630315,-0.08820289812160298,-0.007270013918103668,-0.09129859758406611,-0.07352713377004383,-0.08075816487495335,0.014166730105703573,-0.08410155489774773
-0.18230703565575068,-0.0031771049156630315,-0.08820289812160298,-0.007270013918103668,-0.09129859758406611,-0.07352713377004383,-0.08075816487495335,0.014166730105703573,-0.08410155489774773,-0.08875121183378021
-0.0031771049156630315,-0.08820289812160298,-0.007270013918103668,-0.09129859758406611,-0.07352713377004383,-0.08075816487495335,0.014166730105703573,-0.08410155489774773,-0.08875121183378021,-0.08354529755589701
-0.08820289812160298,-0.007270013918103668,-0.09129859758406611,-0.07352713377004383,-0.08075816487495335,0.014166730105703573,-0.08410155489774773,-0.08875121183378021,-0.08354529755589701,0.00902389157650596
-0.007270013918103668,-0.09129859758406611,-0.07352713377004383,-0.08075816487495335,0.014166730105703573,-0.08410155489774773,-0.08875121183378021,-0.08354529755589701,0.00902389157650596,-0.0675725553350236
-0.09129859758406611,-0.07352713377004383,-0.08075816487495335,0.014166730105703573,-0.08410155489774773,-0.08875121183378021,-0.08354529755589701,0.00902389157650596,-0.0675725553350236,-0.09532524519486807
-0.07352713377004383,-0.08075816487495335,0.014166730105703573,-0.08410155489774773,-0.08875121183378021,-0.08354529755589701,0.00902389157650596,-0.0675725553350236,-0.09532524519486807,-0.10225317226064867
-0.08075816487495335,0.014166730105703573,-0.08410155489774773,-0.08875121183378021,-0.08354529755589701,0.00902389157650596,-0.0675725553350236,-0.09532524519486807,-0.10225317226064867,0.005551538803375777
0.014166730105703573,-0.08410155489774773,-0.08875121183378021,-0.08354529755589701,0.00902389157650596,-0.0675725553350236,-0.09532524519486807,-0.10225317226064867,0.005551538803375777,-0.009607284830162266
-0.08410155489774773,-0.08875121183378021,-0.08354529755589701,0.00902389157650596,-0.0675725553350236,-0.09532524519486807,-0.10225317226064867,0.005551538803375777,-0.009607284830162266,-0.02972502651923503
-0.08875121183378021,-0.08354529755589701,0.00902389157650596,-0.0675725553350236,-0.09532524519486807,-0.10225317226064867,0.005551538803375777,-0.009607284830162266,-0.02972502651923503,-0.26512490426743607
-0.08354529755589701,0.00902389157650596,-0.0675725553350236,-0.09532524519486807,-0.10225317226064867,0.005551538803375777,-0.009607284830162266,-0.02972502651923503,-0.26512490426743607,-0.14104114347393715
0.00902389157650596,-0.0675725553350236,-0.09532524519486807,-0.10225317226064867,0.005551538803375777,-0.009607284830162266,-0.02972502651923503,-0.26512490426743607,-0.14104114347393715,0.26091151055122075
-0.0675725553350236,-0.09532524519486807,-0.10225317226064867,0.005551538803375777,-0.009607284830162266,-0.02972502651923503,-0.26512490426743607,-0.14104114347393715,0.26091151055122075,0.1759343738044976
-0.09532524519486807,-0.10225317226064867,0.005551538803375777,-0.009607284830162266,-0.02972502651923503,-0.26512490426743607,-0.14104114347393715,0.26091151055122075,0.1759343738044976,-0.7065722171601936
-0.10225317226064867,0.005551538803375777,-0.009607284830162266,-0.02972502651923503,-0.26512490426743607,-0.14104114347393715,0.26091151055122075,0.1759343738044976,-0.7065722171601936,-0.037241378472939624
0.005551538803375777,-0.009607284830162266,-0.02972502651923503,-0.26512490426743607,-0.14104114347393715,0.26091151055122075,0.1759343738044976,-0.7065722171601936,-0.037241378472939624,0.666775286579451
-0.009607284830162266,-0.02972502651923503,-0.26512490426743607,-0.14104114347393715,0.26091151055122075,0.1759343738044976,-0.7065722171601936,-0.037241378472939624,0.666775286579451,-0.7755966200454435
-0.02972502651923503,-0.26512490426743607,-0.14104114347393715,0.26091151055122075,0.1759343738044976,-0.7065722171601936,-0.037241378472939624,0.666775286579451,-0.7755966200454435,0.23779894271171087
-0.26512490426743607,-0.14104114347393715,0.26091151055122075,0.1759343738044976,-0.7065722171601936,-0.037241378472939624,0.666775286579451,-0.7755966200454435,0.23779894271171087,-0.09359898729177607
-0.14104114347393715,0.26091151055122075,0.1759343738044976,-0.7065722171601936,-0.037241378472939624,0.666775286579451,-0.7755966200454435,0.23779894271171087,-0.09359898729177607,-0.053543857017019914
0.26091151055122075,0.1759343738044976,-0.7065722171601936,-0.037241378472939624,0.666775286579451,-0.7755966200454435,0.23779894271171087,-0.09359898729177607,-0.053543857017019914,-0.05319868687980034
0.1759343738044976,-0.7065722171601936,-0.037241378472939624,0.666775286579451,-0.7755966200454435,0.23779894271171087,-0.09359898729177607,-0.053543857017019914,-0.05319868687980034,-0.12769101932121452
-0.7065722171601936,-0.037241378472939624,0.666775286579451,-0.7755966200454435,0.23779894271171087,-0.09359898729177607,-0.053543857017019914,-0.05319868687980034,-0.12769101932121452,-0.032857887971538324
-0.037241378472939624,0.666775286579451,-0.7755966200454435,0.23779894271171087,-0.09359898729177607,-0.053543857017019914,-0.05319868687980034,-0.12769101932121452,-0.032857887971538324,-0.0364004517266
0.666775286579451,-0.7755966200454435,0.23779894271171087,-0.09359898729177607,-0.053543857017019914,-0.05319868687980034,-0.12769101932121452,-0.032857887971538324,-0.0364004517266,0.04231086132233308
-0.7755966200454435,0.23779894271171087,-0.09359898729177607,-0.053543857017019914,-0.05319868687980034,-0.12769101932121452,-0.032857887971538324,-0.0364004517266,0.04231086132233308,-0.27240031085253624
0.23779894271171087,-0.09359898729177607,-0.053543857017019914,-0.05319868687980034,-0.12769101932121452,-0.032857887971538324,-0.0364004517266,0.04231086132233308,-0.27240031085253624,0.05530970336740393
-0.09359898729177607,-0.053543857017019914,-0.05319868687980034,-0.12769101932121452,-0.032857887971538324,-0.0364004517266,0.04231086132233308,-0.27240031085253624,0.05530970336740393,-0.0275440971397356
-0.053543857017019914,-0.05319868687980034,-0.12769101932121452,-0.032857887971538324,-0.0364004517266,0.04231086132233308,-0.27240031085253624,0.05530970336740393,-0.0275440971397356,-0.09598335338209374
-0.05319868687980034,-0.12769101932121452,-0.032857887971538324,-0.0364004517266,0.04231086132233308,-0.27240031085253624,0.05530970336740393,-0.0275440971397356,-0.09598335338209374,-0.13307227751438422
-0.12769101932121452,-0.032857887971538324,-0.0364004517266,0.04231086132233308,-0.27240031085253624,0.05530970336740393,-0.0275440971397356,-0.09598335338209374,-0.13307227751438422,0.05734130958788253
-0.032857887971538324,-0.0364004517266,0.04231086132233308,-0.27240031085253624,0.05530970336740393,-0.0275440971397356,-0.09598335338209374,-0.13307227751438422,0.05734130958788253,-0.1015426829897319
-0.0364004517266,0.04231086132233308,-0.27240031085253624,0.05530970336740393,-0.0275440971397356,-0.09598335338209374,-0.13307227751438422,0.05734130958788253,-0.1015426829897319,-0.048439900753202814
0.04231086132233308,-0.27240031085253624,0.05530970336740393,-0.0275440971397356,-0.09598335338209374,-0.13307227751438422,0.05734130958788253,-0.1015426829897319,-0.048439900753202814,-0.08847081960182623
-0.27240031085253624,0.05530970336740393,-0.0275440971397356,-0.09598335338209374,-0.13307227751438422,0.05734130958788253,-0.1015426829897319,-0.048439900753202814,-0.08847081960182623,-0.0680968354632202
0.05530970336740393,-0.0275440971397356,-0.09598335338209374,-0.13307227751438422,0.05734130958788253,-0.1015426829897319,-0.048439900753202814,-0.08847081960182623,-0.0680968354632202,-0.10631750437293908
-0.0275440971397356,-0.09598335338209374,-0.13307227751438422,0.05734130958788253,-0.1015426829897319,-0.048439900753202814,-0.08847081960182623,-0.0680968354632202,-0.10631750437293908,0.1327512175467569
-0.09598335338209374,-0.13307227751438422,0.05734130958788253,-0.1015426829897319,-0.048439900753202814,-0.08847081960182623,-0.0680968354632202,-0.10631750437293908,0.1327512175467569,-0.24496637636266472
-0.13307227751438422,0.05734130958788253,-0.1015426829897319,-0.048439900753202814,-0.08847081960182623,-0.0680968354632202,-0.10631750437293908,0.1327512175467569,-0.24496637636266472,0.06487466975964251
0.05734130958788253,-0.1015426829897319,-0.048439900753202814,-0.08847081960182623,-0.0680968354632202,-0.10631750437293908,0.1327512175467569,-0.24496637636266472,0.06487466975964251,-0.23024148760542174
-0.1015426829897319,-0.048439900753202814,-0.08847081960182623,-0.0680968354632202,-0.10631750437293908,0.1327512175467569,-0.24496637636266472,0.06487466975964251,-0.23024148760542174,0.08717934198413646
-0.048439900753202814,-0.08847081960182623,-0.0680968354632202,-0.10631750437293908,0.1327512175467569,-0.24496637636266472,0.06487466975964251,-0.23024148760542174,0.08717934198413646,-0.10273233549719907
-0.08847081960182623,-0.0680968354632202,-0.10631750437293908,0.1327512175467569,-0.24496637636266472,0.06487466975964251,-0.23024148760542174,0.08717934198413646,-0.10273233549719907,-0.005235994167946512
-0.0680968354632202,-0.10631750437293908,0.1327512175467569,-0.24496637636266472,0.06487466975964251,-0.23024148760542174,0.08717934198413646,-0.10273233549719907,-0.005235994167946512,-0.13868218743972105
-0.10631750437293908,0.1327512175467569,-0.24496637636266472,0.06487466975964251,-0.23024148760542174,0.08717934198413646,-0.10273233549719907,-0.005235994167946512,-0.13868218743972105,-0.10485103890822944
0.1327512175467569,-0.24496637636266472,0.06487466975964251,-0.23024148760542174,0.08717934198413646,-0.10273233549719907,-0.005235994167946512,-0.13868218743972105,-0.10485103890822944,0.0336926738407326
-0.24496637636266472,0.06487466975964251,-0.23024148760542174,0.08717934198413646,-0.10273233549719907,-0.005235994167946512,-0.13868218743972105,-0.10485103890822944,0.0336926738407326,0.030894560905495583
0.06487466975964251,-0.23024148760542174,0.08717934198413646,-0.10273233549719907,-0.005235994167946512,-0.13868218743972105,-0.10485103890822944,0.0336926738407326,0.030894560905495583,-0.22384263094368173
-0.23024148760542174,0.08717934198413646,-0.10273233549719907,-0.005235994167946512,-0.13868218743972105,-0.10485103890822944,0.0336926738407326,0.030894560905495583,-0.22384263094368173,-0.14242927827885576
0.08717934198413646,-0.10273233549719907,-0.005235994167946512,-0.13868218743972105,-0.10485103890822944,0.0336926738407326,0.030894560905495583,-0.22384263094368173,-0.14242927827885576,0.25223353464497245
-0.10273233549719907,-0.005235994167946512,-0.13868218743972105,-0.10485103890822944,0.0336926738407326,0.030894560905495583,-0.22384263094368173,-0.14242927827885576,0.25223353464497245,-0.3081583323612028
-0.005235994167946512,-0.13868218743972105,-0.10485103890822944,0.0336926738407326,0.030894560905495583,-0.22384263094368173,-0.14242927827885576,0.25223353464497245,-0.3081583323612028,-0.0011040725998087142
-0.13868218743972105,-0.10485103890822944,0.0336926738407326,0.030894560905495583,-0.22384263094368173,-0.14242927827885576,0.25223353464497245,-0.3081583323612028,-0.0011040725998087142,-0.020882554372707918
-0.10485103890822944,0.0336926738407326,0.030894560905495583,-0.22384263094368173,-0.14242927827885576,0.25223353464497245,-0.3081583323612028,-0.0011040725998087142,-0.020882554372707918,-0.10699246740924495
0.0336926738407326,0.030894560905495583,-0.22384263094368173,-0.14242927827885576,0.25223353464497245,-0.3081583323612028,-0.0011040725998087142,-0.020882554372707918,-0.10699246740924495,-0.06611242272135986
0.030894560905495583,-0.22384263094368173,-0.14242927827885576,0.25223353464497245,-0.3081583323612028,-0.0011040725998087142,-0.020882554372707918,-0.10699246740924495,-0.06611242272135986,0.017194890738544633
-0.22384263094368173,-0.14242927827885576,0.25223353464497245,-0.3081583323612028,-0.0011040725998087142,-0.020882554372707918,-0.10699246740924495,-0.06611242272135986,0.017194890738544633,-0.03895106557157624
-0.14242927827885576,0.25223353464497245,-0.3081583323612028,-0.0011040725998087142,-0.020882554372707918,-0.10699246740924495,-0.06611242272135986,0.017194890738544633,-0.03895106557157624,-0.19531633259573633
0.25223353464497245,-0.3081583323612028,-0.0011040725998087142,-0.020882554372707918,-0.10699246740924495,-0.06611242272135986,0.017194890738544633,-0.03895106557157624,-0.19531633259573633,-0.11540980695580239
-0.3081583323612028,-0.0011040725998087142,-0.020882554372707918,-0.10699246740924495,-0.06611242272135986,0.017194890738544633,-0.03895106557157624,-0.19531633259573633,-0.11540980695580239,0.057850817475137095
-0.0011040725998087142,-0.020882554372707918,-0.10699246740924495,-0.06611242272135986,0.017194890738544633,-0.03895106557157624,-0.19531633259573633,-0.11540980695580239,0.057850817475137095,0.20202032121548497
-0.020882554372707918,-0.10699246740924495,-0.06611242272135986,0.017194890738544633,-0.03895106557157624,-0.19531633259573633,-0.11540980695580239,0.057850817475137095,0.20202032121548497,-0.30745750321680265
-0.10699246740924495,-0.06611242272135986,0.017194890738544633,-0.03895106557157624,-0.19531633259573633,-0.11540980695580239,0.057850817475137095,0.20202032121548497,-0.30745750321680265,-0.5409915592310441
-0.06611242272135986,0.017194890738544633,-0.03895106557157624,-0.19531633259573633,-0.11540980695580239,0.057850817475137095,0.20202032121548497,-0.30745750321680265,-0.5409915592310441,0.9142706905868421
0.017194890738544633,-0.03895106557157624,-0.19531633259573633,-0.11540980695580239,0.057850817475137095,0.20202032121548497,-0.30745750321680265,-0.5409915592310441,0.9142706905868421,-0.799873649405305
-0.03895106557157624,-0.19531633259573633,-0.11540980695580239,0.057850817475137095,0.20202032121548497,-0.30745750321680265,-0.5409915592310441,0.9142706905868421,-0.799873649405305,0.19742166135078398
-0.19531633259573633,-0.11540980695580239,0.057850817475137095,0.20202032121548497,-0.30745750321680265,-0.5409915592310441,0.9142706905868421,-0.799873649405305,0.19742166135078398,-0.05948520171667704
-0.11540980695580239,0.057850817475137095,0.20202032121548497,-0.30745750321680265,-0.5409915592310441,0.9142706905868421,-0.799873649405305,0.19742166135078398,-0.05948520171667704,-0.045683748571033966
0.057850817475137095,0.20202032121548497,-0.30745750321680265,-0.5409915592310441,0.9142706905868421,-0.799873649405305,0.19742166135078398,-0.05948520171667704,-0.045683748571033966,-0.08068447896622633
0.20202032121548497,-0.30745750321680265,-0.5409915592310441,0.9142706905868421,-0.799873649405305,0.19742166135078398,-0.05948520171667704,-0.045683748571033966,-0.08068447896622633,-0.1402330791746792
-0.30745750321680265,-0.5409915592310441,0.9142706905868421,-0.799873649405305,0.19742166135078398,-0.05948520171667704,-0.045683748571033966,-0.08068447896622633,-0.1402330791746792,-0.02168170376241174
-0.5409915592310441,0.9142706905868421,-0.799873649405305,0.19742166135078398,-0.05948520171667704,-0.045683748571033966,-0.08068447896622633,-0.1402330791746792,-0.02168170376241174,0.0350570627048461
0.9142706905868421,-0.799873649405305,0.19742166135078398,-0.05948520171667704,-0.045683748571033966,-0.08068447896622633,-0.1402330791746792,-0.02168170376241174,0.0350570627048461,-0.04666918582856128
-0.799873649405305,0.19742166135078398,-0.05948520171667704,-0.045683748571033966,-0.08068447896622633,-0.1402330791746792,-0.02168170376241174,0.0350570627048461,-0.04666918582856128,-0.29143029283669053
0.19742166135078398,-0.05948520171667704,-0.045683748571033966,-0.08068447896622633,-0.1402330791746792,-0.02168170376241174,0.0350570627048461,-0.04666918582856128,-0.29143029283669053,0.15098567094511273
-0.05948520171667704,-0.045683748571033966,-0.08068447896622633,-0.1402330791746792,-0.02168170376241174,0.0350570627048461,-0.04666918582856128,-0.29143029283669053,0.15098567094511273,-0.048711253505433594
-0.045683748571033966,-0.08068447896622633,-0.1402330791746792,-0.02168170376241174,0.0350570627048461,-0.04666918582856128,-0.29143029283669053,0.15098567094511273,-0.048711253505433594,-0.2129602517161241
-0.08068447896622633,-0.1402330791746792,-0.02168170376241174,0.0350570627048461,-0.04666918582856128,-0.29143029283669053,0.15098567094511273,-0.048711253505433594,-0.2129602517161241,0.025845115866527824
-0.1402330791746792,-0.02168170376241174,0.0350570627048461,-0.04666918582856128,-0.29143029283669053,0.15098567094511273,-0.048711253505433594,-0.2129602517161241,0.025845115866527824,-0.04475817311522301
-0.02168170376241174,0.0350570627048461,-0.04666918582856128,-0.29143029283669053,0.15098567094511273,-0.048711253505433594,-0.2129602517161241,0.025845115866527824,-0.04475817311522301,-0.01596011880884418
0.0350570627048461,-0.04666918582856128,-0.29143029283669053,0.15098567094511273,-0.048711253505433594,-0.2129602517161241,0.025845115866527824,-0.04475817311522301,-0.01596011880884418,-0.10623289477845343
-0.04666918582856128,-0.29143029283669053,0.15098567094511273,-0.048711253505433594,-0.2129602517161241,0.025845115866527824,-0.04475817311522301,-0.01596011880884418,-0.10623289477845343,-0.20091907383989238
-0.29143029283669053,0.15098567094511273,-0.048711253505433594,-0.2129602517161241,0.025845115866527824,-0.04475817311522301,-0.01596011880884418,-0.10623289477845343,-0.20091907383989238,0.03941756369830118
0.15098567094511273,-0.048711253505433594,-0.2129602517161241,0.025845115866527824,-0.04475817311522301,-0.01596011880884418,-0.10623289477845343,-0.20091907383989238,0.03941756369830118,0.1696765558063733
-0.048711253505433594,-0.2129602517161241,0.025845115866527824,-0.04475817311522301,-0.01596011880884418,-0.10623289477845343,-0.20091907383989238,0.03941756369830118,0.1696765558063733,-0.2726995298145548
-0.2129602517161241,0.025845115866527824,-0.04475817311522301,-0.01596011880884418,-0.10623289477845343,-0.20091907383989238,0.03941756369830118,0.1696765558063733,-0.2726995298145548,-0.2466223702190513
0.025845115866527824,-0.04475817311522301,-0.01596011880884418,-0.10623289477845343,-0.20091907383989238,0.03941756369830118,0.1696765558063733,-0.2726995298145548,-0.2466223702190513,0.2634653632739974
-0.04475817311522301,-0.01596011880884418,-0.10623289477845343,-0.20091907383989238,0.03941756369830118,0.1696765558063733,-0.2726995298145548,-0.2466223702190513,0.2634653632739974,-0.16345238690519814
-0.01596011880884418,-0.10623289477845343,-0.20091907383989238,0.03941756369830118,0.1696765558063733,-0.2726995298145548,-0.2466223702190513,0.2634653632739974,-0.16345238690519814,-0.09766812862184504
-0.10623289477845343,-0.20091907383989238,0.03941756369830118,0.1696765558063733,-0.2726995298145548,-0.2466223702190513,0.2634653632739974,-0.16345238690519814,-0.09766812862184504,-0.06909659112145661
-0.20091907383989238,0.03941756369830118,0.1696765558063733,-0.2726995298145548,-0.2466223702190513,0.2634653632739974,-0.16345238690519814,-0.09766812862184504,-0.06909659112145661,-0.032455111088183886
0.03941756369830118,0.1696765558063733,-0.2726995298145548,-0.2466223702190513,0.2634653632739974,-0.16345238690519814,-0.09766812862184504,-0.06909659112145661,-0.032455111088183886,-0.026802122161914466
0.1696765558063733,-0.2726995298145548,-0.2466223702190513,0.2634653632739974,-0.16345238690519814,-0.09766812862184504,-0.06909659112145661,-0.032455111088183886,-0.026802122161914466,-0.03684599953043011
-0.2726995298145548,-0.2466223702190513,0.2634653632739974,-0.16345238690519814,-0.09766812862184504,-0.06909659112145661,-0.032455111088183886,-0.026802122161914466,-0.03684599953043011,-0.16240125795441884
-0.2466223702190513,0.2634653632739974,-0.16345238690519814,-0.09766812862184504,-0.06909659112145661,-0.032455111088183886,-0.026802122161914466,-0.03684599953043011,-0.16240125795441884,-0.13974379502672474
0.2634653632739974,-0.16345238690519814,-0.09766812862184504,-0.06909659112145661,-0.032455111088183886,-0.026802122161914466,-0.03684599953043011,-0.16240125795441884,-0.13974379502672474,0.12981814707789163
-0.16345238690519814,-0.09766812862184504,-0.06909659112145661,-0.032455111088183886,-0.026802122161914466,-0.03684599953043011,-0.16240125795441884,-0.13974379502672474,0.12981814707789163,0.08294972587259464
-0.09766812862184504,-0.06909659112145661,-0.032455111088183886,-0.026802122161914466,-0.03684599953043011,-0.16240125795441884,-0.13974379502672474,0.12981814707789163,0.08294972587259464,-0.37337943211533087
-0.06909659112145661,-0.032455111088183886,-0.026802122161914466,-0.03684599953043011,-0.16240125795441884,-0.13974379502672474,0.12981814707789163,0.08294972587259464,-0.37337943211533087,-0.1710588187493376
-0.032455111088183886,-0.026802122161914466,-0.03684599953043011,-0.16240125795441884,-0.13974379502672474,0.12981814707789163,0.08294972587259464,-0.37337943211533087,-0.1710588187493376,0.4567183221530047
-0.026802122161914466,-0.03684599953043011,-0.16240125795441884,-0.13974379502672474,0.12981814707789163,0.08294972587259464,-0.37337943211533087,-0.1710588187493376,0.4567183221530047,-0.4964659244220031
-0.03684599953043011,-0.16240125795441884,-0.13974379502672474,0.12981814707789163,0.08294972587259464,-0.37337943211533087,-0.1710588187493376,0.4567183221530047,-0.4964659244220031,0.0635640930589434
-0.16240125795441884,-0.13974379502672474,0.12981814707789163,0.08294972587259464,-0.37337943211533087,-0.1710588187493376,0.4567183221530047,-0.4964659244220031,0.0635640930589434,0.006621506266740296
-0.13974379502672474,0.12981814707789163,0.08294972587259464,-0.37337943211533087,-0.1710588187493376,0.4567183221530047,-0.4964659244220031,0.0635640930589434,0.006621506266740296,-0.039570260546064384
0.12981814707789163,0.08294972587259464,-0.37337943211533087,-0.1710588187493376,0.4567183221530047,-0.4964659244220031,0.0635640930589434,0.006621506266740296,-0.039570260546064384,-0.14096426558621555
0.08294972587259464,-0.37337943211533087,-0.1710588187493376,0.4567183221530047,-0.4964659244220031,0.0635640930589434,0.006621506266740296,-0.039570260546064384,-0.14096426558621555,-0.21004801990923638
-0.37337943211533087,-0.1710588187493376,0.4567183221530047,-0.4964659244220031,0.0635640930589434,0.006621506266740296,-0.039570260546064384,-0.14096426558621555,-0.21004801990923638,0.06331533065865314
-0.1710588187493376,0.4567183221530047,-0.4964659244220031,0.0635640930589434,0.006621506266740296,-0.039570260546064384,-0.14096426558621555,-0.21004801990923638,0.06331533065865314,0.27153936951603486
0.4567183221530047,-0.4964659244220031,0.0635640930589434,0.006621506266740296,-0.039570260546064384,-0.14096426558621555,-0.21004801990923638,0.06331533065865314,0.27153936951603486,-0.3137787195124384
-0.4964659244220031,0.0635640930589434,0.006621506266740296,-0.039570260546064384,-0.14096426558621555,-0.21004801990923638,0.06331533065865314,0.27153936951603486,-0.3137787195124384,-0.5250942588710269
0.0635640930589434,0.006621506266740296,-0.039570260546064384,-0.14096426558621555,-0.21004801990923638,0.06331533065865314,0.27153936951603486,-0.3137787195124384,-0.5250942588710269,0.6572893751822562
0.006621506266740296,-0.039570260546064384,-0.14096426558621555,-0.21004801990923638,0.06331533065865314,0.27153936951603486,-0.3137787195124384,-0.5250942588710269,0.6572893751822562,-0.32860965661937325
-0.039570260546064384,-0.14096426558621555,-0.21004801990923638,0.06331533065865314,0.27153936951603486,-0.3137787195124384,-0.5250942588710269,0.6572893751822562,-0.32860965661937325,-0.13443154035386806
-0.14096426558621555,-0.21004801990923638,0.06331533065865314,0.27153936951603486,-0.3137787195124384,-0.5250942588710269,0.6572893751822562,-0.32860965661937325,-0.13443154035386806,-0.05765957076782702
-0.21004801990923638,0.06331533065865314,0.27153936951603486,-0.3137787195124384,-0.5250942588710269,0.6572893751822562,-0.32860965661937325,-0.13443154035386806,-0.05765957076782702,0.04266227663336464
0.06331533065865314,0.27153936951603486,-0.3137787195124384,-0.5250942588710269,0.6572893751822562,-0.32860965661937325,-0.13443154035386806,-0.05765957076782702,0.04266227663336464,-0.08340653564706202
0.27153936951603486,-0.3137787195124384,-0.5250942588710269,0.6572893751822562,-0.32860965661937325,-0.13443154035386806,-0.05765957076782702,0.04266227663336464,-0.08340653564706202,-0.06517583444106267
-0.3137787195124384,-0.5250942588710269,0.6572893751822562,-0.32860965661937325,-0.13443154035386806,-0.05765957076782702,0.04266227663336464,-0.08340653564706202,-0.06517583444106267,-0.148663238546075
-0.5250942588710269,0.6572893751822562,-0.32860965661937325,-0.13443154035386806,-0.05765957076782702,0.04266227663336464,-0.08340653564706202,-0.06517583444106267,-0.148663238546075,-0.023509445835666387
0.6572893751822562,-0.32860965661937325,-0.13443154035386806,-0.05765957076782702,0.04266227663336464,-0.08340653564706202,-0.06517583444106267,-0.148663238546075,-0.023509445835666387,0.04341250469420155
-0.32860965661937325,-0.13443154035386806,-0.05765957076782702,0.04266227663336464,-0.08340653564706202,-0.06517583444106267,-0.148663238546075,-0.023509445835666387,0.04341250469420155,-0.05288935269661432
-0.13443154035386806,-0.05765957076782702,0.04266227663336464,-0.08340653564706202,-0.06517583444106267,-0.148663238546075,-0.023509445835666387,0.04341250469420155,-0.05288935269661432,-0.25917329168206904
-0.05765957076782702,0.04266227663336464,-0.08340653564706202,-0.06517583444106267,-0.148663238546075,-0.023509445835666387,0.04341250469420155,-0.05288935269661432,-0.25917329168206904,0.05568159870314271
0.04266227663336464,-0.08340653564706202,-0.06517583444106267,-0.148663238546075,-0.023509445835666387,0.04341250469420155,-0.05288935269661432,-0.25917329168206904,0.05568159870314271,0.02573037888561691
