X1,X2,X3,X4,Y
-0.1922502300215928,-0.19957694682810267,-0.16214140395795773,-0.09017286905276767,-0.008464178452611604
-0.19957694682810267,-0.16214140395795773,-0.09017286905276767,-0.008464178452611604,0.053600809024659135
-0.16214140395795773,-0.09017286905276767,-0.008464178452611604,0.053600809024659135,0.07265742382569695
-0.09017286905276767,-0.008464178452611604,0.053600809024659135,0.07265742382569695,0.03805512191551186
-0.008464178452611604,0.053600809024659135,0.07265742382569695,0.03805512191551186,-0.04773191346446404
0.053600809024659135,0.07265742382569695,0.03805512191551186,-0.04773191346446404,-0.17476068165343217
0.07265742382569695,0.03805512191551186,-0.04773191346446404,-0.17476068165343217,-0.3226405340300884
0.03805512191551186,-0.04773191346446404,-0.17476068165343217,-0.3226405340300884,-0.45805640594888763
-0.04773191346446404,-0.17476068165343217,-0.3226405340300884,-0.45805640594888763,-0.5761272731678458
-0.17476068165343217,-0.3226405340300884,-0.45805640594888763,-0.5761272731678458,-0.6045782795102066
-0.3226405340300884,-0.45805640594888763,-0.5761272731678458,-0.6045782795102066,-0.517019394155158
-0.45805640594888763,-0.5761272731678458,-0.6045782795102066,-0.517019394155158,-0.31458853769333717
-0.5761272731678458,-0.6045782795102066,-0.517019394155158,-0.31458853769333717,-0.029088331251236
-0.6045782795102066,-0.517019394155158,-0.31458853769333717,-0.029088331251236,0.2826965952435532
-0.517019394155158,-0.31458853769333717,-0.029088331251236,0.2826965952435532,0.5502140054384557
-0.31458853769333717,-0.029088331251236,0.2826965952435532,0.5502140054384557,0.7032703659481205
-0.029088331251236,0.2826965952435532,0.5502140054384557,0.7032703659481205,0.6928185008824139
0.2826965952435532,0.5502140054384557,0.7032703659481205,0.6928185008824139,0.5069814096739194
0.5502140054384557,0.7032703659481205,0.6928185008824139,0.5069814096739194,0.18123695402932682
0.7032703659481205,0.6928185008824139,0.5069814096739194,0.18123695402932682,-0.20912447683053348
0.6928185008824139,0.5069814096739194,0.18123695402932682,-0.20912447683053348,-0.5709906486239194
0.5069814096739194,0.18123695402932682,-0.20912447683053348,-0.5709906486239194,-0.8178108453620778
0.18123695402932682,-0.20912447683053348,-0.5709906486239194,-0.8178108453620778,-0.8902085891675917
-0.20912447683053348,-0.5709906486239194,-0.8178108453620778,-0.8902085891675917,-0.7699310281392413
-0.5709906486239194,-0.8178108453620778,-0.8902085891675917,-0.7699310281392413,-0.4854793581436532
-0.8178108453620778,-0.8902085891675917,-0.7699310281392413,-0.4854793581436532,-0.10712606465516272
-0.8902085891675917,-0.7699310281392413,-0.4854793581436532,-0.10712606465516272,0.26052737171772034
-0.7699310281392413,-0.4854793581436532,-0.10712606465516272,0.26052737171772034,0.5052874969611383
-0.4854793581436532,-0.10712606465516272,0.26052737171772034,0.5052874969611383,0.544415790119376
-0.10712606465516272,0.26052737171772034,0.5052874969611383,0.544415790119376,0.35684534034531157
0.26052737171772034,0.5052874969611383,0.544415790119376,0.35684534034531157,0.0043495071374450855
0.5052874969611383,0.544415790119376,0.35684534034531157,0.0043495071374450855,-0.3904200255821987
0.544415790119376,0.35684534034531157,0.0043495071374450855,-0.3904200255821987,-0.6893248893935194
0.35684534034531157,0.0043495071374450855,-0.3904200255821987,-0.6893248893935194,-0.7847237271040937
0.0043495071374450855,-0.3904200255821987,-0.6893248893935194,-0.7847237271040937,-0.6351465429571108
-0.3904200255821987,-0.6893248893935194,-0.7847237271040937,-0.6351465429571108,-0.28057202090038746
-0.6893248893935194,-0.7847237271040937,-0.6351465429571108,-0.28057202090038746,0.16794310086608455
-0.7847237271040937,-0.6351465429571108,-0.28057202090038746,0.16794310086608455,0.5613021878287945
-0.6351465429571108,-0.28057202090038746,0.16794310086608455,0.5613021878287945,0.7645452945482691
-0.28057202090038746,0.16794310086608455,0.5613021878287945,0.7645452945482691,0.7104037491001098
0.16794310086608455,0.5613021878287945,0.7645452945482691,0.7104037491001098,0.4208906406980826
0.5613021878287945,0.7645452945482691,0.7104037491001098,0.4208906406980826,-0.0030575550780619354
0.7645452945482691,0.7104037491001098,0.4208906406980826,-0.0030575550780619354,-0.42490764811232495
0.7104037491001098,0.4208906406980826,-0.0030575550780619354,-0.42490764811232495,-0.7230655604887999
0.4208906406980826,-0.0030575550780619354,-0.42490764811232495,-0.7230655604887999,-0.8214088702962845
-0.0030575550780619354,-0.42490764811232495,-0.7230655604887999,-0.8214088702962845,-0.7054797463752432
-0.42490764811232495,-0.7230655604887999,-0.8214088702962845,-0.7054797463752432,-0.42301589281725316
-0.7230655604887999,-0.8214088702962845,-0.7054797463752432,-0.42301589281725316,-0.06686553281041574
-0.8214088702962845,-0.7054797463752432,-0.42301589281725316,-0.06686553281041574,0.2544823555671092
-0.7054797463752432,-0.42301589281725316,-0.06686553281041574,0.2544823555671092,0.45034026012528483
-0.42301589281725316,-0.06686553281041574,0.2544823555671092,0.45034026012528483,0.4767680009984132
-0.06686553281041574,0.2544823555671092,0.45034026012528483,0.4767680009984132,0.3402038338699316
0.2544823555671092,0.45034026012528483,0.4767680009984132,0.3402038338699316,0.0834011828219916
0.45034026012528483,0.4767680009984132,0.3402038338699316,0.0834011828219916,-0.23460542839254506
0.4767680009984132,0.3402038338699316,0.0834011828219916,-0.23460542839254506,-0.5519325465793414
0.3402038338699316,0.0834011828219916,-0.23460542839254506,-0.5519325465793414,-0.8087329439999318
0.0834011828219916,-0.23460542839254506,-0.5519325465793414,-0.8087329439999318,-0.9521457934219609
-0.23460542839254506,-0.5519325465793414,-0.8087329439999318,-0.9521457934219609,-0.9439756917000188
-0.5519325465793414,-0.8087329439999318,-0.9521457934219609,-0.9439756917000188,-0.7702064766646923
-0.8087329439999318,-0.9521457934219609,-0.9439756917000188,-0.7702064766646923,-0.44893589302690295
-0.9521457934219609,-0.9439756917000188,-0.7702064766646923,-0.44893589302690295,-0.032748237309854766
-0.9439756917000188,-0.7702064766646923,-0.44893589302690295,-0.032748237309854766,0.39624286125219266
-0.7702064766646923,-0.44893589302690295,-0.032748237309854766,0.39624286125219266,0.7412559394262679
-0.44893589302690295,-0.032748237309854766,0.39624286125219266,0.7412559394262679,0.912523014317411
-0.032748237309854766,0.39624286125219266,0.7412559394262679,0.912523014317411,0.8608302552291622
0.39624286125219266,0.7412559394262679,0.912523014317411,0.8608302552291622,0.604324533306027
0.7412559394262679,0.912523014317411,0.8608302552291622,0.604324533306027,0.21879384341659414
0.912523014317411,0.8608302552291622,0.604324533306027,0.21879384341659414,-0.18788834486431838
0.8608302552291622,0.604324533306027,0.21879384341659414,-0.18788834486431838,-0.5095582844870093
0.604324533306027,0.21879384341659414,-0.18788834486431838,-0.5095582844870093,-0.6738916777900287
0.21879384341659414,-0.18788834486431838,-0.5095582844870093,-0.6738916777900287,-0.6598595419978066
-0.18788834486431838,-0.5095582844870093,-0.6738916777900287,-0.6598595419978066,-0.49785410386479145
-0.5095582844870093,-0.6738916777900287,-0.6598595419978066,-0.49785410386479145,-0.25473414366453606
-0.6738916777900287,-0.6598595419978066,-0.49785410386479145,-0.25473414366453606,-0.010196546881728996
-0.6598595419978066,-0.49785410386479145,-0.25473414366453606,-0.010196546881728996,0.16942306325099143
-0.49785410386479145,-0.25473414366453606,-0.010196546881728996,0.16942306325099143,0.2460980691111163
-0.25473414366453606,-0.010196546881728996,0.16942306325099143,0.2460980691111163,0.21342837202452936
-0.010196546881728996,0.16942306325099143,0.2460980691111163,0.21342837202452936,0.09029506086654626
0.16942306325099143,0.2460980691111163,0.21342837202452936,0.09029506086654626,-0.09077446286183377
0.2460980691111163,0.21342837202452936,0.09029506086654626,-0.09077446286183377,-0.28525318282493184
0.21342837202452936,0.09029506086654626,-0.09077446286183377,-0.28525318282493184,-0.44694183202361326
0.09029506086654626,-0.09077446286183377,-0.28525318282493184,-0.44694183202361326,-0.537471652411077
-0.09077446286183377,-0.28525318282493184,-0.44694183202361326,-0.537471652411077,-0.5339413228556247
-0.28525318282493184,-0.44694183202361326,-0.537471652411077,-0.5339413228556247,-0.435570048418662
-0.44694183202361326,-0.537471652411077,-0.5339413228556247,-0.435570048418662,-0.2656748933519715
-0.537471652411077,-0.5339413228556247,-0.435570048418662,-0.2656748933519715,-0.06744262655352873
-0.5339413228556247,-0.435570048418662,-0.2656748933519715,-0.06744262655352873,0.10577829961029606
-0.435570048418662,-0.2656748933519715,-0.06744262655352873,0.10577829961029606,0.20097332348191288
-0.2656748933519715,-0.06744262655352873,0.10577829961029606,0.20097332348191288,0.18576476763189187
-0.06744262655352873,0.10577829961029606,0.20097332348191288,0.18576476763189187,0.06528321665574977
0.10577829961029606,0.20097332348191288,0.18576476763189187,0.06528321665574977,-0.12652263449906276
0.20097332348191288,0.18576476763189187,0.06528321665574977,-0.12652263449906276,-0.33510941449220133
0.18576476763189187,0.06528321665574977,-0.12652263449906276,-0.33510941449220133,-0.5000147309393388
0.06528321665574977,-0.12652263449906276,-0.33510941449220133,-0.5000147309393388,-0.5711024400242508
-0.12652263449906276,-0.33510941449220133,-0.5000147309393388,-0.5711024400242508,-0.5215653524698398
-0.33510941449220133,-0.5000147309393388,-0.5711024400242508,-0.5215653524698398,-0.3563141650656948
-0.5000147309393388,-0.5711024400242508,-0.5215653524698398,-0.3563141650656948,-0.10932228429951729
-0.5711024400242508,-0.5215653524698398,-0.3563141650656948,-0.10932228429951729,0.16596831198447348
-0.5215653524698398,-0.3563141650656948,-0.10932228429951729,0.16596831198447348,0.4108311338041615
-0.3563141650656948,-0.10932228429951729,0.16596831198447348,0.4108311338041615,0.5708107491757479
-0.10932228429951729,0.16596831198447348,0.4108311338041615,0.5708107491757479,0.6092924392931893
0.16596831198447348,0.4108311338041615,0.5708107491757479,0.6092924392931893,0.5093016683356628
0.4108311338041615,0.5708107491757479,0.6092924392931893,0.5093016683356628,0.27692408903536747
0.5708107491757479,0.6092924392931893,0.5093016683356628,0.27692408903536747,-0.04226184405363098
0.6092924392931893,0.5093016683356628,0.27692408903536747,-0.04226184405363098,-0.3754818773628097
0.5093016683356628,0.27692408903536747,-0.04226184405363098,-0.3754818773628097,-0.6427319901847328
0.27692408903536747,-0.04226184405363098,-0.3754818773628097,-0.6427319901847328,-0.7780649956168096
-0.04226184405363098,-0.3754818773628097,-0.6427319901847328,-0.7780649956168096,-0.7470960435874836
-0.3754818773628097,-0.6427319901847328,-0.7780649956168096,-0.7470960435874836,-0.5576890418031203
-0.6427319901847328,-0.7780649956168096,-0.7470960435874836,-0.5576890418031203,-0.2663658253464495
-0.7780649956168096,-0.7470960435874836,-0.5576890418031203,-0.2663658253464495,0.037479727870249
-0.7470960435874836,-0.5576890418031203,-0.2663658253464495,0.037479727870249,0.2616084985305731
-0.5576890418031203,-0.2663658253464495,0.037479727870249,0.2616084985305731,0.3485366267639247
-0.2663658253464495,0.037479727870249,0.2616084985305731,0.3485366267639247,0.2831471400706558
0.037479727870249,0.2616084985305731,0.3485366267639247,0.2831471400706558,0.09787443433808263
0.2616084985305731,0.3485366267639247,0.2831471400706558,0.09787443433808263,-0.13638547583653315
0.3485366267639247,0.2831471400706558,0.09787443433808263,-0.13638547583653315,-0.3396146524070507
0.2831471400706558,0.09787443433808263,-0.13638547583653315,-0.3396146524070507,-0.44525604037619126
0.09787443433808263,-0.13638547583653315,-0.3396146524070507,-0.44525604037619126,-0.4213250067566294
-0.13638547583653315,-0.3396146524070507,-0.44525604037619126,-0.4213250067566294,-0.2808613559921337
-0.3396146524070507,-0.44525604037619126,-0.4213250067566294,-0.2808613559921337,-0.07954401952504075
-0.44525604037619126,-0.4213250067566294,-0.2808613559921337,-0.07954401952504075,0.10380602961055252
-0.4213250067566294,-0.2808613559921337,-0.07954401952504075,0.10380602961055252,0.20495335446377294
-0.2808613559921337,-0.07954401952504075,0.10380602961055252,0.20495335446377294,0.18931181460462687
-0.07954401952504075,0.10380602961055252,0.20495335446377294,0.18931181460462687,0.05973827716897295
0.10380602961055252,0.20495335446377294,0.18931181460462687,0.05973827716897295,-0.15454185928732345
0.20495335446377294,0.18931181460462687,0.05973827716897295,-0.15454185928732345,-0.39738012047005244
0.18931181460462687,0.05973827716897295,-0.15454185928732345,-0.39738012047005244,-0.6036471926616852
0.05973827716897295,-0.15454185928732345,-0.39738012047005244,-0.6036471926616852,-0.715443125693931
-0.15454185928732345,-0.39738012047005244,-0.6036471926616852,-0.715443125693931,-0.6936132381514308
-0.39738012047005244,-0.6036471926616852,-0.715443125693931,-0.6936132381514308,-0.5290568326152911
-0.6036471926616852,-0.715443125693931,-0.6936132381514308,-0.5290568326152911,-0.24662041086195985
-0.715443125693931,-0.6936132381514308,-0.5290568326152911,-0.24662041086195985,0.09950536952957734
-0.6936132381514308,-0.5290568326152911,-0.24662041086195985,0.09950536952957734,0.44150601785914123
-0.5290568326152911,-0.24662041086195985,0.09950536952957734,0.44150601785914123,0.7125965037031545
-0.24662041086195985,0.09950536952957734,0.44150601785914123,0.7125965037031545,0.8479784451757975
0.09950536952957734,0.44150601785914123,0.7125965037031545,0.8479784451757975,0.8066325011714757
0.44150601785914123,0.7125965037031545,0.8479784451757975,0.8066325011714757,0.5875872233712449
0.7125965037031545,0.8479784451757975,0.8066325011714757,0.5875872233712449,0.24926366124908172
0.8479784451757975,0.8066325011714757,0.5875872233712449,0.24926366124908172,-0.11148969862007974
0.8066325011714757,0.5875872233712449,0.24926366124908172,-0.11148969862007974,-0.39631193819988897
0.5875872233712449,0.24926366124908172,-0.11148969862007974,-0.39631193819988897,-0.5399497535946411
0.24926366124908172,-0.11148969862007974,-0.39631193819988897,-0.5399497535946411,-0.5277860683915377
-0.11148969862007974,-0.39631193819988897,-0.5399497535946411,-0.5277860683915377,-0.3941415154097808
-0.39631193819988897,-0.5399497535946411,-0.5277860683915377,-0.3941415154097808,-0.20553800696461233
-0.5399497535946411,-0.5277860683915377,-0.3941415154097808,-0.20553800696461233,-0.034073582829905025
-0.5277860683915377,-0.3941415154097808,-0.20553800696461233,-0.034073582829905025,0.06449336298411401
-0.3941415154097808,-0.20553800696461233,-0.034073582829905025,0.06449336298411401,0.06247667880448282
-0.20553800696461233,-0.034073582829905025,0.06449336298411401,0.06247667880448282,-0.026727552770324903
-0.034073582829905025,0.06449336298411401,0.06247667880448282,-0.026727552770324903,-0.1718912014228462
0.06449336298411401,0.06247667880448282,-0.026727552770324903,-0.1718912014228462,-0.33808527805291033
0.06247667880448282,-0.026727552770324903,-0.1718912014228462,-0.33808527805291033,-0.4963332612461464
-0.026727552770324903,-0.1718912014228462,-0.33808527805291033,-0.4963332612461464,-0.6178127935585087
-0.1718912014228462,-0.33808527805291033,-0.4963332612461464,-0.6178127935585087,-0.6710360768296499
-0.33808527805291033,-0.4963332612461464,-0.6178127935585087,-0.6710360768296499,-0.6285385787202681
-0.4963332612461464,-0.6178127935585087,-0.6710360768296499,-0.6285385787202681,-0.4774375155683165
-0.6178127935585087,-0.6710360768296499,-0.6285385787202681,-0.4774375155683165,-0.231724254394153
-0.6710360768296499,-0.6285385787202681,-0.4774375155683165,-0.231724254394153,0.05986447893533975
-0.6285385787202681,-0.4774375155683165,-0.231724254394153,0.05986447893533975,0.3212296718962493
-0.4774375155683165,-0.231724254394153,0.05986447893533975,0.3212296718962493,0.4700230313438727
-0.231724254394153,0.05986447893533975,0.3212296718962493,0.4700230313438727,0.4540863334802818
0.05986447893533975,0.3212296718962493,0.4700230313438727,0.4540863334802818,0.26837870712852885
0.3212296718962493,0.4700230313438727,0.4540863334802818,0.26837870712852885,-0.027972917739680025
0.4700230313438727,0.4540863334802818,0.26837870712852885,-0.027972917739680025,-0.33882508658282806
0.4540863334802818,0.26837870712852885,-0.027972917739680025,-0.33882508658282806,-0.5658672772053113
0.26837870712852885,-0.027972917739680025,-0.33882508658282806,-0.5658672772053113,-0.639705399446486
-0.027972917739680025,-0.33882508658282806,-0.5658672772053113,-0.639705399446486,-0.5398953872342902
-0.33882508658282806,-0.5658672772053113,-0.639705399446486,-0.5398953872342902,-0.29999938638005796
-0.5658672772053113,-0.639705399446486,-0.5398953872342902,-0.29999938638005796,0.004376514455530778
-0.639705399446486,-0.5398953872342902,-0.29999938638005796,0.004376514455530778,0.2834724757647007
-0.5398953872342902,-0.29999938638005796,0.004376514455530778,0.2834724757647007,0.4657281526857553
-0.29999938638005796,0.004376514455530778,0.2834724757647007,0.4657281526857553,0.513809797290548
0.004376514455530778,0.2834724757647007,0.4657281526857553,0.513809797290548,0.4305411020476353
0.2834724757647007,0.4657281526857553,0.513809797290548,0.4305411020476353,0.236192701703398
0.4657281526857553,0.513809797290548,0.4305411020476353,0.236192701703398,-0.03231024590391407
0.513809797290548,0.4305411020476353,0.236192701703398,-0.03231024590391407,-0.3267427904540372
0.4305411020476353,0.236192701703398,-0.03231024590391407,-0.3267427904540372,-0.5892234788354709
0.236192701703398,-0.03231024590391407,-0.3267427904540372,-0.5892234788354709,-0.7629447882095355
-0.03231024590391407,-0.3267427904540372,-0.5892234788354709,-0.7629447882095355,-0.8044559679453391
-0.3267427904540372,-0.5892234788354709,-0.7629447882095355,-0.8044559679453391,-0.6946818072020289
-0.5892234788354709,-0.7629447882095355,-0.8044559679453391,-0.6946818072020289,-0.4463116210974032
-0.7629447882095355,-0.8044559679453391,-0.6946818072020289,-0.4463116210974032,-0.10369669527945669
-0.8044559679453391,-0.6946818072020289,-0.4463116210974032,-0.10369669527945669,0.26204254992255027
-0.6946818072020289,-0.4463116210974032,-0.10369669527945669,0.26204254992255027,0.5627315048242421
-0.4463116210974032,-0.10369669527945669,0.26204254992255027,0.5627315048242421,0.7189078248222609
-0.10369669527945669,0.26204254992255027,0.5627315048242421,0.7189078248222609,0.6887694764247363
0.26204254992255027,0.5627315048242421,0.7189078248222609,0.6887694764247363,0.496772216334038
0.5627315048242421,0.7189078248222609,0.6887694764247363,0.496772216334038,0.21094970488797005
0.7189078248222609,0.6887694764247363,0.496772216334038,0.21094970488797005,-0.08669866979721486
0.6887694764247363,0.496772216334038,0.21094970488797005,-0.08669866979721486,-0.3253470912096149
0.496772216334038,0.21094970488797005,-0.08669866979721486,-0.3253470912096149,-0.46312337723406904
0.21094970488797005,-0.08669866979721486,-0.3253470912096149,-0.46312337723406904,-0.4930759804710949
-0.08669866979721486,-0.3253470912096149,-0.46312337723406904,-0.4930759804710949,-0.4383582969778045
-0.3253470912096149,-0.46312337723406904,-0.4930759804710949,-0.4383582969778045,-0.3398087702076249
-0.46312337723406904,-0.4930759804710949,-0.4383582969778045,-0.3398087702076249,-0.24266043843344876
-0.4930759804710949,-0.4383582969778045,-0.3398087702076249,-0.24266043843344876,-0.18182830130316363
-0.4383582969778045,-0.3398087702076249,-0.24266043843344876,-0.18182830130316363,-0.1718284573539115
-0.3398087702076249,-0.24266043843344876,-0.18182830130316363,-0.1718284573539115,-0.21124877993773306
-0.24266043843344876,-0.18182830130316363,-0.1718284573539115,-0.21124877993773306,-0.2867634412872657
-0.18182830130316363,-0.1718284573539115,-0.21124877993773306,-0.2867634412872657,-0.37641275345770375
-0.1718284573539115,-0.21124877993773306,-0.2867634412872657,-0.37641275345770375,-0.4462025937380538
-0.21124877993773306,-0.2867634412872657,-0.37641275345770375,-0.4462025937380538,-0.45808182816948506
-0.2867634412872657,-0.37641275345770375,-0.4462025937380538,-0.45808182816948506,-0.38383959021116754
-0.37641275345770375,-0.4462025937380538,-0.45808182816948506,-0.38383959021116754,-0.21795673310613106
-0.4462025937380538,-0.45808182816948506,-0.38383959021116754,-0.21795673310613106,0.015227248808680649
-0.45808182816948506,-0.38383959021116754,-0.21795673310613106,0.015227248808680649,0.26457853333949144
-0.38383959021116754,-0.21795673310613106,0.015227248808680649,0.26457853333949144,0.4660526769686233
-0.21795673310613106,0.015227248808680649,0.26457853333949144,0.4660526769686233,0.5604126803948399
0.015227248808680649,0.26457853333949144,0.4660526769686233,0.5604126803948399,0.5144157052271374
0.26457853333949144,0.4660526769686233,0.5604126803948399,0.5144157052271374,0.3388724469589417
0.4660526769686233,0.5604126803948399,0.5144157052271374,0.3388724469589417,0.08911042084640752
0.5604126803948399,0.5144157052271374,0.3388724469589417,0.08911042084640752,-0.16098874084478765
0.5144157052271374,0.3388724469589417,0.08911042084640752,-0.16098874084478765,-0.34718637697034627
0.3388724469589417,0.08911042084640752,-0.16098874084478765,-0.34718637697034627,-0.4329085876602583
0.08911042084640752,-0.16098874084478765,-0.34718637697034627,-0.4329085876602583,-0.4164060931711582
-0.16098874084478765,-0.34718637697034627,-0.4329085876602583,-0.4164060931711582,-0.3263220784610916
-0.34718637697034627,-0.4329085876602583,-0.4164060931711582,-0.3263220784610916,-0.2083739648141717
-0.4329085876602583,-0.4164060931711582,-0.3263220784610916,-0.2083739648141717,-0.1073617216247007
-0.4164060931711582,-0.3263220784610916,-0.2083739648141717,-0.1073617216247007,-0.052151248559782926
-0.3263220784610916,-0.2083739648141717,-0.1073617216247007,-0.052151248559782926,-0.04997395420231565
-0.2083739648141717,-0.1073617216247007,-0.052151248559782926,-0.04997395420231565,-0.0857062135198613
-0.1073617216247007,-0.052151248559782926,-0.04997395420231565,-0.0857062135198613,-0.13611340235433445
-0.052151248559782926,-0.04997395420231565,-0.0857062135198613,-0.13611340235433445,-0.18203854971128652
-0.04997395420231565,-0.0857062135198613,-0.13611340235433445,-0.18203854971128652,-0.21147665652862613
-0.0857062135198613,-0.13611340235433445,-0.18203854971128652,-0.21147665652862613,-0.2172401034567335
-0.13611340235433445,-0.18203854971128652,-0.21147665652862613,-0.2172401034567335,-0.19732946780010374
-0.18203854971128652,-0.21147665652862613,-0.2172401034567335,-0.19732946780010374,-0.15558828205920205
-0.21147665652862613,-0.2172401034567335,-0.19732946780010374,-0.15558828205920205,-0.10030300550900173
-0.2172401034567335,-0.19732946780010374,-0.15558828205920205,-0.10030300550900173,-0.042771573796397955
-0.19732946780010374,-0.15558828205920205,-0.10030300550900173,-0.042771573796397955,0.0028027113878028587
-0.15558828205920205,-0.10030300550900173,-0.042771573796397955,0.0028027113878028587,0.022115431515947304
-0.10030300550900173,-0.042771573796397955,0.0028027113878028587,0.022115431515947304,0.006189534386121798
-0.042771573796397955,0.0028027113878028587,0.022115431515947304,0.006189534386121798,-0.04588817797259004
0.0028027113878028587,0.022115431515947304,0.006189534386121798,-0.04588817797259004,-0.12836186541310046
0.022115431515947304,0.006189534386121798,-0.04588817797259004,-0.12836186541310046,-0.22787842352038268
0.006189534386121798,-0.04588817797259004,-0.12836186541310046,-0.22787842352038268,-0.32573617102012387
-0.04588817797259004,-0.12836186541310046,-0.22787842352038268,-0.32573617102012387,-0.3994095048160067
-0.12836186541310046,-0.22787842352038268,-0.32573617102012387,-0.3994095048160067,-0.42598598589657966
-0.22787842352038268,-0.32573617102012387,-0.3994095048160067,-0.42598598589657966,-0.3882205142182291
-0.32573617102012387,-0.3994095048160067,-0.42598598589657966,-0.3882205142182291,-0.2818739541785158
-0.3994095048160067,-0.42598598589657966,-0.3882205142182291,-0.2818739541785158,-0.1204923376987802
-0.42598598589657966,-0.3882205142182291,-0.2818739541785158,-0.1204923376987802,0.06502390966135896
-0.3882205142182291,-0.2818739541785158,-0.1204923376987802,0.06502390966135896,0.23467219277465623
-0.2818739541785158,-0.1204923376987802,0.06502390966135896,0.23467219277465623,0.3464804115211775
-0.1204923376987802,0.06502390966135896,0.23467219277465623,0.3464804115211775,0.3683374959597896
0.06502390966135896,0.23467219277465623,0.3464804115211775,0.3683374959597896,0.29090949589041015
0.23467219277465623,0.3464804115211775,0.3683374959597896,0.29090949589041015,0.13150100124945752
0.3464804115211775,0.3683374959597896,0.29090949589041015,0.13150100124945752,-0.0685381373796059
0.3683374959597896,0.29090949589041015,0.13150100124945752,-0.0685381373796059,-0.25885638339148476
0.29090949589041015,0.13150100124945752,-0.0685381373796059,-0.25885638339148476,-0.3959651181746071
0.13150100124945752,-0.0685381373796059,-0.25885638339148476,-0.3959651181746071,-0.4535608619119482
-0.0685381373796059,-0.25885638339148476,-0.3959651181746071,-0.4535608619119482,-0.42676547422807576
-0.25885638339148476,-0.3959651181746071,-0.4535608619119482,-0.42676547422807576,-0.3305361735387511
-0.3959651181746071,-0.4535608619119482,-0.42676547422807576,-0.3305361735387511,-0.19484799927204766
-0.4535608619119482,-0.42676547422807576,-0.3305361735387511,-0.19484799927204766,-0.054571333855057524
-0.42676547422807576,-0.3305361735387511,-0.19484799927204766,-0.054571333855057524,0.05456430467106377
-0.3305361735387511,-0.19484799927204766,-0.054571333855057524,0.05456430467106377,0.10487117361985043
-0.19484799927204766,-0.054571333855057524,0.05456430467106377,0.10487117361985043,0.07688576185993323
-0.054571333855057524,0.05456430467106377,0.10487117361985043,0.07688576185993323,-0.040093353326735914
0.05456430467106377,0.10487117361985043,0.07688576185993323,-0.040093353326735914,-0.2359503688731367
0.10487117361985043,0.07688576185993323,-0.040093353326735914,-0.2359503688731367,-0.4735799336317744
0.07688576185993323,-0.040093353326735914,-0.2359503688731367,-0.4735799336317744,-0.6893419493190025
-0.040093353326735914,-0.2359503688731367,-0.4735799336317744,-0.6893419493190025,-0.8086077257572295
-0.2359503688731367,-0.4735799336317744,-0.6893419493190025,-0.8086077257572295,-0.7698705454240994
-0.4735799336317744,-0.6893419493190025,-0.8086077257572295,-0.7698705454240994,-0.5489208679184165
-0.6893419493190025,-0.8086077257572295,-0.7698705454240994,-0.5489208679184165,-0.17296990702683357
-0.8086077257572295,-0.7698705454240994,-0.5489208679184165,-0.17296990702683357,0.28145247939613327
-0.7698705454240994,-0.5489208679184165,-0.17296990702683357,0.28145247939613327,0.7035334471855921
-0.5489208679184165,-0.17296990702683357,0.28145247939613327,0.7035334471855921,0.9742265842335494
-0.17296990702683357,0.28145247939613327,0.7035334471855921,0.9742265842335494,0.9988410937853978
0.28145247939613327,0.7035334471855921,0.9742265842335494,0.9988410937853978,0.7558268701735298
0.7035334471855921,0.9742265842335494,0.9988410937853978,0.7558268701735298,0.31722310420616573
0.9742265842335494,0.9988410937853978,0.7558268701735298,0.31722310420616573,-0.18409306939683467
0.9988410937853978,0.7558268701735298,0.31722310420616573,-0.18409306939683467,-0.6024428582417828
0.7558268701735298,0.31722310420616573,-0.18409306939683467,-0.6024428582417828,-0.8255319990026926
0.31722310420616573,-0.18409306939683467,-0.6024428582417828,-0.8255319990026926,-0.8051905432178943
-0.18409306939683467,-0.6024428582417828,-0.8255319990026926,-0.8051905432178943,-0.5667850696340755
-0.6024428582417828,-0.8255319990026926,-0.8051905432178943,-0.5667850696340755,-0.19831469925708822
-0.8255319990026926,-0.8051905432178943,-0.5667850696340755,-0.19831469925708822,0.1776557550476019
-0.8051905432178943,-0.5667850696340755,-0.19831469925708822,0.1776557550476019,0.4381532404611086
-0.5667850696340755,-0.19831469925708822,0.1776557550476019,0.4381532404611086,0.502942146119167
-0.19831469925708822,0.1776557550476019,0.4381532404611086,0.502942146119167,0.37191324346348087
0.1776557550476019,0.4381532404611086,0.502942146119167,0.37191324346348087,0.11741596111439678
0.4381532404611086,0.502942146119167,0.37191324346348087,0.11741596111439678,-0.16286067240196977
0.502942146119167,0.37191324346348087,0.11741596111439678,-0.16286067240196977,-0.38452029777647034
0.37191324346348087,0.11741596111439678,-0.16286067240196977,-0.38452029777647034,-0.4938132259270763
0.11741596111439678,-0.16286067240196977,-0.38452029777647034,-0.4938132259270763,-0.4774257827262868
-0.16286067240196977,-0.38452029777647034,-0.4938132259270763,-0.4774257827262868,-0.36119922992706366
-0.38452029777647034,-0.4938132259270763,-0.4774257827262868,-0.36119922992706366,-0.19842433304724694
-0.4938132259270763,-0.4774257827262868,-0.36119922992706366,-0.19842433304724694,-0.05001833446962478
-0.4774257827262868,-0.36119922992706366,-0.19842433304724694,-0.05001833446962478,0.03740256951094967
-0.36119922992706366,-0.19842433304724694,-0.05001833446962478,0.03740256951094967,0.040684845673529146
-0.19842433304724694,-0.05001833446962478,0.03740256951094967,0.040684845673529146,-0.029936945680755778
-0.05001833446962478,0.03740256951094967,0.040684845673529146,-0.029936945680755778,-0.14696894504832203
0.03740256951094967,0.040684845673529146,-0.029936945680755778,-0.14696894504832203,-0.2820585526938758
0.040684845673529146,-0.029936945680755778,-0.14696894504832203,-0.2820585526938758,-0.40679086238423245
-0.029936945680755778,-0.14696894504832203,-0.2820585526938758,-0.40679086238423245,-0.4901458990485399
-0.14696894504832203,-0.2820585526938758,-0.40679086238423245,-0.4901458990485399,-0.5035632890623276
-0.2820585526938758,-0.40679086238423245,-0.4901458990485399,-0.5035632890623276,-0.4298922631050316
-0.40679086238423245,-0.4901458990485399,-0.5035632890623276,-0.4298922631050316,-0.27154090892285043
-0.4901458990485399,-0.5035632890623276,-0.4298922631050316,-0.27154090892285043,-0.05464171093718129
-0.5035632890623276,-0.4298922631050316,-0.27154090892285043,-0.05464171093718129,0.174179354637775
-0.4298922631050316,-0.27154090892285043,-0.05464171093718129,0.174179354637775,0.35864741437022163
-0.27154090892285043,-0.05464171093718129,0.174179354637775,0.35864741437022163,0.4481233292471911
-0.05464171093718129,0.174179354637775,0.35864741437022163,0.4481233292471911,0.41924201062620936
0.174179354637775,0.35864741437022163,0.4481233292471911,0.41924201062620936,0.27586473063896677
0.35864741437022163,0.4481233292471911,0.41924201062620936,0.27586473063896677,0.055458897733713375
0.4481233292471911,0.41924201062620936,0.27586473063896677,0.055458897733713375,-0.18295791510221893
0.41924201062620936,0.27586473063896677,0.055458897733713375,-0.18295791510221893,-0.3777748082474943
0.27586473063896677,0.055458897733713375,-0.18295791510221893,-0.3777748082474943,-0.4836456506243938
0.055458897733713375,-0.18295791510221893,-0.3777748082474943,-0.4836456506243938,-0.48257755637828037
-0.18295791510221893,-0.3777748082474943,-0.4836456506243938,-0.48257755637828037,-0.3860406831869905
-0.3777748082474943,-0.4836456506243938,-0.48257755637828037,-0.3860406831869905,-0.22886489630789963
-0.4836456506243938,-0.48257755637828037,-0.3860406831869905,-0.22886489630789963,-0.05753238826412066
-0.48257755637828037,-0.3860406831869905,-0.22886489630789963,-0.05753238826412066,0.08116442517179046
-0.3860406831869905,-0.22886489630789963,-0.05753238826412066,0.08116442517179046,0.14778858300604236
-0.22886489630789963,-0.05753238826412066,0.08116442517179046,0.14778858300604236,0.12188161366667671
-0.05753238826412066,0.08116442517179046,0.14778858300604236,0.12188161366667671,0.005572110374321593
0.08116442517179046,0.14778858300604236,0.12188161366667671,0.005572110374321593,-0.1703574749888208
0.14778858300604236,0.12188161366667671,0.005572110374321593,-0.1703574749888208,-0.3563433829519026
0.12188161366667671,0.005572110374321593,-0.1703574749888208,-0.3563433829519026,-0.4963763757090909
0.005572110374321593,-0.1703574749888208,-0.3563433829519026,-0.4963763757090909,-0.5432434400918993
-0.1703574749888208,-0.3563433829519026,-0.4963763757090909,-0.5432434400918993,-0.4725663963790112
-0.3563433829519026,-0.4963763757090909,-0.5432434400918993,-0.4725663963790112,-0.29191046685667654
-0.4963763757090909,-0.5432434400918993,-0.4725663963790112,-0.29191046685667654,-0.042090285661749216
-0.5432434400918993,-0.4725663963790112,-0.29191046685667654,-0.042090285661749216,0.2124635770202088
-0.4725663963790112,-0.29191046685667654,-0.042090285661749216,0.2124635770202088,0.40258093970170794
-0.29191046685667654,-0.042090285661749216,0.2124635770202088,0.40258093970170794,0.47455899908554633
-0.042090285661749216,0.2124635770202088,0.40258093970170794,0.47455899908554633,0.40302753845955563
0.2124635770202088,0.40258093970170794,0.47455899908554633,0.40302753845955563,0.1886428653813399
0.40258093970170794,0.47455899908554633,0.40302753845955563,0.1886428653813399,-0.1327683518701589
0.47455899908554633,0.40302753845955563,0.1886428653813399,-0.1327683518701589,-0.49250673842408876
0.40302753845955563,0.1886428653813399,-0.1327683518701589,-0.49250673842408876,-0.8006780941660958
0.1886428653813399,-0.1327683518701589,-0.49250673842408876,-0.8006780941660958,-0.9680093988923457
-0.1327683518701589,-0.49250673842408876,-0.8006780941660958,-0.9680093988923457,-0.9319131113704274
-0.49250673842408876,-0.8006780941660958,-0.9680093988923457,-0.9319131113704274,-0.6778407445728429
-0.8006780941660958,-0.9680093988923457,-0.9319131113704274,-0.6778407445728429,-0.24998219739055527
-0.9680093988923457,-0.9319131113704274,-0.6778407445728429,-0.24998219739055527,0.2544608348091826
-0.9319131113704274,-0.6778407445728429,-0.24998219739055527,0.2544608348091826,0.7066420709054306
-0.6778407445728429,-0.24998219739055527,0.2544608348091826,0.7066420709054306,0.9813195306381752
-0.24998219739055527,0.2544608348091826,0.7066420709054306,0.9813195306381752,1.0
0.2544608348091826,0.7066420709054306,0.9813195306381752,1.0,0.7639188575397768
0.7066420709054306,0.9813195306381752,1.0,0.7639188575397768,0.3573123668159355
0.9813195306381752,1.0,0.7639188575397768,0.3573123668159355,-0.09611386105683284
1.0,0.7639188575397768,0.3573123668159355,-0.09611386105683284,-0.47583011016261234
0.7639188575397768,0.3573123668159355,-0.09611386105683284,-0.47583011016261234,-0.6989694165493123
0.3573123668159355,-0.09611386105683284,-0.47583011016261234,-0.6989694165493123,-0.7378322708801728
-0.09611386105683284,-0.47583011016261234,-0.6989694165493123,-0.7378322708801728,-0.6187217184901445
-0.47583011016261234,-0.6989694165493123,-0.7378322708801728,-0.6187217184901445,-0.4061996769154418
-0.6989694165493123,-0.7378322708801728,-0.6187217184901445,-0.4061996769154418,-0.17822289959313997
-0.7378322708801728,-0.6187217184901445,-0.4061996769154418,-0.17822289959313997,-0.0018025814989776068
-0.6187217184901445,-0.4061996769154418,-0.17822289959313997,-0.0018025814989776068,0.08187588213449959
-0.4061996769154418,-0.17822289959313997,-0.0018025814989776068,0.08187588213449959,0.0609920855404269
-0.17822289959313997,-0.0018025814989776068,0.08187588213449959,0.0609920855404269,-0.05225877143778013
-0.0018025814989776068,0.08187588213449959,0.0609920855404269,-0.05225877143778013,-0.2316639438865008
0.08187588213449959,0.0609920855404269,-0.05225877143778013,-0.2316639438865008,-0.4386577259322447
0.0609920855404269,-0.05225877143778013,-0.2316639438865008,-0.4386577259322447,-0.6180301920066464
-0.05225877143778013,-0.2316639438865008,-0.4386577259322447,-0.6180301920066464,-0.7094223209957278
-0.2316639438865008,-0.4386577259322447,-0.6180301920066464,-0.7094223209957278,-0.665109579348881
-0.4386577259322447,-0.6180301920066464,-0.7094223209957278,-0.665109579348881,-0.4684151255523191
-0.6180301920066464,-0.7094223209957278,-0.665109579348881,-0.4684151255523191,-0.14457226486769958
-0.7094223209957278,-0.665109579348881,-0.4684151255523191,-0.14457226486769958,0.24175054938721452
-0.665109579348881,-0.4684151255523191,-0.14457226486769958,0.24175054938721452,0.5984661523795842
-0.4684151255523191,-0.14457226486769958,0.24175054938721452,0.5984661523795842,0.8242474237295037
-0.14457226486769958,0.24175054938721452,0.5984661523795842,0.8242474237295037,0.8408941894771202
0.24175054938721452,0.5984661523795842,0.8242474237295037,0.8408941894771202,0.6202704573347833
0.5984661523795842,0.8242474237295037,0.8408941894771202,0.6202704573347833,0.20330518185833357
0.8242474237295037,0.8408941894771202,0.6202704573347833,0.20330518185833357,-0.29910819549806555
0.8408941894771202,0.6202704573347833,0.20330518185833357,-0.29910819549806555,-0.7431505242200596
0.6202704573347833,0.20330518185833357,-0.29910819549806555,-0.7431505242200596,-1.0
0.20330518185833357,-0.29910819549806555,-0.7431505242200596,-1.0,-0.9948058126512249
-0.29910819549806555,-0.7431505242200596,-1.0,-0.9948058126512249,-0.7280906822172781
-0.7431505242200596,-1.0,-0.9948058126512249,-0.7280906822172781,-0.27596051678834654
-1.0,-0.9948058126512249,-0.7280906822172781,-0.27596051678834654,0.22925252392965545
-0.9948058126512249,-0.7280906822172781,-0.27596051678834654,0.22925252392965545,0.6388173924238154
-0.7280906822172781,-0.27596051678834654,0.22925252392965545,0.6388173924238154,0.8392946751503969
-0.27596051678834654,0.22925252392965545,0.6388173924238154,0.8392946751503969,0.7924130083234675
0.22925252392965545,0.6388173924238154,0.8392946751503969,0.7924130083234675,0.5317102188189384
0.6388173924238154,0.8392946751503969,0.7924130083234675,0.5317102188189384,0.14667235887572438
0.8392946751503969,0.7924130083234675,0.5317102188189384,0.14667235887572438,-0.25298270012052493
0.7924130083234675,0.5317102188189384,0.14667235887572438,-0.25298270012052493,-0.5712305917324424
0.5317102188189384,0.14667235887572438,-0.25298270012052493,-0.5712305917324424,-0.7428794751311658
0.14667235887572438,-0.25298270012052493,-0.5712305917324424,-0.7428794751311658,-0.7448399903991525
-0.25298270012052493,-0.5712305917324424,-0.7428794751311658,-0.7448399903991525,-0.5970808182188312
-0.5712305917324424,-0.7428794751311658,-0.7448399903991525,-0.5970808182188312,-0.35295853362020324
-0.7428794751311658,-0.7448399903991525,-0.5970808182188312,-0.35295853362020324,-0.08107692886734641
-0.7448399903991525,-0.5970808182188312,-0.35295853362020324,-0.08107692886734641,0.15475099262633973
-0.5970808182188312,-0.35295853362020324,-0.08107692886734641,0.15475099262633973,0.302245828561823
-0.35295853362020324,-0.08107692886734641,0.15475099262633973,0.302245828561823,0.3282019380755483
-0.08107692886734641,0.15475099262633973,0.302245828561823,0.3282019380755483,0.22868150551562327
0.15475099262633973,0.302245828561823,0.3282019380755483,0.22868150551562327,0.04132050165301404
0.302245828561823,0.3282019380755483,0.22868150551562327,0.04132050165301404,-0.17125462538054426
0.3282019380755483,0.22868150551562327,0.04132050165301404,-0.17125462538054426,-0.3425608914291398
0.22868150551562327,0.04132050165301404,-0.17125462538054426,-0.3425608914291398,-0.4236681095238286
0.04132050165301404,-0.17125462538054426,-0.3425608914291398,-0.4236681095238286,-0.39733268753010176
-0.17125462538054426,-0.3425608914291398,-0.4236681095238286,-0.39733268753010176,-0.28121644587360417
-0.3425608914291398,-0.4236681095238286,-0.39733268753010176,-0.28121644587360417,-0.12117736689952352
-0.4236681095238286,-0.39733268753010176,-0.28121644587360417,-0.12117736689952352,0.02366443958974429
-0.39733268753010176,-0.28121644587360417,-0.12117736689952352,0.02366443958974429,0.09847119186806763
-0.28121644587360417,-0.12117736689952352,0.02366443958974429,0.09847119186806763,0.0731621816709549
-0.12117736689952352,0.02366443958974429,0.09847119186806763,0.0731621816709549,-0.041541691242025336
0.02366443958974429,0.09847119186806763,0.0731621816709549,-0.041541691242025336,-0.20346068951032514
0.09847119186806763,0.0731621816709549,-0.041541691242025336,-0.20346068951032514,-0.3559749352857352
0.0731621816709549,-0.041541691242025336,-0.20346068951032514,-0.3559749352857352,-0.44901200604862535
-0.041541691242025336,-0.20346068951032514,-0.3559749352857352,-0.44901200604862535,-0.45028048911255636
-0.20346068951032514,-0.3559749352857352,-0.44901200604862535,-0.45028048911255636,-0.3532990135464862
-0.3559749352857352,-0.44901200604862535,-0.45028048911255636,-0.3532990135464862,-0.17964369499907273
-0.44901200604862535,-0.45028048911255636,-0.3532990135464862,-0.17964369499907273,0.025305588546258306
-0.45028048911255636,-0.3532990135464862,-0.17964369499907273,0.025305588546258306,0.2040581948375062
-0.3532990135464862,-0.17964369499907273,0.025305588546258306,0.2040581948375062,0.3043092680258934
-0.17964369499907273,0.025305588546258306,0.2040581948375062,0.3043092680258934,0.2976755395709261
0.025305588546258306,0.2040581948375062,0.3043092680258934,0.2976755395709261,0.18801118988398402
0.2040581948375062,0.3043092680258934,0.2976755395709261,0.18801118988398402,0.002616275201128726
0.3043092680258934,0.2976755395709261,0.18801118988398402,0.002616275201128726,-0.2164155750094362
0.2976755395709261,0.18801118988398402,0.002616275201128726,-0.2164155750094362,-0.4204649290729804
0.18801118988398402,0.002616275201128726,-0.2164155750094362,-0.4204649290729804,-0.5650912173974408
0.002616275201128726,-0.2164155750094362,-0.4204649290729804,-0.5650912173974408,-0.6171407120072738
-0.2164155750094362,-0.4204649290729804,-0.5650912173974408,-0.6171407120072738,-0.561638203411208
-0.4204649290729804,-0.5650912173974408,-0.6171407120072738,-0.561638203411208,-0.4057543424418574
-0.5650912173974408,-0.6171407120072738,-0.561638203411208,-0.4057543424418574,-0.1791948690634173
-0.6171407120072738,-0.561638203411208,-0.4057543424418574,-0.1791948690634173,0.07057035791254096
-0.561638203411208,-0.4057543424418574,-0.1791948690634173,0.07057035791254096,0.28799146749795135
-0.4057543424418574,-0.1791948690634173,0.07057035791254096,0.28799146749795135,0.42176772211170976
-0.1791948690634173,0.07057035791254096,0.28799146749795135,0.42176772211170976,0.4357289170312879
0.07057035791254096,0.28799146749795135,0.42176772211170976,0.4357289170312879,0.3246541107431993
0.28799146749795135,0.42176772211170976,0.4357289170312879,0.3246541107431993,0.12081924161062862
0.42176772211170976,0.4357289170312879,0.3246541107431993,0.12081924161062862,-0.1179535577261408
0.4357289170312879,0.3246541107431993,0.12081924161062862,-0.1179535577261408,-0.3246817292520776
0.3246541107431993,0.12081924161062862,-0.1179535577261408,-0.3246817292520776,-0.4446493718625183
0.12081924161062862,-0.1179535577261408,-0.3246817292520776,-0.4446493718625183,-0.45223081173295376
-0.1179535577261408,-0.3246817292520776,-0.4446493718625183,-0.45223081173295376,-0.35621540480962843
-0.3246817292520776,-0.4446493718625183,-0.45223081173295376,-0.35621540480962843,-0.19501113690238736
-0.4446493718625183,-0.45223081173295376,-0.35621540480962843,-0.19501113690238736,-0.0222694955645657
-0.45223081173295376,-0.35621540480962843,-0.19501113690238736,-0.0222694955645657,0.10988031903438689
-0.35621540480962843,-0.19501113690238736,-0.0222694955645657,0.10988031903438689,0.1659907845444324
-0.19501113690238736,-0.0222694955645657,0.10988031903438689,0.1659907845444324,0.13247585944057816
-0.0222694955645657,0.10988031903438689,0.1659907845444324,0.13247585944057816,0.02050649055299103
0.10988031903438689,0.1659907845444324,0.13247585944057816,0.02050649055299103,-0.13997791886702993
0.1659907845444324,0.13247585944057816,0.02050649055299103,-0.13997791886702993,-0.3072924799464489
0.13247585944057816,0.02050649055299103,-0.13997791886702993,-0.3072924799464489,-0.4370224744840414
0.02050649055299103,-0.13997791886702993,-0.3072924799464489,-0.4370224744840414,-0.4930630854047211
-0.13997791886702993,-0.3072924799464489,-0.4370224744840414,-0.4930630854047211,-0.45624079757079905
-0.3072924799464489,-0.4370224744840414,-0.4930630854047211,-0.45624079757079905,-0.3301481980948432
-0.4370224744840414,-0.4930630854047211,-0.45624079757079905,-0.3301481980948432,-0.14176432193724597
-0.4930630854047211,-0.45624079757079905,-0.3301481980948432,-0.14176432193724597,0.06487652991916248
-0.45624079757079905,-0.3301481980948432,-0.14176432193724597,0.06487652991916248,0.23954284538844317
-0.3301481980948432,-0.14176432193724597,0.06487652991916248,0.23954284538844317,0.33798681258014773
-0.14176432193724597,0.06487652991916248,0.23954284538844317,0.33798681258014773,0.33447027880239455
0.06487652991916248,0.23954284538844317,0.33798681258014773,0.33447027880239455,0.23446446283163236
0.23954284538844317,0.33798681258014773,0.33447027880239455,0.23446446283163236,0.06972217665058111
0.33798681258014773,0.33447027880239455,0.23446446283163236,0.06972217665058111,-0.11076041219661048
0.33447027880239455,0.23446446283163236,0.06972217665058111,-0.11076041219661048,-0.2556188553213349
0.23446446283163236,0.06972217665058111,-0.11076041219661048,-0.2556188553213349,-0.3279406250812842
0.06972217665058111,-0.11076041219661048,-0.2556188553213349,-0.3279406250812842,-0.3168853154691391
-0.11076041219661048,-0.2556188553213349,-0.3279406250812842,-0.3168853154691391,-0.238587530154173
-0.2556188553213349,-0.3279406250812842,-0.3168853154691391,-0.238587530154173,-0.12821350296783607
-0.3279406250812842,-0.3168853154691391,-0.238587530154173,-0.12821350296783607,-0.02685314788456772
-0.3168853154691391,-0.238587530154173,-0.12821350296783607,-0.02685314788456772,0.032130194528178
-0.238587530154173,-0.12821350296783607,-0.02685314788456772,0.032130194528178,0.03284867106387557
-0.12821350296783607,-0.02685314788456772,0.032130194528178,0.03284867106387557,-0.018553862876803273
-0.02685314788456772,0.032130194528178,0.03284867106387557,-0.018553862876803273,-0.10384136770734764
0.032130194528178,0.03284867106387557,-0.018553862876803273,-0.10384136770734764,-0.20337116509682818
0.03284867106387557,-0.018553862876803273,-0.10384136770734764,-0.20337116509682818,-0.29947369481152963
-0.018553862876803273,-0.10384136770734764,-0.20337116509682818,-0.29947369481152963,-0.3780709486856041
-0.10384136770734764,-0.20337116509682818,-0.29947369481152963,-0.3780709486856041,-0.42618486220240903
-0.20337116509682818,-0.29947369481152963,-0.3780709486856041,-0.42618486220240903,-0.43047779842816947
-0.29947369481152963,-0.3780709486856041,-0.42618486220240903,-0.43047779842816947,-0.38009735876591944
-0.3780709486856041,-0.42618486220240903,-0.43047779842816947,-0.38009735876591944,-0.27299267608821054
-0.42618486220240903,-0.43047779842816947,-0.38009735876591944,-0.27299267608821054,-0.12131034623580017
-0.43047779842816947,-0.38009735876591944,-0.27299267608821054,-0.12131034623580017,0.04670116923438772
-0.38009735876591944,-0.27299267608821054,-0.12131034623580017,0.04670116923438772,0.19118327494286058
-0.27299267608821054,-0.12131034623580017,0.04670116923438772,0.19118327494286058,0.2689106355496538
-0.12131034623580017,0.04670116923438772,0.19118327494286058,0.2689106355496538,0.24913536348414111
0.04670116923438772,0.19118327494286058,0.2689106355496538,0.24913536348414111,0.13270566305158016
0.19118327494286058,0.2689106355496538,0.24913536348414111,0.13270566305158016,-0.04475379316120853
0.2689106355496538,0.24913536348414111,0.13270566305158016,-0.04475379316120853,-0.22474498207835658
0.24913536348414111,0.13270566305158016,-0.04475379316120853,-0.22474498207835658,-0.34789159406741765
0.13270566305158016,-0.04475379316120853,-0.22474498207835658,-0.34789159406741765,-0.3749871916861498
-0.04475379316120853,-0.22474498207835658,-0.34789159406741765,-0.3749871916861498,-0.2992103461464737
-0.22474498207835658,-0.34789159406741765,-0.3749871916861498,-0.2992103461464737,-0.14726975215138138
-0.34789159406741765,-0.3749871916861498,-0.2992103461464737,-0.14726975215138138,0.030218057049056002
-0.3749871916861498,-0.2992103461464737,-0.14726975215138138,0.030218057049056002,0.17612055682432204
-0.2992103461464737,-0.14726975215138138,0.030218057049056002,0.17612055682432204,0.24553762812586677
-0.14726975215138138,0.030218057049056002,0.17612055682432204,0.24553762812586677,0.21984537969717888
0.030218057049056002,0.17612055682432204,0.24553762812586677,0.21984537969717888,0.11472578512872866
0.17612055682432204,0.24553762812586677,0.21984537969717888,0.11472578512872866,-0.03122081853341996
0.24553762812586677,0.21984537969717888,0.11472578512872866,-0.03122081853341996,-0.17357734531402413
0.21984537969717888,0.11472578512872866,-0.03122081853341996,-0.17357734531402413,-0.2763687543962119
0.11472578512872866,-0.03122081853341996,-0.17357734531402413,-0.2763687543962119,-0.32029360898035364
-0.03122081853341996,-0.17357734531402413,-0.2763687543962119,-0.32029360898035364,-0.3049057622268134
-0.17357734531402413,-0.2763687543962119,-0.32029360898035364,-0.3049057622268134,-0.24570317039736944
-0.2763687543962119,-0.32029360898035364,-0.3049057622268134,-0.24570317039736944,-0.16713653560032826
-0.32029360898035364,-0.3049057622268134,-0.24570317039736944,-0.16713653560032826,-0.09363638742182356
-0.3049057622268134,-0.24570317039736944,-0.16713653560032826,-0.09363638742182356,-0.042086895962672455
-0.24570317039736944,-0.16713653560032826,-0.09363638742182356,-0.042086895962672455,-0.019226801959883577
-0.16713653560032826,-0.09363638742182356,-0.042086895962672455,-0.019226801959883577,-0.02197876868896209
-0.09363638742182356,-0.042086895962672455,-0.019226801959883577,-0.02197876868896209,-0.04188657705901855
-0.042086895962672455,-0.019226801959883577,-0.02197876868896209,-0.04188657705901855,-0.07184459463663029
-0.019226801959883577,-0.02197876868896209,-0.04188657705901855,-0.07184459463663029,-0.10618455613373401
-0.02197876868896209,-0.04188657705901855,-0.07184459463663029,-0.10618455613373401,-0.14054603877859462
-0.04188657705901855,-0.07184459463663029,-0.10618455613373401,-0.14054603877859462,-0.1705767630027184
-0.07184459463663029,-0.10618455613373401,-0.14054603877859462,-0.1705767630027184,-0.19185567276067528
-0.10618455613373401,-0.14054603877859462,-0.1705767630027184,-0.19185567276067528,-0.2003356750972074
-0.14054603877859462,-0.1705767630027184,-0.19185567276067528,-0.2003356750972074,-0.19363534423911022
-0.1705767630027184,-0.19185567276067528,-0.2003356750972074,-0.19363534423911022,-0.1723799086044775
-0.19185567276067528,-0.2003356750972074,-0.19363534423911022,-0.1723799086044775,-0.1408106956175793
-0.2003356750972074,-0.19363534423911022,-0.1723799086044775,-0.1408106956175793,-0.10730676800503613
-0.19363534423911022,-0.1723799086044775,-0.1408106956175793,-0.10730676800503613,-0.08197572885289506
-0.1723799086044775,-0.1408106956175793,-0.10730676800503613,-0.08197572885289506,-0.073349772436203
-0.1408106956175793,-0.10730676800503613,-0.08197572885289506,-0.073349772436203,-0.08443944104859602
-0.10730676800503613,-0.08197572885289506,-0.073349772436203,-0.08443944104859602,-0.11086682973748829
-0.08197572885289506,-0.073349772436203,-0.08443944104859602,-0.11086682973748829,-0.14321243608690815
-0.073349772436203,-0.08443944104859602,-0.11086682973748829,-0.14321243608690815,-0.17037563823386093
-0.08443944104859602,-0.11086682973748829,-0.14321243608690815,-0.17037563823386093,-0.18294809283037938
-0.11086682973748829,-0.14321243608690815,-0.17037563823386093,-0.18294809283037938,-0.1754288887380806
-0.14321243608690815,-0.17037563823386093,-0.18294809283037938,-0.1754288887380806,-0.14794112296732465
-0.17037563823386093,-0.18294809283037938,-0.1754288887380806,-0.14794112296732465,-0.10695567981492915
-0.18294809283037938,-0.1754288887380806,-0.14794112296732465,-0.10695567981492915,-0.06353689446104083
-0.1754288887380806,-0.14794112296732465,-0.10695567981492915,-0.06353689446104083,-0.029195952647145584
-0.14794112296732465,-0.10695567981492915,-0.06353689446104083,-0.029195952647145584,-0.010876451808453202
-0.10695567981492915,-0.06353689446104083,-0.029195952647145584,-0.010876451808453202,-0.01032786393439633
-0.06353689446104083,-0.029195952647145584,-0.010876451808453202,-0.01032786393439633,-0.025097550983711026
-0.029195952647145584,-0.010876451808453202,-0.01032786393439633,-0.025097550983711026,-0.0496236468850938
-0.010876451808453202,-0.01032786393439633,-0.025097550983711026,-0.0496236468850938,-0.0764922942550248
-0.01032786393439633,-0.025097550983711026,-0.0496236468850938,-0.0764922942550248,-0.0981501350881323
-0.025097550983711026,-0.0496236468850938,-0.0764922942550248,-0.0981501350881323,-0.11026756882437005
-0.0496236468850938,-0.0764922942550248,-0.0981501350881323,-0.11026756882437005,-0.11310148145605015
-0.0764922942550248,-0.0981501350881323,-0.11026756882437005,-0.11310148145605015,-0.1106236596340352
-0.0981501350881323,-0.11026756882437005,-0.11310148145605015,-0.1106236596340352,-0.1079512546408593
-0.11026756882437005,-0.11310148145605015,-0.1106236596340352,-0.1079512546408593,-0.10965894375517582
-0.11310148145605015,-0.1106236596340352,-0.1079512546408593,-0.10965894375517582,-0.11834945605495006
-0.1106236596340352,-0.1079512546408593,-0.10965894375517582,-0.11834945605495006,-0.13683286698701158
-0.1079512546408593,-0.10965894375517582,-0.11834945605495006,-0.13683286698701158,-0.16783802267380876
-0.10965894375517582,-0.11834945605495006,-0.13683286698701158,-0.16783802267380876,-0.20949095975910048
-0.11834945605495006,-0.13683286698701158,-0.16783802267380876,-0.20949095975910048,-0.25263642283438725
-0.13683286698701158,-0.16783802267380876,-0.20949095975910048,-0.25263642283438725,-0.28246034507835316
-0.16783802267380876,-0.20949095975910048,-0.25263642283438725,-0.28246034507835316,-0.28313294735341044
-0.20949095975910048,-0.25263642283438725,-0.28246034507835316,-0.28313294735341044,-0.25879520070224726
-0.25263642283438725,-0.28246034507835316,-0.28313294735341044,-0.25879520070224726,-0.19245500879272415
-0.28246034507835316,-0.28313294735341044,-0.25879520070224726,-0.19245500879272415,-0.09188934109402347
-0.28313294735341044,-0.25879520070224726,-0.19245500879272415,-0.09188934109402347,0.025850405304913338
-0.25879520070224726,-0.19245500879272415,-0.09188934109402347,0.025850405304913338,0.13738791586708188
-0.19245500879272415,-0.09188934109402347,0.025850405304913338,0.13738791586708188,0.2182902317254687
-0.09188934109402347,0.025850405304913338,0.13738791586708188,0.2182902317254687,0.24825917723791835
0.025850405304913338,0.13738791586708188,0.2182902317254687,0.24825917723791835,0.22116159248697276
0.13738791586708188,0.2182902317254687,0.24825917723791835,0.22116159248697276,0.14865238748348353
0.2182902317254687,0.24825917723791835,0.22116159248697276,0.14865238748348353,0.05539170715853503
0.24825917723791835,0.22116159248697276,0.14865238748348353,0.05539170715853503,-0.030222094024098145
