IMF1,IMF2,IMF3,IMF4,IMF5,IMF6,IMF7,IMF8,IMF9,ORIG
3.21175723086389,-1.66246562408691,0.0653423441852877,0.210177280431506,-0.734740902502895,0.00309454560571426,0.184250659562767,-0.0996375258554552,0.00787072154306783,1.761696
3.20490825489351,-1.38353184191418,-0.00886949889769874,0.0533750448150966,0.567539341690732,0.0180043676908517,-0.290873857344172,0.256636907183869,-0.160378126283727,1.774656
3.2053473832748,-0.827713038358507,-0.0599373931886857,-0.115186771572634,0.914652057409779,0.0171497498510705,-0.0141416423163284,-0.325770473386467,0.297601998513987,1.910304
3.22961254689157,-0.0470319295807731,-0.0162865152004138,-0.187853856841096,-0.35658148754378,-0.0613977532551686,0.328666761336798,0.24732918679733,-0.43687190435383,2.111616
3.26474401528782,0.795552216865308,0.0481410110794569,-0.203317669345677,-1.12900762751167,-0.106742522771037,-0.294413633668103,-0.0761569527186882,0.547364775270276,2.402784
3.31353304691078,1.52201952003129,0.0525088082621145,-0.120751989494186,0.0444461250135409,0.119425159331323,-0.0993736617169694,-0.127703833494067,-0.625982561707665,2.99808
3.37729905842102,1.95361543083541,-0.0429329077043049,0.0930893444428568,1.23545231368124,0.157417449833642,0.412068864029331,0.264570770704369,0.64669227600207,8.399808
3.44452665596154,1.94069793266946,-0.208841184854402,0.299767579641711,0.292933028285234,-0.229398525302685,-0.302448150405485,-0.290152941610107,-0.61062867864256,3.053376
3.53202255322521,1.47028809099945,-0.285751897818543,0.320338171875717,-1.21690894887687,-0.152701015982535,-0.122122546439435,0.202708868390789,0.518859061414764,2.867616
3.64884171781735,0.615830869905631,-0.176198853406415,0.0107841725923169,-0.692702047161606,0.290700597717494,0.372382726559819,-0.0885976478951127,-0.417711433635444,2.914272
3.77729119603563,-0.499815054866213,0.0354069900316151,-0.510207296847187,0.977345109586787,0.0395487645984727,-0.277432248700184,-0.0431042941781185,0.290258457840148,3.502656
3.9155543640682,-1.64486378647699,0.215667315996918,-0.706752276428971,1.00454490242276,-0.339546323156904,-0.037675272454594,0.151601447560209,-0.149208662911687,1.876608
4.05961714187377,-2.54251469896587,0.246765459378085,-0.19172384982373,-0.654293691743509,0.0682453958722944,0.263527996914699,-0.223224315711786,-0.00788639344447375,1.3981248
4.20172658967846,-2.93850253429814,0.100896735335385,0.694415802871447,-1.2266921897392,0.351035193840976,-0.245019214652678,0.240063751823914,0.171588046025902,1.3571712
4.33929924660983,-2.65648990517183,-0.118584025792731,1.07211779737997,0.270790029343749,-0.166187761770616,0.0655849179148845,-0.188175810476195,-0.324806138910822,2.6462592
4.47523866989467,-1.66231623080798,-0.24449438399497,0.398949824931345,1.34783664178038,-0.323308042377393,0.130505583834683,0.0886244660939288,0.463536143784076,4.2768
4.61132982306362,-0.114871424989892,-0.178995777042271,-0.840440772111714,0.159042174358283,0.257875355229088,-0.230669518233018,0.0249851510741054,-0.584489840791733,4.205088
4.73378154073255,1.62994778773708,0.0178484222099783,-1.44762455322047,-1.35084826188708,0.260935639527891,0.175480272087114,-0.119618037861095,0.686577418246171,4.48416
4.85271564458988,3.15597731048342,0.237320764947612,-0.599450918397042,-0.554513285097312,-0.286903691948907,0.0573198613694547,0.203671262655586,-0.744641310326602,6.401376
4.9689762774615,4.03372712243368,0.324323048577252,1.04766411698021,1.22316745364629,-0.208868048780991,-0.31923307911144,-0.286325254171273,0.735502963769979,13.365216
5.04936038963348,3.90999829945205,0.150044716529781,1.79059452242525,0.882838620085874,0.272261580267662,0.329345874423366,0.359987441418219,-0.637004964722578,14.07456
5.09309556719966,2.73856341665709,-0.151794476884033,0.774913947535807,-0.904607467786742,0.273032422227865,0.113365715964008,-0.314743695372243,0.504659306295376,9.749376
5.1015362883428,0.78118523868097,-0.309350915737379,-1.06351202717793,-1.01121644318308,-0.179990325778882,-0.526712522316267,0.182100305307181,-0.305231563336053,4.06944
5.0866708472207,-1.44195182461705,-0.115118045139824,-1.85195784240841,0.676122110600504,-0.272637040094946,0.477718835865926,0.0732079234761806,0.0887184794650177,2.6034048
5.06959768650883,-3.3000912991405,0.379376768739195,-0.708299192291479,1.15242965501851,0.155024510342387,0.135159024650402,-0.374075114017143,0.145452888440475,2.0864736
5.06347856631792,-4.26913564549388,0.811128427580636,1.21874308063777,-0.442081052122856,0.266093299604461,-0.781040649394062,0.60588635497046,-0.40197941809821,2.2111488
5.05419129334758,-4.10873747248445,0.720839572270346,1.86471303099792,-1.31678427043924,-0.189766530700411,0.683015142539644,-0.700875460638564,0.656645597064374,2.6489376
5.04691879488923,-2.85322907992264,0.00287489127976568,0.533513400120434,0.170669921770051,-0.236246095261401,0.239213492571988,0.624503053831252,-0.885129074822657,2.428704
5.04367790852477,-0.829312896446588,-0.975616126969094,-1.37781049823554,1.44194637958612,0.225990355861255,-1.09801241830201,-0.375761832175436,1.07126124962518,1.727568
5.06888453373307,1.45497765991278,-1.53787919386954,-1.82414593867454,0.174549477565689,0.209854124720973,0.897709041355727,-0.0102001219259552,-1.21471898429846,1.5552
5.12126519901008,3.36109244074996,-1.23359516721877,-0.390955403021532,-1.58108740645094,-0.354604319689582,0.241932972404417,0.374583311202753,1.25341682401745,6.374592
5.18958401379155,4.31638344674298,-0.14539511596682,1.34062623080733,-0.69626799773551,-0.236855097897585,-1.31080994558297,-0.647960152338665,-1.1991469527841,5.410368
5.26940481885941,4.01055548754616,1.1414208392036,1.55968993435956,1.51113279105428,0.451547319583339,1.15065367830152,0.729655509089284,1.02153586371868,19.0512
5.31809942976364,2.44589919621386,1.80993592339218,0.0806607192925035,1.17955781292841,0.186201809927881,0.203303467256037,-0.600090387695567,-0.713524416922259,10.740384
5.34625922904407,0.0999128029932972,1.48368517677007,-1.32310964837973,-1.15441583882927,-0.409036556184687,-1.35830227184958,0.392631384806479,0.348071304555049,3.1104
5.38007576013911,-2.27217685487741,0.378630734597721,-1.0532651763277,-1.48581130339696,-0.0766298553078605,1.19063298697676,-0.177639628204245,0.0503749676219212,2.0436192
5.40920747131971,-3.96018782755723,-0.937772434394152,0.40243718813728,0.660512945377624,0.290873164570619,0.0944555172233689,-0.0199252857490527,-0.467967262841355,1.8252
5.43600863163401,-4.44267588279366,-1.76561857439239,1.25098814144524,1.64221515661884,0.0110622715568604,-1.23780143441511,0.198472518169318,0.889081694184207,1.521072
5.46291839196155,-3.56101559305729,-1.66142790001121,0.509955373101446,-0.13524398008792,-0.163202138684916,1.16540695146724,-0.366335746865901,-1.29805224910325,1.477872
5.46865099795457,-1.59939874598549,-0.706457862622862,-0.905513051733036,-1.66106092400757,-0.00571941781183661,-0.0136983955633414,0.519454295621642,1.67968948275672,2.901312
5.46681072823889,0.890007440098518,0.647595527176556,-1.16826403539442,-0.310982499484699,0.11568134351363,-1.01325140350288,-0.583660934667408,-1.97910438466602,2.118096
5.45879200352286,3.17084986937256,1.70676759663283,0.131219052997087,1.54971082164584,0.00372065078838649,0.966781433051211,0.499821920654712,2.15214108593006,18.6108192
5.40086780887964,4.50115167310629,1.85302140793094,1.39578067683511,0.68362632386944,-0.0950319253112426,-0.0331683287563569,-0.230950273473713,-2.14011519932097,11.974608
5.32515696151469,4.54309053947776,1.10037315360572,1.1312631080606,-1.17395574763961,0.174853027134141,-0.624859061215827,-0.07216510757492,1.99270040942029,13.3399872
5.23193305930752,3.30150457025497,-0.12388778474946,-0.494224098789614,-0.872550774792418,0.0602840835750635,0.469996113805816,0.318742360782855,-1.70738276594609,5.951232
5.14518459251606,1.17754205777092,-1.16597505636067,-1.67454114305196,0.839815800347987,-0.298376676166872,0.0850984460176976,-0.410050222614298,1.31478219346665,3.712176
5.07485810115614,-1.21874377579736,-1.5668595241723,-1.03622640904076,0.899088094527792,-0.0344636813966871,-0.331725393041183,0.278287574358175,-0.873803520779186,2.144448
4.99389329451529,-3.27792482118174,-1.29275312037559,0.747847093065963,-0.654670720176939,0.331482828838299,0.00521569706545513,-0.00188332804008301,0.402011683092394,1.6917984
4.89971826256916,-4.44757118558038,-0.538099471583293,1.79336613621158,-0.849034717674666,0.0462710575645271,0.392748818795608,-0.257802860982869,0.10044560349193,1.728432
4.79795499288915,-4.39482149764323,0.393367960057104,0.982116363972225,0.604369845551657,-0.324944080533141,-0.175076703902489,0.391886218128335,-0.594664400151665,1.5273792
4.69778381286844,-3.1106459650171,1.18203265143525,-0.862120162630956,0.872626570655705,-0.0313857803341986,-0.484281566153636,-0.312133930515599,1.06504388681119,1.8042912
4.61923380283062,-0.920744493641434,1.5538506496785,-1.82719595599308,-0.595588005336606,0.316139948930491,0.703054983465257,0.0013806435055145,-1.51045894567473,2.4821856
4.53747654137574,1.51680792037724,1.25482141541035,-0.988517164626341,-1.06703618157519,-0.0768619851539519,-0.0820901885281493,0.397921776741742,1.8851609631184,7.8597216
4.45220291907815,3.50927224354387,0.332786498812443,0.832098642857858,0.554416614402055,-0.256803991823842,-0.788594383650565,-0.690954199409181,-2.14574963636932,5.3391744
4.36474538242477,4.50011638238926,-0.849277509106992,1.84945784676602,1.34777661380166,0.185934587247407,0.923029585254373,0.724283365806035,2.26626773048245,17.424288
4.25573790355941,4.20284022718448,-1.75264011640906,1.05033321449261,-0.386304302897609,0.187295643478475,0.00421869494076803,-0.401917741275559,-2.19868710889495,1.8226944
4.19251850681858,2.82310302414929,-1.75046631054604,-0.648548080607363,-1.50425033897859,-0.142025908507565,-1.0151031838038,-0.171510959086523,1.94701446331975,1.7930592
4.17184593812718,0.731040033658125,-0.815529542663821,-1.73580039538067,-0.00883915193729427,-0.302139856140432,0.808069361513374,0.671145209300721,-1.61652243247529,1.0963296
4.17043888193253,-1.57675350653019,0.511326906007997,-1.36857407651108,1.44071203989883,0.00252870548253932,0.370344764385526,-0.917881513957946,1.21506037606917,1.675296
4.2091470155075,-3.49476402395324,1.54521184179739,0.154484960287438,0.37667406203392,0.456878447679343,-1.17207165544527,0.77427479824079,-0.801263376555666,1.0502784
4.26897088580359,-4.58164562545087,1.68601795015323,1.49456411448441,-1.39959522960405,-0.0212024949530831,0.51866087218004,-0.334340233399959,0.359788939863347,0.9980928
4.34940918780843,-4.58104033350795,0.850280738575151,1.51358356597275,-0.782667097273252,-0.653244386303566,0.886428508613925,-0.265619616403322,0.0685717157981725,0.9912672
4.4361869423655,-3.51596415746577,-0.51236150995248,0.181143235400771,1.19501290171309,0.0435746847180457,-1.41250319848909,0.787642054011213,-0.479232614915514,0.7156512
4.52715701526014,-1.63887386075824,-1.61852058495181,-1.33714001386051,1.13849593114975,0.853313381156701,0.291170967064079,-1.03034667395153,0.854649567319849,1.6876512
4.61937945132844,0.61283833833205,-1.81415504561897,-1.68830031392466,-0.889092191439843,-0.124765433051063,1.366663354566,0.87820019254744,-1.18510131713745,2.5589952
4.70391683329728,2.71085693288025,-0.964903275056822,-0.522768361176349,-1.42028771491787,-1.05297894097807,-1.6811650245293,-0.351857523539093,1.4640856949653,2.1750336
4.7947191188089,4.19537855071166,0.495699429706345,1.19976389544943,0.528136575576874,0.293216985866656,0.118435129581089,-0.378365734990753,-1.67925517449845,10.2689856
4.86857217172781,4.68270775181251,1.68745199485224,1.85589217283028,1.53957088241449,1.15479519785484,1.73001254535376,1.02083030060755,1.79503483848728,24.394176
4.87395247830013,3.99849084454716,1.85791237836289,0.747302448028187,-0.132910343781626,-0.473056961957232,-1.78668444891758,-1.25515177195931,-1.73356301376201,6.702048
4.85965397246933,2.42637646873421,1.0630031623754,-0.925577482209635,-1.31114173435702,-0.976424446420145,0.0584963890445168,1.08264531160805,1.56725895837954,9.052128
4.81839396840289,0.381608691146317,-0.193040750315724,-1.62062090341191,-0.127109336413075,0.614954272877621,1.69696058614004,-0.577508671527801,-1.31683062307596,5.946048
4.74012849623311,-1.63567883587468,-1.20841240721614,-0.804573477314166,1.07954036627832,0.818617543494074,-1.67512467814813,-0.0366509972148353,1.05281419743817,2.6555904
4.64646636778397,-3.10823419484637,-1.41450605799149,0.744850045873579,0.365342353174779,-0.614049762467506,0.037117307156122,0.610901639032384,-0.769718602308887,1.7132256
4.53377670585637,-3.71910500419594,-0.789958487930871,1.57286122784067,-0.805371223706723,-0.670367873022405,1.51766054808796,-0.98332581386026,0.494824579195805,2.0513952
4.39968744082224,-3.38107343350766,0.215306560714738,0.944769784810468,-0.439535253885565,0.621381093852833,-1.44686643355208,1.09533049415562,-0.218496827934412,2.6117856
4.25385007878929,-2.22130343806045,1.00752955481591,-0.489130065500783,0.617329893468462,0.594031818576817,0.00187760721470524,-0.900799292941713,-0.0220663970569943,2.5044768
4.11059430624208,-0.552096003072804,1.17993648413755,-1.38867645888586,0.471422084771884,-0.585346165352801,1.29866197783183,0.471312808401718,0.220404656612172,4.6761408
3.97964264287216,1.19004464146654,0.689968230681043,-1.00900527183913,-0.483836635450559,-0.556009276192327,-1.23946927921809,0.0458963215515901,-0.384750601606221,1.9466784
3.85449986179882,2.54104462810826,-0.1661213021595,0.187761294826636,-0.507922711205371,0.506535940640596,-0.016474992651779,-0.520656633691976,0.501420477684213,5.4212544
3.74941112635193,3.1821354555742,-0.878623525605207,1.13069545565036,0.37888794319032,0.549760622865578,1.14139810992135,0.824241889567465,-0.579008386347528,8.5996512
3.65902146017986,2.95752327571237,-1.08788988624133,1.01836750524931,0.468670042256541,-0.495689614500943,-1.10779363056003,-0.929519804640493,0.589691578057647,4.9218624
3.57737979124179,1.93822128712923,-0.736126773412932,0.00692207546444844,-0.362647355240518,-0.59096205607478,0.0227358285226075,0.819227451321639,-0.542794933330159,3.2272992
3.51028357122482,0.422637623577474,-0.0408225731986336,-0.958579365813958,-0.457287877024538,0.505740472718815,1.00410300328937,-0.536901552145337,0.43821167703803,3.096144
3.46099810972502,-1.17330119476432,0.610822921082173,-1.05337927573791,0.357032807532119,0.606888824458617,-1.03629804991504,0.126074269396684,-0.308932042068062,1.1397024
3.42156947479032,-2.4411873659167,0.865997405771213,-0.26716421816715,0.444952475782919,-0.570322976962406,0.0803556660654921,0.302918166170208,0.158609213649875,0.8856864
3.40366884733802,-3.0440424241045,0.640159741727853,0.714315932914932,-0.389985662514749,-0.621345711782472,0.898712709686899,-0.663387997329286,-0.0170817320458788,0.5299776
3.39393952924268,-2.86547804327845,0.0692683273106429,1.02837249108579,-0.553154127869805,0.587111341373833,-1.02555362339613,0.838768906917431,-0.122692477967064,1.014768
3.39316254643399,-1.97476222029222,-0.512355308553778,0.4402380048734,0.393084924247361,0.637186288588339,0.217520006335488,-0.783739583878785,0.248298006886434,1.7200512
3.3990881662438,-0.619281987677766,-0.781630292869013,-0.512769126854231,0.709429765478052,-0.622830077567582,0.755611057333166,0.51068304761746,-0.353842961898206,1.6907616
3.42157973840703,0.860565623375646,-0.590457315497987,-0.993996446153085,-0.333173503768902,-0.654131088817581,-1.01696102438711,-0.104919777234196,0.421870114824753,0.35370432
3.45965078737022,2.08543869390686,-0.0808031464349568,-0.621647278382517,-0.92269986745177,0.643680805803795,0.328965993877053,-0.339077263599826,-0.459062168180363,2.07915552
3.53383680041007,2.76795856735886,0.444834545572491,0.275258800944859,0.161197072892515,0.654364776353377,0.624062633071524,0.669144835725977,0.43104811466751,9.17136
3.6180418961202,2.68586331424176,0.601149157428522,0.837083600682674,1.00067754997222,-0.79325574317036,-1.06391258185632,-0.854068444549562,-0.374626765224199,5.2109568
3.71631447403232,1.86233019020512,0.306790610717116,0.626372099725274,0.0587786008127128,-0.618523173264301,0.610308895863787,0.872100496661975,0.304476997386255,5.976288
3.84246403433723,0.533905507191872,-0.199754592113217,-0.0857020767785709,-1.04334407786742,0.936299214422522,0.36933506089596,-0.753608984614649,-0.258841176533391,2.8747872
3.98296474029229,-0.976959648391068,-0.602437819657308,-0.729217917419329,-0.399229765527523,0.462148199442528,-1.155045185122,0.465816404343845,0.212821356836419,1.139616
4.12349013875401,-2.29710015240553,-0.652733196650394,-0.806120151619577,0.946732070812972,-1.08711179093726,1.01443840799785,-0.0484616293624651,-0.172471004933704,1.2171168
4.26482699174348,-3.06357161476504,-0.283257500967729,-0.195922499794549,0.741569160201613,-0.251962887880593,0.0954635015240495,-0.414243313233078,0.147604491513463,0.5966784
4.40998080193302,-3.04135556318658,0.314097808813059,0.660207404909631,-0.724161006931006,1.20687510281836,-1.28754400161613,0.820778571560382,-0.144637841194942,2.5026624
4.55200730753129,-2.21520306514689,0.762846288160121,1.00221185276288,-1.04157916131837,-0.0100517908855722,1.39901258943804,-1.08740263055845,0.155723580401108,4.450896
4.67494947016446,-0.791908495590819,0.746526928042485,0.43063847892308,0.384289591981683,-1.27821815053066,-0.14252511553485,1.15659947897549,-0.162300167465189,5.65704
4.78712971733569,0.901651834072768,0.278076436413606,-0.572784686854926,1.29520281005754,0.356398710095908,-1.37015594822824,-0.951958030621147,0.183892468964701,5.440176
4.88366886201664,2.43990963885339,-0.365664461082383,-1.09482616851838,0.0808965525517164,1.29307484240484,1.68356498974515,0.487687146621854,-0.212847806089095,10.744704
4.95644740623615,3.41932396956389,-0.791103750482539,-0.596175394036841,-1.36160721015852,-0.683712204102185,-0.340867823806586,0.186987314612298,0.273019952197896,5.3145504
5.01837532108801,3.59979734620958,-0.686188843692623,0.57535111066875,-0.524009477677476,-1.1710730628498,-1.41309084692407,-0.886629051675943,-0.336873902862817,4.787424
5.06742220562839,2.90680071882843,-0.0992241816979629,1.30877755209478,1.27820615370873,0.988697769107511,1.86148397746505,1.41425262723308,0.392083280332608,17.31456
5.07718436152711,1.45184094514627,0.578898538754321,0.78034919498081,0.964423792049083,0.996780303388173,-0.466277171510826,-1.57047880885804,-0.39384481779014,7.9488
5.07517120271773,-0.364333179321163,0.993092891431765,-0.496069978852694,-0.908804817603153,-1.1258208117819,-1.35531600813624,1.35324642482651,0.378951153322712,3.904848
5.06169938472385,-2.07777301325909,0.881635664040168,-1.30515623140991,-1.2706004210938,-0.796263816642331,1.82147483586439,-0.815264624882969,-0.350641412533277,2.2151232
5.03510956634345,-3.25101684329677,0.266529218799456,-0.859160242999011,0.454358681124246,1.24965043841255,-0.48133573114722,0.108567360609022,0.334493667896506,2.0123424
5.01777309655442,-3.54865903919516,-0.498421580181719,0.475702294143076,1.47312131664095,0.631997995484152,-1.2750950903706,0.618922499256561,-0.326902784439365,1.9955808
5.01630458009096,-2.89696001136487,-1.00551774968382,1.37976627139957,0.0431552011911069,-1.38983027601937,1.66987190324069,-1.2415036815746,0.303415130127438,1.0394784
5.02711778427579,-1.50011463895152,-1.01139930131418,0.878660213604402,-1.55883758062607,-0.494439900479173,-0.423820531075065,1.59978720016747,-0.278900177403868,1.6798752
5.05608953895663,0.252006672190004,-0.518034338882457,-0.575216024833116,-0.608445306877085,1.50112898357332,-1.15415957180292,-1.61505054024108,0.241700371291221,0.6967296
5.11147392355147,1.87732498288097,0.212149130562764,-1.52961419723848,1.40504953949555,0.28955955131961,1.45770904805348,1.22702835601998,-0.226398794161892,10.334304
5.16726048593847,2.88576920509958,0.744444555444183,-1.03527278431966,1.04701288284251,-1.67569866406708,-0.355964149810224,-0.542691789244233,0.212887515374901,5.978448
5.22745493463839,3.02225382372517,0.839149699824625,0.530950527746648,-1.07839294871024,-0.0121669653428255,-0.908748494975842,-0.254994594537498,-0.18194454725043,6.4647072
5.30466083824193,2.30316820115086,0.524997010387273,1.6950812269943,-1.37436187396707,1.8138591504618,1.12032107040356,0.959325167321281,0.111853531746654,11.866176
5.38883361867565,0.947027656278217,-0.0201480873203339,1.20006079654342,0.589978119988491,-0.365591204972731,-0.315451838776346,-1.44256694861971,-0.0210427500330255,6.29856
5.47309200803587,-0.652210480777049,-0.52620723313304,-0.59528073143807,1.52026171356849,-1.89836583580653,-0.571338391863196,1.60828614944662,-0.0881234133162828,3.936384
5.55570030958976,-2.03164797005521,-0.75325725218295,-1.9244632871719,-0.0622178474165741,0.775959210969333,0.750154061321252,-1.42832627993856,0.210595241016341,2.2832064
5.62390873147353,-2.80922078073475,-0.617728050759609,-1.36280624486503,-1.48756024378335,1.90902242126296,-0.263664531124554,0.955918335865643,-0.329592825468681,1.6730496
5.68342214433076,-2.74543189284098,-0.166515795773556,0.705193772941202,-0.386785346600883,-1.1480910802719,-0.210844627222092,-0.259380273962516,0.460862856444754,2.3588064
5.74468803462288,-1.83337374923353,0.415064525879902,2.27318602415912,1.35617219432888,-1.81473286403901,0.315818420385523,-0.504324839818944,-0.58836742556491,3.4405344
5.82808699091716,-0.316114926214729,0.852681792668719,1.62754373966975,0.785063658030958,1.50501295826538,-0.232672852291458,1.14174881562861,0.677975812386509,13.273632
5.8973394660229,1.28733517026154,0.810797856360145,-0.894449349125955,-1.21328455194382,1.55537592024113,0.121803346359396,-1.54881648958595,-0.738431397422428,5.3103168
5.96116531418253,2.50134987785228,0.297837471791081,-2.74806197917291,-1.087440542591,-1.74173992317536,0.089913735624437,1.7054492104746,0.808057694694889,4.574016
6.05111866573957,3.00328520231775,-0.362543792353841,-1.78188783099402,1.04784287280213,-1.211762285677,-0.352600205031698,-1.58829376941953,-0.903403803833602,2.6372736
6.15626764461726,2.59985707726156,-0.860585036963233,1.1632196119985,1.2770956022944,1.8041185052989,0.323001723738292,1.11953555438152,0.975117228633504,15.727392
6.25627293331935,1.34856201779071,-0.978400742058562,3.04038384392953,-0.897068996777878,0.837072624534987,0.072219258875383,-0.327795065647243,-1.00099943009994,5.589216
6.39011982189419,-0.350313603047269,-0.577358905930636,1.85191134552625,-1.42401385229135,-1.7402059936321,-0.465095092194482,-0.657702901786308,0.958122450353084,4.762368
6.52498093803745,-2.05972019227682,0.0874165690965122,-1.43921893608112,0.604227442100184,-0.625642068546529,0.310886135535237,1.55306893942197,-0.882187048494827,2.8419552
6.67423637711222,-3.25851487014648,0.698239457379377,-3.46672882768291,1.55956243958883,1.6776096753468,0.315089496777893,-2.0898977678787,0.791126419678654,1.982016
6.84663443389235,-3.56413397177308,0.953131874777674,-1.97357832679243,-0.312925785864062,0.411044547899709,-0.742765564272232,2.05262857634539,-0.728219549575232,2.007504
7.02792200081027,-2.88974241930916,0.665368676980895,1.64156252071482,-1.75679273953884,-1.68830853642658,0.287416538562008,-1.46587672717139,0.666137989261406,4.0561344
7.18567610777119,-1.45140736889454,-0.0833900287992298,3.66217473949225,-0.119169782304237,-0.251438913228358,0.671629387383445,0.465732378832742,-0.604365866084265,11.350368
7.29992363566261,0.359691341587829,-0.870673660664961,1.9641137305948,1.90909300095525,1.74650455311435,-0.980421579673002,0.751073241793612,0.588432956154173,15.362784
7.37081303942624,2.10955536598055,-1.13488108470506,-1.70637814822667,0.773659077645057,0.211027687176187,0.251927549683711,-1.7860000570678,-0.557542346485053,6.422112
7.411631060779,3.40890842085375,-0.573562220472636,-3.55023226288293,-1.74665084096133,-1.72139541965114,0.920587221772694,2.3855918645934,0.539155492764123,9.382176
7.41860015550714,3.95014000706613,0.551830865307549,-1.7009628638424,-1.3643549517229,-0.133305097542494,-1.24916972460471,-2.33210499929898,-0.494577419079659,4.6534176
7.40477344296364,3.61271704869456,1.56424232520344,1.90993957661828,1.43520077673681,1.75778235718267,0.269615754551619,1.6332461205338,0.42705679507577,24.618816
7.31653119530876,2.38640565936738,1.67004549553262,3.46560027785183,1.85221187538815,0.0258151156078424,1.13086064210575,-0.433095789456323,-0.29213764394184,19.808064
7.16607184903975,0.598900587181779,0.748527728220184,1.53202213162994,-0.748408911540147,-1.57503213513807,-1.28036373096795,-0.794053671195382,0.197751635126472,7.788096
6.98151595993363,-1.23467938485139,-0.612936148369691,-1.69534046279244,-1.94027999099503,0.203838028841719,0.0601150630483433,1.75842875384891,-0.103196105406936,4.228416
6.77003063411428,-2.63315246845071,-1.577876760971,-2.96268887189246,0.100386033959147,1.39389857777624,1.24646743961785,-2.19159089619593,0.0277375504383829,2.4770016
6.52488210975864,-3.26651375730679,-1.55975752086787,-1.22975402133186,1.84504502768596,-0.348474668717095,-1.18841540107827,2.0416115407125,0.0652494366839686,2.649024
6.27139668938087,-2.97164814064751,-0.51094990803656,1.5831045718824,0.570175662835495,-1.10654699439188,-0.117691949868207,-1.33873931972184,-0.151417987117468,3.126816
6.01037964227355,-1.87510760221604,0.929855868194528,2.6075953284967,-1.52199800551051,0.421495964576655,1.26232069392667,0.284386781441288,0.229675674795102,7.628256
5.75187369304923,-0.309750894676412,1.85759953588052,0.980544398597976,-1.08915963359117,0.826822165719535,-1.0348048453535,0.829945742689842,-0.297441912077846,8.29008
5.49236659501274,1.25959088535879,1.6356396618108,-1.4782945304163,1.01542402258571,-0.434143521034944,-0.29774713327918,-1.69575232800676,0.358102037020743,3.6289728
5.26109422907735,2.42681282243567,0.368748468677083,-2.23155261268586,1.42964830034724,-0.536526492243051,1.30275624669823,2.07102149799409,-0.42586359276074,9.9038592
5.03852085631197,2.83761568828536,-1.26695121508755,-0.769121913157294,-0.493899447262791,0.280578469283215,-0.989155707465503,-1.91552745365399,0.467649906866052,1.6825536
4.84111390007058,2.4119961375495,-2.25866271281997,1.25730963108216,-1.55903884278925,0.314533138426022,-0.300531680250153,1.30977517976858,-0.47149509189648,2.7608256
4.7010138726221,1.32516348999677,-1.91403796976036,1.83334595358717,-0.0811092010175144,-0.10199913120168,1.21798558392865,-0.487630144741902,0.38039957586296,4.252608
4.60589199449024,-0.156753645338143,-0.441932989203061,0.446296340098482,1.31138500058622,-0.327594788849772,-1.04038386250545,-0.44768981377919,-0.271087681615539,3.0059424
4.53754029614227,-1.681373115902,1.24160507165488,-1.38969889475296,0.42278777762252,-0.174089109265906,-0.093759443103539,1.25953825474787,0.126267637569459,1.598832
4.50730512544615,-2.83762538398259,2.13827996870535,-1.70639436019373,-0.995807085586317,0.387717899151406,1.11703347335046,-1.80855763430812,0.00805680472929645,1.1379744
4.48665192909304,-3.35381861209406,1.6658824902895,-0.27178105772881,-0.709925406034778,0.337555928144298,-1.18400548463185,1.93202134632969,-0.147167769891756,1.04328
4.48885746404617,-3.04631372025004,0.15209579971121,1.39514218379256,0.630104742380442,-0.474887770192505,0.251375537880467,-1.58376635507879,0.283246868398543,1.544832
4.51391046959974,-1.9512480253827,-1.4568370122187,1.55488342488129,0.807714216568136,-0.519346714831514,0.866775142315001,0.801570964188443,-0.435134650186246,1.7289504
4.57631775996849,-0.302473959767424,-2.15884686585468,0.0723164690185954,-0.296232715977515,0.575030093077272,-1.29261437675039,0.197120755600766,0.564284073507005,1.2865824
4.65978368807285,1.45174729457114,-1.58084178965621,-1.54586469400319,-0.881993918162375,0.574183916853054,0.563322521746141,-1.22775078266628,-0.70904705479935,0.92310624
4.74591246279522,2.81482598817245,-0.126306016498857,-1.62619531046838,-0.101281824658085,-0.751606588856649,0.702752275296705,2.0214646983316,0.858937644891997,8.725536
4.83790829464806,3.42815351750902,1.35096600977865,0.0122797422816149,0.832667169527652,-0.55906100394814,-1.35146951517243,-2.33747794752908,-0.997053584574663,3.9207456
4.93998793694375,3.13103368938348,2.00587774567634,1.73002658643445,0.464603965883935,0.920801418891952,0.743250261883483,2.02753132841557,1.09011214236509,19.3262112
5.01887176689136,1.95911556310198,1.44224245186303,1.66990972002408,-0.680765352751658,0.473322499527186,0.574204670783432,-1.1175263052082,-1.10746001310093,6.200064
5.11933607471075,0.30305573808049,0.119393282226908,-0.0696768969493311,-0.650700377010647,-0.962187548658894,-1.28172332372139,-0.134319549413558,1.05973845325814,3.621888
5.22840671815078,-1.40971714226261,-1.19514908966062,-1.7981806117571,0.381689163864297,-0.477390374709387,0.630091776038521,1.32093447631668,-0.992745923103333,1.4063328
5.33367301894524,-2.75515156870031,-1.79845375597492,-1.80577417159662,0.676228342420801,0.976991180765326,0.646801343681772,-2.1055949318957,0.913871087806025,1.4818464
5.42178648129044,-3.40106801165354,-1.40136255046765,-0.0144640262755338,-0.085529369627569,0.50473524435036,-1.17275809156323,2.29122517824187,-0.813582685202946,1.384992
5.49935332872756,-3.15737272026651,-0.228820863827699,1.9114940870748,-0.528924681962001,-0.958915912862725,0.476668961657947,-1.80636574706096,0.718258873552952,2.7953856
5.56879153000351,-2.06393760787775,1.07298231819259,2.06701103462681,-0.08999238609405,-0.516838999420471,0.678489043291722,0.807132754428954,-0.623170450417172,6.472224
5.63335228087212,-0.389295330309322,1.78511921256349,0.176024155214012,0.325622626597126,0.962959681580344,-1.08471284922288,0.409210432225076,0.527573030665848,10.425024
5.67268285885829,1.40886959428653,1.48863019197929,-2.0309465868465,0.141165269173745,0.533008771128547,0.359461635312998,-1.46932799570545,-0.410939463360884,4.9828608
5.70811766210893,2.89623936086298,0.403715488075803,-2.28900447025202,-0.0398530890306943,-0.908008674836088,0.773080734590839,2.10283378314154,0.290862108687173,11.24064
5.7144844058406,3.65159046700402,-0.883033006975525,-0.243312285703401,-0.0628583438878087,-0.592724892441941,-1.13285976875623,-2.14054484076235,-0.158378848403742,3.7319616
5.71703897797574,3.51461739982673,-1.59798477017288,2.23952470725142,-0.0923598946913279,0.986375441880778,0.401233743712518,1.64509082295388,0.0534346017524284,13.064976
5.72110377517397,2.51871081975764,-1.35076849523421,2.64238638739379,-0.100110092869559,0.636358744174639,0.694182881329241,-0.799208480762366,0.000193387848115347,10.257408
5.71288920594495,0.874966060892906,-0.360707404682007,0.328937538102533,0.0951976506362371,-1.13208362330253,-1.1308501880035,-0.164413208242396,0.00359730505314516,5.358528
5.69287832932132,-1.01210505832495,0.777668641522838,-2.50582552424121,0.321287806899213,-0.602967375002784,0.559511791889648,1.0451267995106,-0.0354378387065941,2.9649024
5.68504409506234,-2.63513326859055,1.45567711770286,-2.90759171532663,0.0724063905982192,1.33366214384465,0.518515074939679,-1.64666508666677,0.0844659473448684,2.2690368
5.68244664699732,-3.60166448047271,1.2842284380948,-0.337370363354017,-0.527325747687793,0.47219880602759,-1.19135449018583,1.81743864058009,-0.159563414574281,2.062368
5.69420106081957,-3.67208992882135,0.373276544641889,2.70463294831732,-0.383407223766683,-1.54253988711137,0.814491832563864,-1.5505896484089,0.237529130901454,3.4763904
5.70101475067772,-2.87340605730458,-0.793233164968682,3.05440071154054,0.53470495529849,-0.352665175287483,0.293631372101968,0.908494487492384,-0.321407473630091,5.880384
5.70319409461913,-1.41170480610433,-1.53899561258043,0.251127278489482,0.753947849572441,1.76416973295826,-1.1538301421128,-0.0415947733033657,0.412884526471114,5.839344
5.69287964516731,0.352167939745081,-1.41275972911298,-2.91116699917614,-0.358525663838481,0.193329039885659,1.0093608864489,-0.823774129891044,-0.493979767518622,0.9557568
5.68060555450758,2.02477586907027,-0.423979415369497,-3.13338542966353,-1.04646306235484,-1.93402191269186,0.0726434037969344,1.49291976609937,0.569142960229038,3.1313088
5.67592282495942,3.23197082179428,0.891491921686446,-0.0910097863199582,0.0338414817848918,0.00329013292616203,-1.15963139962879,-1.81925239996766,-0.644511819327601,6.1877952
5.65587907522404,3.64667014075855,1.6997557705784,3.06758397557435,1.1567507228339,2.00426286826384,1.16664875429769,1.68117198362217,0.687350851122938,25.251264
5.56750545977371,3.1064470289059,1.43230813725522,3.03976827249703,0.357904151489892,-0.204768011670975,0.0209516419562847,-1.03239603082677,-0.623687110263926,12.324096
5.45160606247413,1.85795761125014,0.378551163812028,0.0494010709268811,-0.890682075833177,-1.80615726499768,-1.06281828608101,0.160034497102506,0.52983168815322,5.843232
5.31805108721115,0.284607338930202,-0.749828892577697,-2.78705648302814,-0.589205106189468,0.404109070712228,0.954394099470716,0.680833033024755,-0.4094429811844,4.00032
5.16066320227628,-1.20695357413981,-1.28956572205062,-2.72327318963271,0.5635068587253,1.58979342112619,0.0883001586155116,-1.24091748482963,0.290871411767316,2.700864
4.98073896120849,-2.25257911663015,-0.968259565978568,0.0134684329242805,0.730501748650748,-0.494044407572179,-0.870083330833596,1.4287159207621,-0.15263604702838,2.744496
4.7876242113428,-2.61753089529448,-0.0396302231654599,2.61491437875107,-0.149437707450463,-1.31951402333978,0.68487722772246,-1.20657843043401,0.0225750481342663,3.393792
4.58837597415903,-2.26437163554735,0.878170149689755,2.54874106201358,-0.661929684026158,0.552328290442211,0.149928681738449,0.688546536101831,0.103379308090586,6.116256
4.393034763964,-1.34467510530007,1.20115087017874,0.0166761446358828,-0.193364565991235,1.07440259366894,-0.68336213864232,-0.0449185993331133,-0.215754874204365,3.59424
4.21636762676134,-0.145436289573312,0.739259409672584,-2.39273332860318,0.449457358795981,-0.554334362155456,0.410010991792671,-0.539297581116457,0.300935407513844,0.3774816
4.07261338063855,0.980609498640168,-0.217452044654378,-2.38385972844484,0.383827056726455,-0.895068741027489,0.195909729167945,0.862027951259067,-0.391584755791894,1.88532576
3.95215859887448,1.68286097233357,-1.11783640598735,-0.1792367714036,-0.251983641779144,0.424406339030477,-0.49752634875271,-0.900943517026372,0.452847605896102,1.5983136
3.86713582388758,1.7839821759163,-1.39625313619174,1.99212454253724,-0.507179365579244,0.739004977093932,0.223519206671263,0.672475198002954,-0.500454855952763,4.2760224
3.83320681504646,1.29299791993933,-0.859880470023787,2.10443952722662,-0.0628104957496763,-0.337107213648805,0.156933149149429,-0.358145999594567,0.472900379601209,4.965408
3.8238553504476,0.326203439666335,0.108377531300387,0.132597152388105,0.337738062737664,-0.776016952074356,-0.337991577430296,0.00810790490624828,-0.420937864057268,2.4830496
3.83584799711209,-0.820112591503985,0.921957073924359,-1.88549262870426,0.26282001766111,0.236761327091561,0.207593175503943,0.278396048718905,0.343457368328387,1.460592
3.8768877264273,-1.77135576539683,1.13161306369931,-1.961915181369,-0.100703652962263,0.823591801439987,0.0197718894098321,-0.47952963394379,-0.281747899394618,1.146528
3.92892552095211,-2.24504830622759,0.616135503610206,-0.176671756302161,-0.425451415057547,-0.238515212956162,-0.223611192386783,0.529537777912115,0.218598102179761,1.2567744
3.98893202336184,-2.07402781482671,-0.280746417052863,1.63330067388559,-0.231077742964221,-0.896655474151118,0.288648366564142,-0.436054619208745,-0.16312037509944,1.9579968
4.05287878958938,-1.27850653971881,-0.987454522757923,1.75177606285443,0.416050654393963,0.251547021238755,-0.170298472753907,0.232594581041963,0.111658560476256,3.988224
4.11575347153571,-0.0704642012890949,-1.06605750250418,0.199574347099976,0.561013906190487,0.962971655985613,-0.11470236079966,0.00104675404505871,-0.0755869815423001,6.310224
4.15060229672783,1.18111826600662,-0.499596375068688,-1.44149269492276,-0.269324095441428,-0.306471673098525,0.37596750332721,-0.185612431194888,0.0684941748845141,4.6149696
4.15297523429005,2.13478333667262,0.399747846545819,-1.54047868753802,-0.767684225562617,-0.940907972391624,-0.268055808128834,0.343840210397092,-0.0383174009334002,4.1478048
4.14065519366125,2.56953745176042,1.16320528762165,-0.036422903947905,0.111425249254987,0.455468544519303,-0.0958216203425568,-0.418034426492433,0.00238273391701275,9.542448
4.09266409950869,2.34558219410315,1.30968399088329,1.4320327479565,0.929696998911624,0.886474163519876,0.369443925272356,0.398678232297431,0.0538248501070914,14.328576
4.00286375705446,1.52888641719495,0.735430730369092,1.4015840878454,0.219270231971486,-0.505147507089994,-0.192972870973259,-0.209488775802891,-0.0690586987767314,7.46064
3.89457460617956,0.396682567510629,-0.187257805181824,0.0753884875766654,-0.855615199320364,-0.705323739373748,-0.134331522891354,-0.0526628690190372,0.0781255220246531,3.1910976
3.77636825630406,-0.725007265584337,-0.930905934351239,-1.15141731854061,-0.509589494721536,0.538679090720441,0.238083428653877,0.307229613348495,-0.0777788785246688,1.9237824
3.64487216202138,-1.55849522722574,-1.12211352237824,-1.17025113077112,0.679043567265253,0.526193993417137,-0.0469701610065156,-0.461982265759155,0.0788350910704884,1.3483584
3.5025887326276,-1.9158735618843,-0.69736570969582,-0.116094256177372,0.767169983315146,-0.504364079647232,-0.128857772510895,0.484174327410927,-0.067812924216833,1.4377824
3.35372032299078,-1.74433142436627,0.0805874415431341,0.918380317309725,-0.385339076467169,-0.338754869206726,0.0842873250850835,-0.350989059673898,0.0563194236169904,1.8121536
3.20648907406163,-1.1289503557044,0.78154047759467,1.01006594878064,-0.901469037991572,0.446484308814994,0.0949391777092945,0.102844556678669,-0.0431961472506724,3.0849984
3.06361207221353,-0.276469971886213,1.02538490049336,0.192030564647974,0.0340606170942012,0.161113463888844,-0.149594759376913,0.177294189858239,0.0228006399795307,4.307472
2.92599600139419,0.554885420284383,0.69146473487125,-0.703204153025713,0.894564550412864,-0.361804770762254,-0.0393742000493784,-0.408198875951046,0.000190977353342414,2.7258336
2.79792955405709,1.13870529366059,-0.0162824661763869,-0.885395411616017,0.302245492588451,-0.0185234735637529,0.243595025581461,0.508243501067115,-0.0337833896915055,4.2296256
2.67475407083342,1.3270092708497,-0.708225865252224,-0.306560646436859,-0.788182720953004,0.223153928020164,-0.188443477952218,-0.453346362491437,0.071435767193383,0.5262624
2.57213451562769,1.12647997838114,-0.982395464404504,0.468094759201904,-0.58513697600558,-0.0746841682801491,-0.12365252270284,0.259047472353842,-0.116009885772005,1.2887424
2.49721542670297,0.63461742300068,-0.712136776501589,0.74927495105122,0.532224653806282,-0.118915515807929,0.309007682607524,-0.0344295256174692,0.125670541719617,3.1638816
2.43610784470038,-0.0191843277667593,-0.127753292685833,0.297720175563221,0.6842531849746,0.0541554914171387,-0.201880768925073,-0.187509632864882,-0.122632181463675,2.5485408
2.3849708133452,-0.659113754484028,0.410496293758001,-0.416770744716442,-0.281903991344939,-0.000421483164333516,-0.118439683601072,0.343320324218432,0.0978696504995036,1.3427424
2.33735400434905,-1.12153225402329,0.622653215278438,-0.709009659328464,-0.711423741542905,-0.0218123073741713,0.327919282019584,-0.410264570831697,-0.0604798699644334,0.8344512
2.2854124622799,-1.2907668546004,0.463030386183,-0.321773700849193,0.0401353421261253,0.110271859625392,-0.207448153955418,0.38716748362616,0.0192755281824283,1.1235456
2.23634453204219,-1.10224136453144,0.135996809410838,0.385503018000095,0.692334961814736,-0.00474343291565952,-0.100367078009344,-0.270917877421858,0.031884804465119,1.7052768
2.19631759958936,-0.591314576102376,-0.111120746208822,0.733184978672803,0.183688114713559,-0.218315090467684,0.281115321861999,0.077029506661145,-0.101393216664149,2.2462272
2.15844674190432,0.0927054499035713,-0.183602699977334,0.347781467162834,-0.631120620017478,0.0296813865875837,-0.200873603027701,0.135877435010698,0.179756684108367,1.8144864
2.12542877804053,0.761341815016125,-0.134474755743373,-0.402353363216518,-0.381766544698317,0.326749525650195,-0.0347652339031444,-0.3106754244396,-0.263757857770024,1.8454176
2.08791537223387,1.21383467419889,-0.109320084814291,-0.781352969103965,0.494745857383412,-0.0955504554033621,0.200759015626052,0.397749237511922,0.348545606439445,3.7442304
2.05656929941605,1.34223357994399,-0.151067722022622,-0.353997965979694,0.572103596904945,-0.385032563555448,-0.143479910054035,-0.351280623581921,-0.414551855228484,0.820368
2.04425358122898,1.1271832339607,-0.195281024720766,0.482359049788732,-0.292648210327917,0.172661122838791,-0.0545457126074569,0.158153196817025,0.433888988581916,3.7474272
2.04393363833617,0.603312422757844,-0.170097990297843,0.817331429646801,-0.748153237112263,0.372199817632864,0.117380014006226,0.0980190262279869,-0.417215614082983,1.1280384
2.06817386399618,-0.0918374129865329,-0.00637720468144616,0.268932052084751,0.00816853081486965,-0.258828359655617,-0.00367442292105781,-0.340642508740994,0.348052564818638,1.1202624
2.11446256177778,-0.804385315394037,0.222644554804616,-0.647673953003443,0.756345800011428,-0.411832241792422,-0.164813397821378,0.433264707138486,-0.263944268123247,0.5870016
2.1704623177893,-1.39015007725862,0.339577714933181,-0.994467963769144,0.223078601996464,0.297588804321004,0.0964123823101473,-0.352501130333281,0.153840186719242,0.552528
2.23075972155596,-1.71083260587812,0.225075479081163,-0.327130574608197,-0.70270396623842,0.435912466340305,0.175739443413866,0.11491967527821,-0.0282367624873345,0.3812832
2.28952257405897,-1.66995382869121,-0.0871637625767736,0.765882273998358,-0.441563030895236,-0.347543068213414,-0.311727059433234,0.204505943377177,-0.102277706779433,0.16810848
2.35454411974044,-1.22274383961022,-0.392557288741695,1.19367565126491,0.602980188656406,-0.434100405356409,0.0848123516209944,-0.487848885860564,0.231270299852745,1.51308
2.42161049920166,-0.441483747450633,-0.489637596492746,0.404395436563369,0.613529710657953,0.37656854575082,0.295862183179388,0.604617218327814,-0.365416858685174,4.524768
2.47530851936902,0.495519945801691,-0.303159137041743,-0.929329577667482,-0.46957580726438,0.418226043081182,-0.410967568958104,-0.482533931878305,0.508752471812789,1.19390976
2.52620385174965,1.40038840596103,0.127122026462116,-1.3938029876946,-0.700825194313385,-0.34779945066642,0.131736468175863,0.172470808785456,-0.634120345482643,1.2617856
2.57793609252309,2.05930263178978,0.577238500537837,-0.390780032300734,0.321646517852167,-0.420169932679602,0.292999177148755,0.213445987240406,0.720022363052031,7.01843616
2.61042378952627,2.25983636419227,0.731367551702838,1.10517309410303,0.735582178650641,0.302292680318808,-0.469127604143124,-0.538028077042116,-0.745203477427447,6.295104
2.63676119464278,1.93938359219139,0.483970709866192,1.5903543917807,-0.110415976573247,0.512777279519248,0.271774945524547,0.727755524298212,0.726943756755903,9.38304
2.6499424752581,1.13353167537081,-0.0662580717096277,0.466078403239313,-0.711145988270758,-0.281989379633796,0.158558243948244,-0.719747603607161,-0.661137207451557,2.4426144
2.65773258345581,0.0236454965542525,-0.604452628672392,-1.20292759923863,-0.0370009097743278,-0.579613457351514,-0.448009155471415,0.534553992355961,0.570217948337898,0.6334848
2.66461182445255,-1.12900403171686,-0.808782372559164,-1.72487084152836,0.669399312524998,0.293357128030456,0.35898112172687,-0.223068589049667,-0.465564067384498,0.5075136
2.66145986327623,-2.05968380263974,-0.559843361622292,-0.516104626805266,0.147714988322964,0.640838183092966,0.027855577994736,-0.134798655311779,0.361072541580834,0.5966784
2.65247168414733,-2.51870193292521,0.0358773610877556,1.30340482817398,-0.584671709507066,-0.28810000797744,-0.357391002182647,0.477874518706603,-0.248039956399788,0.815616
2.64291910569882,-2.35390871857269,0.671411179548776,1.92359216083755,-0.199791660660774,-0.691470086221323,0.385270434791742,-0.720776391256324,0.137478695722645,1.035072
2.64285567304663,-1.55914644556368,0.993983523623347,0.638110382132487,0.530890382594527,0.309998871743636,-0.108165329059579,0.801933009135628,-0.0372958665286584,3.8850624
2.65431940162556,-0.310872529771877,0.774728151000014,-1.39308291196027,0.212467754860852,0.721896307268128,-0.276137465596182,-0.717099271134975,-0.0635323777095208,0.7954848
2.67977334454495,1.08056488545615,0.0739783417665048,-2.16643069672506,-0.533927177176351,-0.36447704430111,0.440693017770746,0.471691847134794,0.155806025995704,0.50494752
2.73416735647132,2.26096488576041,-0.746595177186518,-0.80036081861,-0.256683732746505,-0.766690889444853,-0.249981141084337,-0.136640423645427,-0.260273546293719,0.26637984
2.81504372133494,2.87616532399392,-1.26266522533899,1.41510966895184,0.48591164285459,0.359105987604291,-0.239003508125399,-0.271488426153972,0.338567505443883,5.52459744
2.92202969322925,2.7023077935624,-1.17906201048923,2.25851774058249,0.24682526435134,0.770084340292055,0.558657489312065,0.643859001077989,-0.410453661298359,6.52752
3.06165442418349,1.72757552629112,-0.49160689805477,0.811288857608725,-0.529866797113972,-0.411087287986176,-0.405223380035453,-0.933815429538136,0.439383028670876,2.59416
3.21912602834286,0.130535103299658,0.43903627906978,-1.59479671328282,-0.374477742349116,-0.867915247485749,-0.231779984870598,1.01104349666595,-0.460568154012898,1.097712
3.38075347645326,-1.7058198156881,1.12462348126338,-2.53589401515524,0.520607323274682,0.467202435463674,0.769125323101007,-0.827217610533523,0.477864617080858,0.6364224
3.56330239801965,-3.24038323064747,1.25541456426989,-0.8820730528038,0.564279902846332,0.994298093956518,-0.581627686053851,0.401317914757914,-0.500617123924491,0.5616
3.76430682742085,-4.00497061804194,0.752140646902108,1.79456462197739,-0.499130731593791,-0.62177669925526,-0.329213696947654,0.132966199680445,0.500468882345478,0.520128
3.98415411607455,-3.7230373148458,-0.166803210061455,2.7250657550346,-0.83894623403087,-1.1507821922926,1.04009845373295,-0.672057971263516,-0.50215512485725,0.963792
4.19827416102907,-2.43385370038317,-1.10370570467805,0.779112466706445,0.292374714664568,0.762241604277333,-0.764654616064546,1.05335045023762,0.491937299190116,3.7301472
4.40666100850401,-0.416311798477305,-1.55579625920263,-2.10844571298667,1.09953932849171,1.32202469501521,-0.326009997250801,-1.13888016325738,-0.450029708768671,1.0150272
4.60321261300041,1.83024588666953,-1.22373065037515,-2.89828837588686,0.0481597306513561,-0.95529036485094,1.2075325861263,0.885945838857783,0.370884600883902,5.8746816
4.77194783560433,3.70767706070507,-0.202984766015535,-0.634328673239546,-1.24192050590579,-1.44727826231265,-0.925127635317623,-0.320492540766133,-0.222533432052746,2.8458432
4.93797043858917,4.74421531384613,1.09126262469321,2.50509264140371,-0.396852142815705,1.28010217734909,-0.280890181855307,-0.375582948343305,0.0177663490644722,16.0343712
5.05605293557966,4.55610680176999,1.90155989009835,3.11938515450845,1.19268302126498,1.42783491248639,1.19316161180131,0.953752725520632,0.222902258325265,24.985152
5.07745078051581,3.09746926499557,1.71296451109343,0.417664577299111,0.846133265092787,-1.51337973017387,-0.773770803987852,-1.07984406237676,-0.368292837353552,9.059904
5.06125563939267,0.870896341963545,0.771891056738881,-2.59242754403946,-0.655102857066578,-1.03422574877899,-0.224672829839182,0.852095700474494,0.504645878967977,4.214592
5.02549462912265,-1.46289183666225,-0.383786213303614,-2.70268217711259,-1.01539488609272,1.71969587490736,0.739276269556605,-0.385128755144552,-0.627200358531375,2.3581152
4.96619809905401,-3.27740214383989,-1.24233067539762,0.0605438108699936,0.0594535095802797,0.595154850455044,-0.435639895400103,-0.12335401258805,0.751453054807138,1.9506528
4.88670330502569,-4.10537336287222,-1.48401560449299,2.65141951654515,0.953521587143884,-1.80014342202284,-0.0820569368106548,0.520730796771649,-0.856761580020435,2.5231392
4.77858090013671,-3.77963858001662,-1.09366008320059,2.3167410695582,0.514289786265343,-0.11704784386962,0.249478273632319,-0.659198724009504,0.964765942252047,3.4617888
4.65726230181607,-2.41372120891499,-0.250205139794584,-0.430405481188599,-0.556592771726324,1.86562853150323,-0.0314653149975713,0.555937406386572,-1.04188337945795,3.0070656
4.52637614536906,-0.417141258873844,0.692897355324868,-2.56861298494399,-0.887118795156895,-0.362477849942618,-0.0675103388167921,-0.281023730739485,1.08311975548662,1.7784576
4.39500002851765,1.64504132505453,1.3602189857006,-1.84958127193365,0.00593758492875083,-1.81465677842148,-0.168824574248105,-0.0225230411826381,-1.06716382263742,0.77307264
4.28602022639238,3.20805901274705,1.47127341621574,0.821299127854226,0.994840306698197,0.816413955501857,0.337579819943981,0.187382911921558,0.949366061454299,15.73221312
4.1328175781169,3.72747853309991,0.805035539416481,2.33383987470036,0.461048375678645,1.53519318328753,-0.115945210198789,-0.182021257121071,-0.732089835276752,13.596768
3.95333679332093,3.12020309586228,-0.295384531071762,1.24964420098116,-0.725579910419504,-1.02541225673658,-0.212617387048165,0.170740468506122,0.514023477851905,5.224608
3.78973787367313,1.6889188703179,-1.18906371751406,-0.929179270835564,-0.714414741047365,-1.12911149590706,0.364533549963422,-0.226859923367427,-0.325857748523297,2.0638368
3.62298835747737,-0.135461532196053,-1.4720204982929,-1.86824875976648,0.263159436053068,1.04322055903168,-0.280408435572113,0.326101866623573,0.162061722432054,0.9040896
3.46227845194468,-1.80103446084137,-1.02190989311687,-0.758282118861451,0.775427697465045,0.754469185952353,0.0176919921600333,-0.413328396896516,-0.0253797903352926,1.3082688
3.30108155193439,-2.85296833097476,-0.102420793423116,0.952267544847465,0.185814795344852,-1.00538787679033,0.265900603243853,0.4055806304247,-0.0919933908191932,1.246752
3.13342351644647,-3.03320006228554,0.817798011901946,1.37621994617523,-0.633264931069683,-0.399888940629451,-0.38595720444898,-0.239004160427295,0.201807241611467,0.6382368
2.97462223877367,-2.31127920376249,1.33894593570859,0.293026092135307,-0.521084540335554,0.935660917981782,0.260960233925404,-0.0689528977953948,-0.297923397739867,1.2984192
2.83431106768709,-0.933524871848611,1.23780067061364,-0.898011123428849,0.322943365414675,0.0453261336751699,0.0553113649323124,0.421337265523635,0.356726093666857,3.2871744
2.70395142379619,0.633986371008541,0.528185133899326,-0.928282691819266,0.656342700459286,-0.851695124322357,-0.447016628561022,-0.744641962872166,-0.398977880459965,0.7289568
2.57547805078481,1.88569320416699,-0.489236114000387,0.0317610775192549,0.01962300585556,0.263101765960493,0.569553742170944,0.925774198289977,0.423170539737368,7.0141248
2.44286510459664,2.44899397510975,-1.32162500367783,0.775443867304101,-0.625463862311148,0.721274115797786,-0.156361177422714,-0.859191186580914,-0.415815245409465,1.1208672
2.34002059886937,2.24348134463268,-1.46611248074761,0.567796642534786,-0.278001085275819,-0.478505607025671,-0.507869083234399,0.533128109937618,0.381640030939403,1.1428128
2.28426748406784,1.38908435257806,-0.822658738502437,-0.256383864212792,0.423046897895289,-0.624591430605029,0.715449975959235,-0.082780417957165,-0.386027371104378,0.5636304
2.26472109955695,0.126209106021721,0.198879367272545,-0.808014868079524,0.302510498962655,0.529548688454786,-0.318026022327333,-0.459473524752927,0.380723622649967,1.4970528
2.26684087627311,-1.21072841240051,0.982681638604384,-0.543619016979476,-0.322026170823503,0.437875996027659,-0.432297676220806,0.927752558128054,-0.397757545719726,0.6365088
2.28475029832506,-2.25476724586923,1.1096406029257,0.241994125923518,-0.321091120301167,-0.575096015237882,0.851875992250426,-1.21048354905393,0.423646072640516,0.4370976
2.31207211448991,-2.71352195295523,0.577570442395455,0.741818963370394,0.218406028607887,-0.270900507553474,-0.518566865452917,1.20186608288063,-0.468704035419761,0.3134592
2.34892538409015,-2.44049608875745,-0.222718494015005,0.478807136129601,0.300549947110646,0.577338576947597,-0.347672805228636,-0.883385078003368,0.524156881582178,0.2934144
2.39234679007344,-1.49356233521467,-0.789822375660293,-0.253483779091736,-0.164499281026608,0.088695828113544,0.959208553888929,0.297063096900861,-0.59646839163012,0.2080512
2.43484140389292,-0.1256605276099,-0.823234417685433,-0.717086863089257,-0.293490361871476,-0.561577829906008,-0.714042485945783,0.418154895113843,0.675649152877474,0.997272
2.47043120705046,1.29546353273191,-0.366007718247305,-0.452560739686047,0.136351186313607,0.0947675527380272,-0.22529069098536,-1.07115883328887,-0.746333308068296,1.3585536
2.49285099489913,2.38601101354559,0.253867606672102,0.2689399589499,0.30819689176066,0.520851548547261,1.03695860233618,1.49005525407089,0.806701035010189,11.4668352
2.49222005020258,2.85427882547719,0.655425291901737,0.739972935220294,-0.0746369768404658,-0.226255595355229,-0.882543997753504,-1.50445265216098,-0.812784214260461,2.0087136
2.49941445017826,2.63305256990697,0.692059822081665,0.56441515222013,-0.229512132001484,-0.3711382657095,-0.105859677246105,1.10593285789229,0.76301512946172,9.058176
2.49015148133721,1.7469589359743,0.343017479573988,-0.17923211741533,-0.0040741329309025,0.258288870992083,0.966634478533292,-0.416335746004777,-0.664559592437012,4.625856
2.47049277670685,0.431429057725094,-0.149093155039651,-0.787758667170276,0.178786622834415,0.272581684665505,-0.841950608095616,-0.335445097760499,0.549504911737369,2.5683264
2.44265879290091,-0.969377651862283,-0.478716820040096,-0.631867396403987,0.0787896499570511,-0.23785919725662,-0.0854426304253456,0.952476772041792,-0.418627525560375,0.6498144
2.40789123980509,-2.09493922367266,-0.470272421417734,0.183219110726969,-0.0893612074883136,-0.172489528873755,0.882252088573236,-1.27068500820409,0.286980246316153,0.4675104
2.36545718210161,-2.66013991121261,-0.169451886362114,0.875675709912364,-0.0909583155058711,0.21383529373709,-0.766827212474957,1.23841805808816,-0.150408469004165,0.4066848
2.32353743069839,-2.51520611470998,0.215936331077386,0.745120203578761,0.0227350107371612,0.104098841319533,-0.0808991622919947,-0.884003422430056,0.0180124759631271,0.6051456
2.27738112841431,-1.714919686667,0.421563811366606,-0.152274170489129,0.0611651626306555,-0.183104809343092,0.780287825102344,0.322649945701715,0.106250118730838,1.4332896
2.23363447543392,-0.46773947110776,0.334369925260948,-0.951206920498593,0.0443315342137915,-0.0260849333090736,-0.648238251964261,0.292723958012492,-0.211858693009471,0.780624
2.19528874138988,0.899697207400688,0.034990421253576,-0.830045914607773,0.00570526607867028,0.138145585763031,-0.113170107675514,-0.797791730863389,0.294027518765867,0.3292272
2.17873836433351,2.04446986109118,-0.250569515012563,0.154058833761481,-0.071030404564894,-0.0393270212770216,0.683475477929004,1.05305462110694,-0.362957723354031,4.6342368
2.18345180408605,2.645935153993,-0.362913757638991,0.997353604172698,-0.149081602464668,-0.14146258994578,-0.571488863032916,-1.04794794676275,0.385538293265078,2.8480032
2.20592777491157,2.51225595000068,-0.281141611080009,0.78896092720937,-0.029341049521396,0.0533931606825447,-0.0920431617717787,0.781747766949136,-0.378879735298602,4.6796832
2.25129391441029,1.65836287616026,-0.0906152424984549,-0.286192181216932,0.223882914754009,0.116010612895015,0.607650066748,-0.357529955900617,0.325435728487702,3.084912
2.31688845972047,0.281935013838673,0.0571005283238474,-1.14083867440252,0.12192676620166,-0.122619261911777,-0.543136735289522,-0.150839153445035,-0.260705949184205,0.6986304
2.38765842044212,-1.28488143277878,0.0511310512704913,-0.884741500713218,-0.315437001103426,-0.13013946213294,-0.037696734120744,0.600318698132036,0.17885595738575,0.2858112
2.45790008182648,-2.6176907751363,-0.0574680634527948,0.300142888837204,-0.276773083709903,0.198802117484781,0.5760098388332,-0.877037879075763,-0.0843665960337136,0.23131008
2.52519953496906,-3.31535389489502,-0.106650790447695,1.27567490778192,0.362254608720439,0.147262710598979,-0.539589025604989,0.933104879114038,-0.00432765834214295,0.27124416
2.60372381502165,-3.10491993287187,0.0447658202324042,1.0499947962714,0.512584502566266,-0.257074996776883,-0.0108002861645517,-0.764788996014585,0.0764591696575242,0.19289664
2.68878377600933,-1.99076120879298,0.316740924587539,-0.27981583445303,-0.339567344060992,-0.191084438820913,0.490150785990179,0.396220703687517,-0.142277739880159,0.463104
2.77694482465891,-0.24202844575147,0.476096841647853,-1.46977716358136,-0.798552196972018,0.311364884397452,-0.465892650460786,0.0738179002424567,0.193230613969351,1.34925696
2.86301522571563,1.6732781862435,0.315114166959484,-1.27774736004126,0.172041910839068,0.220508306278322,0.0187240326576748,-0.523337023355378,-0.224568507412586,2.9300832
2.94643211102551,3.22261998812681,-0.158372584962429,0.252588341391076,1.06328457826268,-0.372201267981076,0.394051070436902,0.838698372595235,0.234856068359343,9.7760736
3.01419115862288,3.94009676574711,-0.69558396459,1.67520138710397,0.142584173862699,-0.230764926058022,-0.386951623480428,-0.923328504115754,-0.207164677678371,5.7172608
3.08635853259888,3.62756916789831,-0.868764929157636,1.57448162963132,-1.16187628478894,0.514727735223379,0.0829885563693457,0.789969528279452,0.161700328673927,7.3465056
3.17193086923538,2.34152749273195,-0.455939721887926,-0.111407435605167,-0.545480580927154,0.192454969133761,0.173381353710746,-0.509027610731563,-0.124081800235255,3.539808
3.26538272882375,0.371853162041756,0.348883010895892,-1.89010444477339,1.07465568520189,-0.70672331151793,-0.260684829797976,0.134044963817807,0.0868324881309165,2.1162816
3.37042455941739,-1.78671800743234,1.0630027248205,-1.97051851639011,0.939152955294785,-0.116553527385634,0.20635794667495,0.247766301979511,-0.0611780710715275,0.8464608
3.48901052499941,-3.57500729014299,1.18378532629589,-0.0869834863542099,-0.875479640511258,0.860108611514705,-0.0987700652113151,-0.585777069905009,0.0304801160977708,0.5476032
3.61061675597284,-4.52862083674508,0.509932869578174,2.03263445286308,-1.34032525352087,-0.0419660509816098,-0.111403019230494,0.799638901062955,-0.00765815913817519,0.5475168
3.73353557334947,-4.36575160241072,-0.636551314200784,2.27934224720153,0.515503399169179,-0.987646594180741,0.36144877304958,-0.842963819144754,-0.00439518385378329,0.40926816
3.85534122530397,-3.07910599629014,-1.56920731846367,0.255199733483887,1.64558531457581,0.234338278696891,-0.403243204274037,0.704004751953509,0.00353891819215292,1.3821408
3.97575701530754,-0.94869487119733,-1.6430433159889,-2.17441000356201,-0.0179304488040613,1.08172369596182,0.0486116508575483,-0.409885425739532,0.0103719160740289,0.58174848
4.08926422206755,1.50712892900522,-0.690680080975943,-2.59427247760096,-1.80602398026208,-0.460004263609793,0.49946408642546,0.0221136304155344,-0.03427431411431,0.48112704
4.19776658596443,3.67332096100172,0.83401967105,-0.421112540996394,-0.561547579893262,-1.12162360801655,-0.692287233318745,0.386804419699956,0.072076428199702,7.0146432
4.29333131727244,4.96502886808741,2.03759639408,2.31659553842674,1.76254947171628,0.687234129232251,0.185418217187472,-0.740799325954022,-0.129374035129267,18.1363536
4.33149464615982,4.95904146741323,2.08529792875909,2.84421623416183,1.14053020852406,1.10426776306487,0.660932246583961,0.984716558938187,0.234067553974707,22.34736
4.30365949962618,3.65406228956234,0.905828638431616,0.628617492576002,-1.35993439461496,-0.739518407428223,-0.810921831285471,-0.90903029527533,-0.275142696138351,5.424192
4.26029065392868,1.50412886046661,-0.709421043631086,-2.04582985530904,-1.37348153810736,-0.875323425560062,0.173816056108195,0.581627370365144,0.291861207134011,3.0436992
4.20046315730301,-0.903873823992069,-1.81865197503591,-2.65288867288697,0.912598393085392,0.728960171830196,0.588675024300871,-0.106774103692725,-0.286115303544819,0.970704
4.12774703480197,-2.94632212431343,-1.81414993449941,-0.744328295255953,1.47699880100381,0.681889368069163,-0.716506386141368,-0.355621901033516,0.277456971531895,0.8179488
4.0427140329705,-4.12965266982852,-0.759189517376863,1.76016029041605,-0.468906237499397,-0.659257292030357,0.15505114820616,0.686361326851212,-0.260887127356839,1.0844928
3.9403534775799,-4.20969003797654,0.679449464566886,2.50370098295978,-1.43015437247136,-0.497425312213042,0.515132214767935,-0.781708459025408,0.258458836037269,1.5216768
3.83237294383818,-3.20388560529218,1.68382054879409,0.941564900867372,0.154958805245266,0.614059913383992,-0.588655313597096,0.663780100381058,-0.250111943136257,3.0415392
3.73526165114334,-1.39741382762785,1.72377004837608,-1.34522851409868,1.34756366128197,0.358517438399388,0.0602625694982713,-0.391528863969418,0.233332946983283,3.4507296
3.65941455990999,0.712431719104971,0.803812715079324,-2.29147827412173,0.0679634272658977,-0.57236106085748,0.429863513104988,0.0322666447526023,-0.228504273031657,1.1967264
3.61022419209675,2.55026969503283,-0.559532211791319,-1.1993647321299,-1.29513174088942,-0.283814447807866,-0.426389724000604,0.280585623118711,0.213538302713033,0.6114528
3.60816905457922,3.64047505774579,-1.60858527393628,0.828857052965864,-0.300822959191044,0.475652226610343,-0.0317473347747301,-0.503969284155299,-0.226267392643467,3.4193664
3.65064724893878,3.67029501492488,-1.83456275156485,1.92558572296957,1.10139631065499,0.111432962137745,0.289639094665247,0.504868900244408,0.20262320174557,8.0803008
3.73035250285928,2.60316739798101,-1.19460245712715,1.18906823992141,0.349126744872529,-0.448904414244847,-0.175233296648024,-0.343929857250846,-0.179139480056978,3.426624
3.84513177087541,0.714284199577865,-0.0685210803895925,-0.585111157391928,-1.04375303067367,-0.0244810715666353,-0.122723458024789,0.0428559027996912,0.112394564345063,2.2234176
3.97959943719176,-1.50071192417283,0.945841082396859,-1.77606738897782,-0.471319759580101,0.322683911157996,0.13349508653239,0.246210073519812,-0.0313412890897938,0.9932544
4.12744815426245,-3.4179064577325,1.39455837700937,-1.35175741286275,0.988048311256033,-0.0543131044058505,0.132235511008745,-0.419104452811819,-0.0703853938830049,0.6213888
4.29432870847137,-4.45258798374295,1.17075660733353,0.2731798392367,0.601419444526056,-0.187363402852463,-0.26463072866607,0.394940647457087,0.176592968411523,0.6057504
4.48258333174223,-4.26130336980911,0.465257365009733,1.6064625756082,-0.983584512369449,0.0535310372850606,-0.0617023020725486,-0.212952991911633,-0.310568142511533,0.4917024
4.68066720893236,-2.86970874799805,-0.396894315814359,1.41278106660427,-0.848434825765661,-0.0139868707079648,0.455215081539147,-0.0937549034218754,0.441534736972518,3.1536864
4.86524793400022,-0.663019363588417,-1.08682061749809,-0.130131189073854,0.880513481759115,-0.0411839063160395,-0.372714452058341,0.409429455464789,-0.564274919567681,5.4297216
5.01743924944178,1.76013930047661,-1.32104411200462,-1.52676687856899,1.15228842049788,0.258226157688636,-0.183930409628303,-0.563331190568295,0.710988784568525,5.5937088
5.15593654463412,3.80228580537263,-0.904400722336501,-1.34325709942845,-0.558939226792991,0.0843328000649336,0.755854909201807,0.533036940289215,-0.83737811888328,7.2820512
5.28570608649862,4.93445618971038,0.0366048842960745,0.222559421525583,-1.35406471327587,-0.499378289620809,-0.647675063538189,-0.320031522047978,0.932076046080647,9.11088
5.40199541741878,4.83048085411655,1.06058445974105,1.54195599582338,0.162126773180161,-0.0664792102747516,-0.223718401232305,-0.00529450062070505,-0.974050569531927,12.43728
5.50186171536842,3.47563116313374,1.62874098953581,1.26449100101641,1.45156044400152,0.758477542604041,1.0837062980211,0.351931300358937,0.959744514470989,18.997632
5.55681972065486,1.15707293317016,1.36742289640707,-0.313331033480269,0.289375797723401,0.00157028348337797,-0.927177244073606,-0.571198635987937,-0.843309384081023,6.172416
5.60109299095206,-1.46807312501652,0.44478805190169,-1.41724404836316,-1.25233888408413,-0.854661659571146,-0.151887348139259,0.670219594543388,0.673954863273274,2.1374496
5.63961042227777,-3.69465773518206,-0.687974702208169,-0.93387809858928,-0.661042762377504,0.0823756155660256,1.15147348325983,-0.65792217421323,-0.478728336865161,1.3725504
5.65509142704874,-4.95673190464275,-1.51546229093766,0.459713086552642,0.915442050900255,0.920106637504729,-1.0923720829635,0.554148046189246,0.289171656686458,1.2489984
5.66208649510082,-4.88990654357814,-1.59127174134805,1.26804121286568,0.96491739248338,-0.108570553950578,0.0353615631558228,-0.32759875468259,-0.0936839301749707,1.3203648
5.66533640906942,-3.4955359429572,-0.844912961674756,0.704193263638609,-0.475306279807267,-0.987442751283892,1.06681153330326,-0.00791531762511482,-0.100780717253195,1.4352768
5.66533523836953,-1.14392679100811,0.36109995323085,-0.551943503653719,-1.1008970737185,0.14563172325843,-1.2128441071157,0.40145467426581,0.286634097622875,2.928096
5.6654153273698,1.53118378398209,1.41100834990376,-1.14496027092811,-0.00968905291506207,1.0556642938105,0.243754452854102,-0.777900969187108,-0.462751966881062,8.2137888
5.64488015789745,3.76773051619324,1.71053095687304,-0.538063330669282,1.00225166894644,-0.242983640055624,0.948471736388275,1.02700332979318,0.61889072112097,16.382304
5.58655635089017,4.94310961837719,1.08611356937301,0.582252933881039,0.479949839560555,-1.06729634696743,-1.21344559339198,-1.0011639519754,-0.701582139525712,9.019296
5.50909617720979,4.79737480166384,-0.0572015300531332,1.13719506299362,-0.599597795067306,0.463971842500026,0.421015467638496,0.719255967661268,0.737923132273787,15.151104
5.4012519315391,3.39694074689042,-1.09206269290253,0.587666733131973,-0.742181260317231,1.05883887261734,0.691373305533346,-0.215917788382139,-0.708485091079873,8.863776
5.27567666793511,1.17944698414974,-1.43941677645433,-0.468388742310771,0.170627409320208,-0.60968150629034,-1.08330999463076,-0.340878966752261,0.653106242869016,4.072896
5.13992222524245,-1.22089936580027,-0.937767090305975,-0.99128939231769,0.841983719875859,-0.995706181507195,0.505795981133574,0.813241611893718,-0.573740307485753,2.77344
4.99506936387372,-3.16245210290971,0.0710440743164574,-0.541510923008445,0.306446212216222,0.755909193331835,0.442919296294385,-1.0688543101539,0.48862262050513,2.7244512
4.84551470087368,-4.15465396876435,0.979553772953771,0.378337364162874,-0.715256922699903,0.928553404966696,-0.904397070675211,1.04991078889422,-0.40134687973491,2.031264
4.69068938823977,-3.99305557079797,1.26490315177314,0.865388858211784,-0.734124611270929,-0.894799738105743,0.556416754776858,-0.760307787976145,0.323946248295035,1.4734656
4.53891166628236,-2.7793206231735,0.809001701860497,0.522486420009953,0.415511860467914,-0.820965268958393,0.223859329441066,0.287339856378583,-0.256839444400404,1.8188064
4.39921637014222,-0.896315756851856,-0.0802157121252094,-0.263223135827434,1.03417877456351,1.00549614330964,-0.763976897578166,0.221741951453953,0.185288457841786,5.6377728
4.25316871303184,1.07140699594908,-0.910763421926855,-0.795178956579914,-0.0282866898066593,0.643770453929975,0.600031558971713,-0.653261340838119,-0.118352847131273,3.7183104
4.1094834781901,2.59645793136977,-1.18783457416856,-0.575351794398251,-1.14962924844014,-1.04405825294744,0.119684400550613,0.939435482911965,0.0774225538343355,2.8473984
3.98846919964229,3.32519931402308,-0.735263444305495,0.199971404500249,-0.414729121501269,-0.45844651485336,-0.729848322553132,-1.04530111359434,-0.0854071869610867,3.1110912
3.87825264058199,3.08565034899942,0.110015084154125,0.716389252702087,1.00913907844085,0.955955708005137,0.573711447744656,0.89453934831788,0.104833941037976,12.572928
3.75505622212968,1.96408595862993,0.775544415483521,0.446992551358291,0.775686749501052,0.268219239162988,0.169690130526752,-0.501547990214814,-0.119805456633192,7.019136
3.63240930930131,0.354279129784961,0.916927559268186,-0.209635824438248,-0.671226751646519,-0.764782901161295,-0.66291356476274,-0.0147476735154345,0.141989667297415,3.2321376
3.50843566140155,-1.24383644058594,0.518475325497802,-0.53792161054459,-1.00821002517574,-0.134407924794981,0.402011822148585,0.516320951678302,-0.17023973014484,1.0301472
3.39313453924786,-2.34651509292,-0.103982602790425,-0.255850860805712,0.266168874828542,0.561565393913388,0.279912518995357,-0.87222302038745,0.200446750299036,1.0525248
3.28474344234291,-2.66477768387858,-0.56807363017225,0.208450504192041,1.05868639799757,0.0266341783626502,-0.638279467509321,0.970814378987586,-0.245161116675311,1.2183264
3.17578505969924,-2.17269688351519,-0.649554973967968,0.299269802009752,0.121500880312316,-0.364839349398911,0.268429227973493,-0.796785737424326,0.297879605279602,0.6970752
3.06265995440273,-1.07911807715451,-0.364148434928972,0.010951106768159,-0.960738318884617,0.0396640997060715,0.429299494687254,0.417706254002605,-0.346250645065481,1.091232
2.94812057286215,0.255479869435188,0.0835197219344003,-0.180633523655658,-0.436218094148015,0.182741511104526,-0.644708150462034,0.0663103746107911,0.394289169011186,2.2788864
2.84674239948691,1.43771355328443,0.441950669194757,0.0185136059100252,0.784201309561725,-0.035601202093394,0.119719140072773,-0.516894136145391,-0.437856564314816,3.3535296
2.76161722226235,2.11442146427108,0.503971219728121,0.264401151898288,0.641724884091696,-0.0498944582070775,0.525880223456138,0.770367933801436,0.441496771414598,8.8312896
2.67366554082374,2.06644288155314,0.216755668442118,0.0575270493357916,-0.601606436836539,-0.0497233885468098,-0.593277481598645,-0.762129160021254,-0.396577577628259,0.7256736
2.61390923848386,1.37859116841268,-0.168277336968275,-0.385466904301567,-0.727952407915898,0.00122502216742499,0.0530519378005299,0.528413180127791,0.302985626714643,1.9717344
2.59022142594831,0.286826106409955,-0.410903942266627,-0.496990597531822,0.344894410293691,0.0682200117353266,0.423172933160892,-0.237326139341556,-0.218325966245553,1.191888
2.58609783855623,-0.91012040023286,-0.447271909912533,-0.0763545877940314,0.616104461574251,-0.0743256740483193,-0.460252725345934,-0.0512043620101967,0.114006119760406,1.070928
2.59186176843454,-1.87986637622675,-0.325095503718167,0.490697764436857,-0.218393431437653,-0.106702651875967,0.0900266895319238,0.24645597528899,-0.00670484424972549,0.6117984
2.59880386389292,-2.34694942781785,-0.133826015882611,0.595667634515309,-0.494109250867832,0.146346518669103,0.283590504454377,-0.318738629358822,-0.101381219116846,0.6692544
2.60387309203212,-2.15890606916962,0.0724613337365201,0.0779560623114951,0.200239751016055,0.142604139582582,-0.324670669821261,0.293605332547304,0.213535550240636,0.57672
2.61404140082059,-1.3281483875671,0.283708904819237,-0.550759782613878,0.429209025650541,-0.20772876589743,0.0960780193213328,-0.212570725881652,-0.323158948158057,0.7626528
2.63095027622865,-0.0634994732760357,0.454008237072378,-0.64434197512161,-0.250323873235069,-0.17600849281433,0.112224734144416,0.118312085898629,0.417212165525635,1.8077472
2.65756373550384,1.28631659200317,0.490638782923667,-0.086303764465954,-0.448588853678869,0.263968632521436,-0.163362704690134,-0.0662737458950122,-0.501535541429077,3.7882944
2.68002849904624,2.30371883461294,0.277549644519946,0.542465462851865,0.269005985116861,0.154537417651745,0.080860791807487,0.051486672927119,0.558702285528901,8.210592
2.68006183850971,2.65835953406059,-0.17003155588969,0.615705540515381,0.535321201337275,-0.300860863540434,0.029008497877957,-0.0232207976207247,-0.553121301706183,5.161536
2.68561874642901,2.28476488608304,-0.575726234009658,0.17436832556619,-0.154491372969934,-0.0211076921907073,0.00900297564963349,0.00197968000048687,0.50413528451258,4.4054496
2.69905311524856,1.28563046224116,-0.689954536924063,-0.359468373640157,-0.629530754044952,0.283308632286774,-0.122748538533853,-0.00719641712715087,-0.433111010592159,1.5231456
2.72661012808084,-0.0665785646170001,-0.414794697804879,-0.564285758698931,-0.0201721006663707,-0.128298673326886,0.0566888337772619,0.0183945238659718,0.339143866606264,0.810864
2.77142709263811,-1.41435806613508,0.110926794335981,-0.340778257475503,0.644140396802969,-0.266082879447261,0.172032551200649,-0.0462880816061912,-0.252873418908414,1.088208
2.8276195549327,-2.4194539028442,0.569564761417167,0.0817471659855738,0.158893255842363,0.225154390458783,-0.333945920715872,0.0461999145953394,0.165646000663715,0.6235488
2.8933941151723,-2.82644021035672,0.679338100040949,0.408049822788376,-0.650614891040695,0.207242981988303,0.138953049116,-0.0114710115920556,-0.0929119131471332,0.530496
2.96731557965657,-2.53113323342731,0.362387780382426,0.441693122465493,-0.333549703045871,-0.330745887307809,0.300447889761275,-0.0723165966527661,0.028694974904863,0.6129216
3.04251371035658,-1.61322863207291,-0.208175700304398,0.146525130608365,0.591609991726711,-0.144631021330196,-0.54658677003682,0.177272814931179,0.0191762567728544,1.5300576
3.12018148617463,-0.29470248277547,-0.680076972058689,-0.28954281053397,0.509836767575306,0.430832055329428,0.253081877678546,-0.261885346005967,-0.0477670215776178,2.6123904
3.19602029269168,1.09620010438705,-0.75446052302074,-0.551644835315483,-0.488274165845034,0.0503377817911645,0.387526752055044,0.279582680239309,0.0534204522206274,3.675888
3.27024400553903,2.22068142414874,-0.355791845230586,-0.373164938859398,-0.660314561550661,-0.503746638524388,-0.736345275451257,-0.194398203474702,-0.0294465082736101,1.88068608
3.35073357968874,2.8121811636935,0.3072297547565,0.191031039332682,0.344214405668756,0.0667929419523083,0.355521080760144,0.00347611886081331,-0.0311474740318553,8.4184704
3.41596498936865,2.68666687344524,0.793938819794011,0.635144078526035,0.731095603883811,0.503879387764124,0.428869445435446,0.228698675075148,0.115976383711238,11.02896
3.45256367819019,1.86229557328538,0.790879705820877,0.53613260925192,-0.145976619816236,-0.138897767312376,-0.792628672172805,-0.374303258256054,-0.17529309409798,5.2662528
3.48199993575548,0.599471531380505,0.35581291733245,0.00710021210837148,-0.651903704504376,-0.394258461267801,0.418576245288241,0.409648623321906,0.220487157764565,5.406048
3.49180550134476,-0.777774704851441,-0.253439809411983,-0.546025966419991,-0.0103110246933834,0.173310330912081,0.33151214554493,-0.323257556445817,-0.240095917425685,2.6350272
3.48977071786676,-1.89303604232043,-0.654391016704216,-0.627924998116945,0.592470585493118,0.33888151668575,-0.706967966183792,0.182217049224297,0.258840856582023,0.80136
3.48449964096,-2.4471987386257,-0.605598763450676,-0.12190667941724,0.156076441150339,-0.16835977101148,0.404959850083664,-0.0303466160695428,-0.275144617996086,1.1407392
3.47059602661727,-2.32415256960492,-0.181237718873066,0.523018367010753,-0.51394313567129,-0.303029984469527,0.222851443338315,-0.0939554540216034,0.291374941467621,1.126224
3.45012606404124,-1.5826527038964,0.329512971264799,0.719730578068068,-0.247771962181616,0.178758690472744,-0.553912116568708,0.186044939055826,-0.295465276261707,2.8159488
3.42271474297757,-0.445158289218162,0.60068313714342,0.260962796176492,0.438560417966945,0.283882685707831,0.351151762696185,-0.233815888782647,0.292100038811473,4.798656
3.3940950723088,0.778992938674415,0.484886632989974,-0.451635387898452,0.33802122019075,-0.164648887118174,0.130625175286831,0.254187118457165,-0.270967666430869,4.3697664
3.37129212388944,1.76777409377269,0.0809083173379099,-0.767092455424266,-0.345627638025534,-0.270382887264327,-0.424384286474642,-0.260343591845074,0.224552581240657,2.9519424
3.35387629481741,2.25637524741293,-0.357483289947194,-0.39450621179067,-0.422903798489646,0.129498609666105,0.28733672386158,0.241007629003329,-0.158583074741109,4.3987968
3.34994616484689,2.12702503623092,-0.559534643818409,0.348374692628936,0.226990754480317,0.261729242239446,0.0717590888763252,-0.197874986316693,0.0633448000222888,5.0658912
3.35281243780766,1.40351524429515,-0.439939148669693,0.757432059967088,0.428076165008714,-0.142676692184448,-0.331952573028601,0.0909075536689357,0.038282520703922,5.725728
3.35276532943357,0.268342294359189,-0.107065993584632,0.435631715435248,-0.141057936662227,-0.270679035259846,0.279926352403451,0.0848876533702862,-0.135865060858491,2.9023488
3.36231053451903,-0.945212213889098,0.262812330662871,-0.275129824187497,-0.387017754011547,0.191547422527021,0.0272298683372207,-0.293193548085389,0.22511431788283,2.0639232
3.37888667725255,-1.9046579325229,0.457799039103969,-0.722108538377068,0.0588986976257293,0.237490287221141,-0.332056474924614,0.452318365906306,-0.319374396692668,0.9705312
3.39906989294734,-2.35131929074292,0.370357003476388,-0.517133151121553,0.314970728350307,-0.253585891890073,0.334744277942917,-0.505536994580005,0.414434348577588,0.8077536
3.42905367749571,-2.15528116518388,0.072879393221375,0.15189289432857,-0.0246871976453812,-0.193990989434367,-0.0159144874114369,0.409907130807704,-0.516616448634316,0.9856512
3.45965978813844,-1.38760730634208,-0.273150591328012,0.65224518367297,-0.288326088671819,0.270843747213094,-0.369478526491275,-0.191448792861209,0.611132934101028,2.6531712
3.48936214010748,-0.264435910905733,-0.469644541152347,0.539940839172453,0.00864107166292813,0.147164841842585,0.445058471941153,-0.096271467248028,-0.691661052898446,3.6376992
3.50473075305408,0.892630185872426,-0.41486892801884,-0.0697035465840015,0.267582506474301,-0.288800991492874,-0.0895648432399814,0.379067916653073,0.756414815581309,6.06096
3.50539769309489,1.78817769985354,-0.109394940468439,-0.56763414837406,0.0405315721892477,-0.0493995221110348,-0.352325132882763,-0.538620340887079,-0.770970455670776,2.4597216
3.50438905532421,2.22626737451106,0.324829404433935,-0.464072875472046,-0.201189963348772,0.327940111591444,0.493513644573704,0.528312055129622,0.730782353355136,9.0353664
3.48281058827069,2.08778151576655,0.616774270364053,0.0565559725948856,-0.0851685617307198,-0.0839614072329212,-0.209719681624533,-0.350900134009608,-0.626240704046589,4.9676544
3.45190325063113,1.44966662625403,0.60812393685818,0.502226462972696,0.193795581727831,-0.269457759054759,-0.202514367255548,0.106621212569355,0.487197836645864,6.93792
3.41224758168345,0.497882822460196,0.278414123553511,0.473060457746113,0.139225035359651,0.213936757339154,0.415034884693166,0.115531030584313,-0.323600689342556,6.019488
3.35477055552901,-0.526812873852729,-0.231289634620164,0.012400627074703,-0.169451886570571,0.186973161954269,-0.284279063864859,-0.228913107478584,0.163085150088085,2.808
3.28843783090198,-1.34928116680213,-0.629036888500288,-0.402415016138142,-0.140218988824328,-0.272956631159538,-0.00810696020684614,0.236689101594618,0.00050636714828433,1.245456
3.20835560796759,-1.7775050904611,-0.686242761811246,-0.40371837563732,0.162738843883866,-0.0844687262163996,0.253776497463436,-0.159555208991068,-0.151515792535613,1.1938752
3.11645730316669,-1.71873185938918,-0.338938900481574,-0.0229719466041415,0.181690068741743,0.343962361593628,-0.292559314557663,0.0775567682803807,0.301844963197026,1.6603488
3.01925622723659,-1.20063804677754,0.257309134752827,0.372091842456491,-0.115091507124633,-0.00170556604070804,0.161824522192361,-0.0306588344509794,-0.436262647208144,2.3502528
2.92036793370497,-0.374676678982553,0.776444484140195,0.411388701635755,-0.204269840163507,-0.389701909349482,0.0615551234187484,0.047688883059106,0.55202945511961,3.36096
2.82606557585228,0.532725209386278,0.904044792295144,0.069345018077183,0.0700836283490715,0.10589633657527,-0.26928331710727,-0.118371324592879,-0.644626851868491,3.251232
2.73751843059144,1.26775738732364,0.508299879001138,-0.344998199990769,0.198738710117751,0.394107193608404,0.30379052829015,0.184325805129076,0.69698931558373,6.3013248
2.64477852955303,1.616949105485,-0.254836740788016,-0.462083977981298,-0.048805841856857,-0.226069121336984,-0.0975568679254084,-0.186612269643587,-0.697227167814013,0.9848736
2.57626272736632,1.53416940466439,-0.924140877684433,-0.105753683651275,-0.147137569858776,-0.327425288939953,-0.205766713860092,0.100041959014378,0.641065761282646,2.0738592
2.52672336673646,1.03482651325442,-1.12772886907975,0.342703378441922,-0.0167714148698283,0.251801422145316,0.291587887403397,0.0104729499674177,-0.57162961665563,2.1504096
2.49431024182992,0.239704236399058,-0.742086605478778,0.397338686270353,0.029799790579123,0.213509729927815,-0.128669341834567,-0.127239433532719,0.485219835292606,1.5108768
2.4826859193339,-0.646949260767722,0.0432163506654665,0.00376800894498798,-0.0107977299336902,-0.281137601590785,-0.143814985389434,0.190712118665692,-0.413516870485749,0.8960544
2.48395693536204,-1.41336698320852,0.791816260618594,-0.433725943083369,0.0175852889919889,-0.150121206960487,0.238862710151,-0.209443089348561,0.345226368883784,0.8032608
2.49807785999554,-1.86082614387206,1.09633541333516,-0.430445387442677,0.0557155828152799,0.281879803032413,-0.1035602136436,0.175306487597813,-0.293739721285678,0.9100512
2.52679076621828,-1.86243132801535,0.792731734601242,0.0395496695582383,-0.057301401550596,0.0678169494035916,-0.119150316527044,-0.11957241978918,0.246961249294394,0.6883488
2.56752650503287,-1.40869048081476,0.0375521988688671,0.475832745856581,-0.160073929949105,-0.299555388609389,0.177621666613059,0.0393032909292818,-0.220906415459159,1.0151136
2.6171817782266,-0.606646039306337,-0.765772836181026,0.39027764300709,0.0170778486203856,-0.00754576379519134,-0.0572151772219793,0.0359399532337891,0.205014972359979,1.18368
2.67532045692654,0.351072206378211,-1.17469888179351,-0.143211889660236,0.243519065732279,0.292692988452082,-0.0944571420587718,-0.100297043061966,-0.204593030428959,1.6959456
2.73989395255667,1.22559288702874,-0.958444608609962,-0.55837128185042,0.0532316801785137,-0.0716720451972634,0.100293492518708,0.129878242595969,0.205101780887904,2.706048
2.80568116491058,1.79091682198537,-0.22718660434687,-0.393139621543669,-0.320147412465525,-0.284411064466231,0.00669727719604677,-0.125082445116597,-0.20281631125869,2.809728
2.87623454194665,1.90705714673032,0.639230740932034,0.216595943805682,-0.173642834152875,0.148463303898879,-0.0747796380680278,0.0863470999462499,0.184738780359785,6.4947744
2.93241005439513,1.5150349481159,1.14729824731213,0.603770474523249,0.32002650404379,0.230047253697583,-0.000427711504047071,-0.0351718600513524,-0.145317965853415,7.4798208
2.97317549020497,0.721286830894463,1.0398533870441,0.371173280574936,0.355527151932103,-0.166921606623231,0.157378230354389,0.0273044075962678,0.107089833218381,6.250176
2.99824811164772,-0.248764741783714,0.40958428293484,-0.213215225476375,-0.198967436735137,-0.129264436377229,-0.122403319037597,-0.0460650116109507,-0.0511145097655951,2.8254528
3.01693987913002,-1.10737247442855,-0.365061981710718,-0.517439103822801,-0.458249216923863,0.202692827536556,-0.11116967467904,0.0951255949813163,-0.00982342536069832,0.898128
3.02863653087748,-1.61924018980505,-0.880026848621426,-0.263643924323119,0.0328840263355404,0.0234410780649988,0.286688596054456,-0.146753562368533,0.0753737181929666,1.1117952
3.03165021326975,-1.65697722106428,-0.907684996046639,0.227070329948973,0.504610258231243,-0.210685990973504,-0.148765410210339,0.172252837013851,-0.137877961217,1.5136416
3.01921281317011,-1.23398739306027,-0.490900483069598,0.427108904006993,0.167577230041812,0.0968576190188197,-0.200706633496877,-0.12695205673815,0.207909836836371,2.55744
2.99548874078133,-0.471508211161356,0.138146528384776,0.194869462816712,-0.438663121168321,0.230141445602144,0.427776159151378,0.0251252016533457,-0.266986502690932,3.3780672
2.95747921533575,0.412279551904897,0.662269129514639,-0.167839247228352,-0.329446168016261,-0.20542235143933,-0.219706424599099,0.12581397718298,0.322814753766206,4.1930784
2.91071793796599,1.18372220650971,0.857962972657639,-0.26812464534662,0.346339457749902,-0.191360423489591,-0.259488307293652,-0.264780167584344,-0.357849687369432,4.0683168
2.85395269968173,1.63229002015739,0.656728862790192,-0.0739314355971357,0.467375057798306,0.312076107284388,0.535386957999397,0.341589146221891,0.368877908986399,8.7962976
2.77254574015563,1.62272398159602,0.157388687341006,0.120913781430418,-0.199147040231686,0.135861677081052,-0.265472347051933,-0.298049756802207,-0.331529174655546,3.849552
2.68142121716429,1.19853644868801,-0.351062963381079,0.1676107468906,-0.477752588050787,-0.325882721992329,-0.25742204282252,0.178377231923854,0.2746041474472,3.4457184
2.58644704524307,0.502116683149703,-0.620936338232763,0.0940585170116463,0.0721468576278085,-0.066516293666354,0.519377372492666,-0.0232960017708001,-0.205868902667567,3.1509216
2.48269470123435,-0.278407909102378,-0.575248811319797,-0.0128635737377285,0.444424247580142,0.318850706863573,-0.273410311055513,-0.117561675018943,0.138123535679928,2.4152256
2.37608454350714,-0.929239491935127,-0.277304113675695,-0.0721434470236119,0.0525436388080774,0.0249199968248275,-0.207736872982416,0.221181764244877,-0.0699675841406306,1.1399616
2.26546923401195,-1.29337840994609,0.0991779711776482,-0.0904798980326532,-0.378084199027226,-0.30606750341064,0.45762383879864,-0.268505071224005,0.00759633351909131,0.7159968
2.154317222767,-1.29385663392779,0.385462639680731,-0.0753682228117963,-0.13257019395765,0.0224191534489882,-0.254920366490404,0.261501474664236,0.0487823152438548,0.8411904
2.04462390625993,-0.957273423541627,0.480509875619213,-0.0111979309035603,0.297780871676301,0.286648087699075,-0.172480367934345,-0.210096058831558,-0.0975160216772806,1.6196544
1.93907879255302,-0.399514449400264,0.374305368194692,0.0907237159595201,0.169974381123536,-0.0721898588197093,0.392982891795897,0.122018361484699,0.131030172080188,2.5775712
1.8335934933072,0.202307154718158,0.119902284358331,0.139687247115168,-0.238010825189119,-0.275150247816637,-0.229432846652517,-0.0207194531347254,-0.151311509645119,1.5393888
1.7285519432028,0.680810038798023,-0.174874518510493,0.0640880421042222,-0.183912547212915,0.122094610534743,-0.12024019579657,-0.0736384095412584,0.158948546781519,2.1879936
1.62103637161652,0.917293676071468,-0.39578454223095,-0.0991448798135945,0.192119949897058,0.256830814261279,0.316939084408782,0.14985448703513,-0.151572841025478,2.78208
1.51816157568448,0.888802976692142,-0.439906032717115,-0.18334044262918,0.205321055477048,-0.151648326422338,-0.1917717811133,-0.192080624769244,0.134010565186734,0.88764768
1.42462238421619,0.643957626961489,-0.284827351135439,-0.0878110928741276,-0.15960172728741,-0.244648682548946,-0.107406613271377,0.183488282981368,-0.119032985523413,0.976752
1.34082684722413,0.272141744121864,-0.00990063377719206,0.0913772114837707,-0.251904893471443,0.1522356097131,0.245910432603825,-0.147042735496313,0.0968287135598682,1.2946176
1.26284397650491,-0.126116926129921,0.245009084223079,0.159269598433035,0.0890904563066599,0.210124713193903,-0.128850145653764,0.0831530269445289,-0.0790596823598973,1.8051552
1.18813470431433,-0.456065764359616,0.362450379634092,0.047060454126808,0.270127962429998,-0.156908911291884,-0.086954890705956,-0.00958133336591194,0.0652238000766351,0.8690112
1.11664126134697,-0.64690413585563,0.305245665682544,-0.110453324664529,-0.0145206565854524,-0.177761670853025,0.173386152666314,-0.0595469198374587,-0.0578792959593542,0.48622464
1.04994938881455,-0.668026996565082,0.119533660454312,-0.135399541220327,-0.27031994399528,0.15227020562922,-0.0779063763037755,0.107081891450425,0.0534343848166434,0.09759744
0.984919609267482,-0.540034753021052,-0.107212004707193,-0.0137529236476939,-0.068896197501913,0.139421137853687,-0.0717099319633946,-0.130825940341219,-0.0542377093663476,0.10399104
0.924716123200585,-0.307187762094467,-0.269882841146385,0.118657518113428,0.251053128640471,-0.135295109534359,0.118033636470355,0.132287591914435,0.0597125856027675,0.43980192
0.870162269841597,-0.0344758705428935,-0.305190457563253,0.113478919752092,0.141033290731105,-0.114390318743171,-0.0440495562631303,-0.121744860289364,-0.0740872203304251,0.17182368
0.825016600454299,0.215347694456572,-0.20811650850304,-0.0232776832385973,-0.217067267606083,0.106074875583946,-0.0560398267124306,0.094776009943877,0.0897375785244406,0.097403904
0.791061237734739,0.3881111847183,-0.0357367136985423,-0.148134742083879,-0.222096376252071,0.0805320801582444,0.0586980531404261,-0.0664023820868643,-0.115713933186634,0.228707712
0.769864338567533,0.448658080113156,0.123769110051014,-0.135119641844812,0.129688442791076,-0.0974400120969772,-0.00935876167479167,0.016198910727041,0.134162285952239,1.09104192
0.753209117219048,0.376580432552685,0.185475956573449,-0.0122737584633521,0.239489551959073,-0.0830933544841315,-0.0335259206809504,0.0422597168921277,-0.15018066196545,0.94826592
0.746569319339144,0.205912692937934,0.149228613841761,0.120066620345322,-0.0367042526797276,0.094544330424474,0.0291205395221387,-0.101933727516113,0.157896042366367,0.90523872
0.746468311487061,-0.017866834079786,0.0492904870447449,0.134423985851175,-0.24593927095467,0.063738217964017,-0.020344603456425,0.133515252409379,-0.167269897820213,0.5193504
0.752810802306407,-0.23509491081502,-0.0571831969851185,0.0133692612641209,-0.0677380072955175,-0.101792201062324,0.0130031323347935,-0.133439691556867,0.171698243756668,0.18915552
0.760072291995532,-0.396694093518392,-0.130680364856563,-0.135878792445854,0.198425111598019,-0.0573616061209272,-0.00371357754674133,0.0947967517552341,-0.173689154502346,0.179496
0.770432920186623,-0.45661235538611,-0.140568750864902,-0.153498138566669,0.157250871607532,0.11513017216885,-0.0173197960739552,-0.0228114225634542,0.173473565113006,0.2215296
0.781527835093723,-0.400447055220893,-0.0927011930465968,-0.0133351310253541,-0.121237223586106,0.0425272749675938,0.0356839288396403,-0.0694562471649636,-0.173483918912108,0.17195328
0.793165209731327,-0.240556999809893,-0.0114132766300044,0.150761565267205,-0.213407659458334,-0.126106095203518,-0.0264335399452411,0.158260560096238,0.174238988780333,0.47863008
0.805597478449844,-0.0142580064522286,0.0727663125700995,0.173635045539462,0.0252873194597932,-0.0211802688363366,-0.0110930562727174,-0.213420981510152,-0.173341140118286,0.50156064
0.822807212610447,0.226245204973874,0.132338536299605,0.0233323587291003,0.230846936340869,0.132195993536477,0.0438746845539453,0.206828273434119,0.163778931909288,2.14316064
0.835785715293763,0.404065357908228,0.12503413868203,-0.180368916861072,0.0582306059053981,-0.0209240990411819,-0.052761194456347,-0.137233679978325,-0.144970931012503,0.90635328
0.850678190652415,0.480226536401508,0.064340725193831,-0.210881052789075,-0.196684533921022,-0.108761913589027,0.0387456125045834,0.0307003271532596,0.121849860642213,1.03406112
0.86315802241544,0.427801080571619,-0.0293269128552616,-0.0213811777848821,-0.138663933272439,0.0465458210099318,-0.00338849080899162,0.074912746912208,-0.0994660122524986,1.5130368
0.872022022773254,0.258145282277836,-0.11455322407177,0.210195329670326,0.136379093040392,0.0847322442312821,-0.0437423056921209,-0.141972809462496,0.0844490448805036,1.4593824
0.874159628553,0.0144438122489047,-0.149141075243491,0.246339057825954,0.20159589275473,-0.0588753026999385,0.0831994402537886,0.157885546926671,-0.0736564530138928,2.0962368
0.865970632380221,-0.235544379259699,-0.105846612137547,0.0397182116806415,-0.0367025741866805,-0.0430939941714421,-0.0501978317285805,-0.109449298744271,0.0792383811165778,0.5424192
0.850841537156829,-0.405744807319433,0.0228630136639275,-0.191283493407107,-0.190391471116311,0.0958105088016668,-0.0225966246741722,0.0363540878126357,-0.0869411109804812,0.3936384
0.834285698790211,-0.428672153448122,0.19274966147821,-0.205591108586106,-0.0350863050095145,0.0119884433781542,0.0937740191281043,0.0353028230650303,0.0986830148375491,0.3645216
0.818341043862239,-0.290092069778397,0.304212127982839,-0.00676343036577903,0.152509007837424,-0.125878977617975,-0.100997524868163,-0.0790557784303332,-0.112273786439219,0.6594912
0.8040572146547,-0.0338973867875473,0.260270192459125,0.176588453362305,0.0820548350766311,0.0213377767149468,0.0115477792120338,0.0759342464547201,0.121629847564222,1.5056928
0.787869585617292,0.248588491639001,0.0372723116985861,0.148284413171924,-0.104938772989412,0.145215528224277,0.112402037090233,-0.0266079465143706,-0.120833516976706,1.0781856
0.778056787830814,0.471438282192696,-0.251864196205519,-0.0216587492198261,-0.0893755500181025,-0.0429921652800389,-0.139287487214947,-0.042379136343986,0.108675169158617,0.15783552
0.776947104271185,0.553579947059517,-0.443886335705664,-0.141272995396143,0.0478093743330414,-0.176440730549274,0.00546852843636137,0.0846463218493223,-0.0939774475378477,0.18081792
0.788501222663065,0.452122806616243,-0.413070475711021,-0.109443220249224,0.0527931467631126,0.0530837479493041,0.147040758291538,-0.0884159199540188,0.0647579498540121,0.1654992
0.810952085085151,0.168350545405991,-0.163746001855219,-0.0119125140972082,-0.0486407911505429,0.173874974581412,-0.180772494303417,0.0243900219286843,-0.0372413055508335,0.7573824
0.838469546502511,-0.242345131652125,0.169465360532053,0.023905339148349,-0.0473947627573755,-0.0918075664802088,0.0193390824328313,0.0804875482202906,0.00459322010900249,0.28836864
0.872023222937329,-0.660961843868097,0.416838391660141,0.012658263322727,0.0603275742459603,-0.162893959492865,0.201796205251205,-0.185903904956046,0.0324469106742071,0.12312
0.917440837874204,-0.943523349727581,0.453858830174692,0.0385447365917366,0.0481962596143187,0.121646442127827,-0.260291534492893,0.232668975259844,-0.0851316622165092,0.097632
0.968854463217662,-0.992306780905394,0.236351093385297,0.0685103953903856,-0.111357092940434,0.111267362784121,0.024191655110741,-0.207474521493657,0.140607894177532,0.07349184
1.02626429580932,-0.764063197288887,-0.136588522524167,0.0191232332648311,-0.0928821737851268,-0.151772629032786,0.294251003048722,0.100655022879215,-0.202261350975831,0.05609088
1.08271181492672,-0.30292069793598,-0.478217194766272,-0.116082407900115,0.131223561318288,-0.0679747903054501,-0.357282936129547,0.0594903044002768,0.265140800167108,0.09255168
1.14378749199302,0.293006475818388,-0.578793313515791,-0.174815608744468,0.171401229917472,0.184558498740554,0.0512696328292004,-0.223032440364495,-0.325267803469091,0.5349888
1.20138776614111,0.85601401821278,-0.370512707007985,-0.0540893976180212,-0.138335118652446,-0.00434196908301039,0.340037880660595,0.323773121944336,0.371597546051583,3.115584
1.25362238369614,1.22455078825743,0.0603326590198061,0.176796177821337,-0.25709681831213,-0.188861512418614,-0.403596748387133,-0.304843553642652,-0.387426981029656,0.734616
1.30563657635016,1.29022683888746,0.506494051232084,0.295227302293219,0.120984711893122,0.0926046873831463,0.0555368003981813,0.159466288118758,0.365226328892943,5.61891168
1.3374473289515,0.987063834151094,0.692623848595764,0.094017006202634,0.327928672031597,0.149396986849927,0.355578062157695,0.0725063496472631,-0.296262052154035,4.3703712
1.35327511494307,0.397078835764284,0.528484512126293,-0.227640742346791,-0.00118198134604339,-0.0990488562506003,-0.340940882255021,-0.261409618070704,0.219151343831061,1.5665184
1.36957475156172,-0.290024930075583,0.1314519431038,-0.28383123706134,-0.308927916074284,-0.060649937939769,-0.0444192833309335,0.337850721794527,-0.137181457667499,0.9941184
1.3787459196635,-0.893064270689755,-0.318312228557482,-0.0256107858854261,-0.13678203158261,0.057680263068343,0.330008224481555,-0.278049706850666,0.0539478900455208,0.417744
1.38508774657486,-1.23988567034548,-0.605868556618866,0.268326914028576,0.252595044671625,0.000953829503636221,-0.184486746217783,0.115070378718072,0.0332358964645381,0.23179392
