ORIG,IMF1,IMF2,IMF3,IMF4,IMF5,IMF6,IMF7,IMF8
1.761696,3.20731512848763,-1.66009101083964,0.0620271533810679,0.197484282527276,-0.581022134472349,0.420096315142861,-0.188248618516148,-0.040877521049486
1.774656,3.20400708774709,-1.3752512522551,-0.00266983157186087,0.066295193212124,0.44693798214408,-0.69368802007511,0.464966930060061,0.0794261449994732
1.910304,3.20557609263628,-0.821759230617014,-0.0569981834396902,-0.105635861701643,0.715616440139328,0.0516467308699437,-0.494213089037763,-0.0784689700308004
2.111616,3.22240961866876,-0.0587873344399616,-0.0344692440321206,-0.212966200737894,-0.283610428688425,0.639055511059067,0.238075597151407,0.0125274874486358
2.402784,3.26086699049722,0.788124453574417,0.0451802139795443,-0.19927567456039,-0.85077965890531,-0.512030668234186,0.13584998930707,0.0799957092031248
2.99808,3.3134737935136,1.52388564038392,0.0718975330637888,-0.0834425181946786,0.0224021211328843,-0.317370426378105,-0.465344707415629,-0.202854461872914
8.399808,3.37625846075487,1.95445750602198,-0.0273261024360136,0.0977259349142445,0.895632901128857,0.743152812666826,0.55588397873073,0.306153600812989
3.053376,3.44065169693164,1.93578702690233,-0.214246016181918,0.253239345048948,0.24419870546645,-0.18304734592521,-0.341830504928878,-0.347083608925353
2.867616,3.53015124576665,1.4680396960624,-0.300296998018126,0.288901524714395,-0.837446620815048,-0.616173248566763,-0.0648901154265428,0.299020550337685
2.914272,3.64434306577295,0.611670208885833,-0.194068605870065,0.0330897801947162,-0.569726802995552,0.522559571891848,0.377918428720203,-0.214984231183342
3.502656,3.77759476536756,-0.493249551764275,0.0407574282518869,-0.440114451347281,0.625300762490515,0.247364803317307,-0.477493898890297,0.0776762901389002
1.876608,3.91572460929551,-1.63791777430517,0.230831958054678,-0.68670276043487,0.793624880909787,-0.652651807786235,0.315486457037089,0.0734849696270859
1.3981248,4.05770392813659,-2.54207473212057,0.254959612635171,-0.258773469445615,-0.347025971165927,0.17851125112043,0.00939418569924382,-0.204883890258478
1.3571712,4.20001287629274,-2.94051648409214,0.101919720699571,0.626195331619954,-0.949021050908676,0.506024532854054,-0.32049367553837,0.285025803100672
2.6462592,4.34126508090911,-2.65415574164617,-0.117817066904409,1.09573498869917,0.0291844787954116,-0.482150471648837,0.456296897063565,-0.294098764388104
4.2768,4.479626364143,-1.66080374091741,-0.251516963752972,0.477892658797045,1.02305593215659,-0.187078082029942,-0.349499011927642,0.23078213579052
4.205088,4.60758765505493,-0.130858584473783,-0.208122206255063,-0.820472390157197,0.317954043048845,0.586974469787627,0.070603163999302,-0.09989845351094
4.48416,4.73687104594743,1.6253124081749,0.0158207438169205,-1.47130687771626,-0.972185302787139,-0.152451445723049,0.255434902999914,-0.0545190684351406
6.401376,4.85623445196976,3.15612013852879,0.255996034777871,-0.649241547764113,-0.683518895312955,-0.528508904831862,-0.48118765232428,0.180054760178194
13.365216,4.968354711113,4.03176087914863,0.342890431794475,1.01506999539071,0.842015740241945,0.504325490982192,0.498504559082507,-0.226497473171031
14.07456,5.05220057877163,3.91999222502577,0.171397968286938,1.82962841893067,1.01229794491717,0.23981996431057,-0.265039684793274,0.186014278848051
9.749376,5.0983642792587,2.75567068534395,-0.146681088147849,0.831410922893362,-0.561656488059555,-0.637003092206635,-0.0742197513283633,-0.0188758881662797
4.06944,5.09856713234517,0.784620277947578,-0.344162665569373,-1.07878948392744,-1.175943665479,0.231795817435975,0.463027297527012,-0.154246116080772
2.6034048,5.09050112809567,-1.42945269117146,-0.139407874455027,-1.88247854034491,0.385897563745844,0.567621369346102,-0.624881845947644,0.325320501775277
2.0864736,5.07440611630706,-3.29190338310171,0.36963001079246,-0.730299016419332,1.29423685439684,-0.728819927986477,0.402030563560713,-0.457399910384297
2.2111488,5.05991807663418,-4.28322667202296,0.803548052549686,1.20917614051187,-0.167997729946413,-0.0618046847024688,0.135402299452859,0.520747618681556
2.6489376,5.05593829204416,-4.11973887472212,0.746019204467809,1.91240376113991,-1.38795795124804,0.863481126693289,-0.696326744750242,-0.504028175915349
2.428704,5.04685955955695,-2.8665705629176,0.0356732784774056,0.572368388307398,-0.126425050569859,-0.654335438110616,0.875771624222149,0.377050884416847
1.727568,5.04649203140695,-0.836373829269611,-0.95193974101096,-1.39628237124925,1.4635783803458,-0.377716503715419,-0.452902609841482,-0.119297241986207
1.5552,5.06697636358217,1.44432782229966,-1.55128766272411,-1.90007774385213,0.440905362241619,0.998424145426304,-0.396338541822305,-0.259940782305918
6.374592,5.12078788345656,3.35904534835755,-1.26187641074626,-0.41974497845082,-1.531662160061,-0.479932483497509,1.07582879996053,0.635890710103782
5.410368,5.18947917015223,4.32371482978955,-0.166349409324083,1.40374081971831,-0.898728404155122,-0.728690057218646,-1.14953108625303,-0.957378313069004
19.0512,5.27300096645275,4.02847245941,1.14477276733825,1.64869113587191,1.45153868477421,1.14855628881241,0.460475340757587,1.10407798635236
10.740384,5.31896507846859,2.45740623650674,1.81842130963119,0.0719435921044839,1.28251036483304,-0.189834286696476,0.606493767100727,-1.01047294382061
3.1104,5.34844899103013,0.105340410473708,1.4922597103188,-1.41901729206118,-1.11881415719708,-0.934254044452434,-1.2505707667707,0.764969397218465
2.0436192,5.37888462241639,-2.28049910938436,0.374027402352157,-1.13083575037442,-1.54090708931467,0.95485613744501,1.02270804306755,-0.41325281701436
1.8252,5.41131946318528,-3.96770390662023,-0.936935883684017,0.453733491973948,0.700290681691573,0.0734054844489929,-0.0906296106362181,-0.00533343992293204
1.521072,5.44103987854448,-4.44786722700165,-1.75987263644254,1.36600991613678,1.67645655956683,-0.992333213453389,-0.922130763043147,0.424334957758352
1.477872,5.4586005474161,-3.57857378242787,-1.67128664454386,0.530376363252482,-0.253607976803325,0.809171025828048,1.33639677710537,-0.767738197498858
2.901312,5.47603756005751,-1.59182460589612,-0.68692917834321,-0.95918738130087,-1.67560964685487,0.293258865004456,-0.839043920188297,0.987100261955315
2.118096,5.46731879408459,0.893983283743834,0.652768468270131,-1.26962254883936,-0.213428214199546,-1.11008197239758,-0.265595706163429,-1.03843849117201
18.6108192,5.4609580394117,3.18068348650676,1.7036847927305,0.112644825549875,1.64463970642716,0.758196506968916,1.29531712868224,0.937923525124046
11.974608,5.40272530383932,4.51267454513892,1.84118224416359,1.48386986790511,0.605409825191154,0.42620289654745,-1.56704517033631,-0.702999884653954
13.3399872,5.33088385037212,4.556270792352,1.08849701253048,1.22370220291687,-1.34299149991619,-1.04420138808425,0.978568738953498,0.471628598030056
5.951232,5.23008012904301,3.29453322337448,-0.149186069308083,-0.530288933902526,-0.904312825365243,0.487347874268058,0.164788312056216,-0.274701759207663
3.712176,5.14658408032862,1.16843379292621,-1.16775918618301,-1.76989628992133,1.07928059291645,0.635626025069637,-1.17807274729043,0.150627389926877
2.144448,5.07205377357264,-1.23413113043606,-1.54747609626822,-1.07864509192085,1.04782493018305,-1.1386959027043,1.41671718977288,-0.129691303867028
1.6917984,4.99970253642322,-3.27600496072653,-1.24263507799796,0.829169408018125,-0.849192172474341,0.329343057311009,-0.80288805856164,0.130227343276891
1.728432,4.90031362076194,-4.45129729168894,-0.51867873494731,1.85766853943352,-1.16107794252334,0.976802036623359,-0.2282912082592,-0.0488061652030409
1.5273792,4.79511443411905,-4.40168444678719,0.369322693059629,0.948548084792834,0.720777124099275,-1.12695162665105,1.12225281029587,-0.112589941208542
1.8042912,4.69839984605074,-3.10706166748376,1.14525040727759,-0.930134137098907,1.27999616628847,-0.146929709914177,-1.38221382819821,0.341757931107427
2.4821856,4.61345369251358,-0.918688219720452,1.5192380395994,-1.84907689287551,-0.606527853962447,1.27990318740946,0.837833540159404,-0.614243468798829
7.8597216,4.54546714821672,1.54470709074874,1.27619213136385,-0.899649027229273,-1.44258174150831,-0.883451528530513,0.158408490417892,0.815176748812703
5.3391744,4.44789374877999,3.51318838277396,0.34404199030726,0.860372644080579,0.379903830116108,-0.667567864157746,-1.05562208602075,-0.857481339291347
17.424288,4.35867479062576,4.49323442474405,-0.841590211425204,1.79865782866171,1.71351942519071,1.61317195610422,1.45706745818605,0.750896385725233
1.8226944,4.25472818220592,4.20224783841492,-1.73398519247356,1.00867801810162,-0.108814113731721,-0.672172761509333,-1.17090629568116,-0.507347953836056
1.7930592,4.1950708983814,2.82418748910009,-1.73951553907615,-0.644907953413491,-1.8405946836722,-1.17063474295494,0.347020889033642,0.183405794253454
1.0963296,4.16150459584299,0.708861160612249,-0.846320848160736,-1.72690305167392,-0.355132434598057,1.58663630752743,0.528626975228694,0.064568782673798
1.675296,4.17242195616879,-1.57769110151661,0.506063956077561,-1.30809792737055,1.82018775053756,-0.057346134094477,-1.12183941588286,-0.215292314053243
1.0502784,4.20676019871333,-3.49831423566693,1.54343371030976,0.167354391009045,0.702086350143379,-1.67523736367034,1.13511411859058,0.19303980669945
0.9980928,4.26771027645206,-4.58223891525446,1.69304242587947,1.44889652337205,-1.76354911095231,1.39751833741036,-0.623542618368139,-0.0540764156110395
0.9912672,4.34821268322219,-4.58084807350251,0.858657838541392,1.46252172335849,-1.10872902996499,0.631686897589715,-0.201869837220131,-0.159374501596064
0.7156512,4.43413700701045,-3.51648123668929,-0.509746220178394,0.184938706299224,1.5755521123609,-2.00787241436909,0.93017811092462,0.329308863507665
1.6876512,4.53152295609775,-1.63076082317374,-1.61349182860464,-1.27378129694206,1.49128029058989,0.966613063242455,-1.2053115068479,-0.364600796463283
2.5589952,4.61731037842802,0.607287494280943,-1.83305224917225,-1.67065335711503,-1.34511302631709,1.31672921972339,0.853734610191274,0.201383196068019
2.1750336,4.7050519869331,2.7077880418341,-0.977221688251636,-0.549256736168585,-1.78134944336634,-2.02409702933811,0.0158606224433941,0.17626612999538
10.2689856,4.79509467364553,4.19365402891672,0.498634028687534,1.16685831738394,1.04138472213136,0.211871531634657,-0.98252153965209,-0.694591814834766
24.394176,4.87344270836347,4.69126287717548,1.7126269790998,1.86528368619182,1.96416649863849,1.87122095130553,1.4516918443288,1.16248846619574
6.702048,4.87712910844238,4.00613441163591,1.87577848751382,0.767059423837777,-0.713085362954526,-1.6093553652783,-1.03188056607031,-1.32717398348722
9.052128,4.86562242583109,2.43475686960203,1.06161767881584,-0.926055136290922,-1.81763779260025,-0.415841514975067,0.0952722978804055,1.19210033875296
5.946048,4.81417980831476,0.371588794883468,-0.232201535538735,-1.65960927299696,0.42628997517389,1.74692627496096,0.78356743917197,-0.767194095983875
2.6555904,4.74582512605754,-1.6286643246797,-1.22054753753954,-0.780702267156693,1.72600526311693,-0.92035945596607,-1.05459409408391,0.198553223561981
1.7132256,4.64960446584841,-3.10291244520023,-1.41009288821098,0.785981607568821,-0.174267495842946,-0.829586564945614,0.66375714915388,0.394171597924297
2.0513952,4.53619459118485,-3.71724039254134,-0.774588355075132,1.57402144210246,-1.53879727753482,1.46303365016945,0.0841385123903533,-0.84196645155879
2.6117856,4.39902791722384,-3.38624703752176,0.227580655542156,0.8957443759666,0.018098182167032,-0.393626725337813,-0.645094738760163,1.07235971876731
2.5044768,4.25452725340641,-2.22472154031849,1.01749467426789,-0.522414816770173,1.41030433222886,-0.928239486461975,0.731458970486795,-1.01577767485752
4.6761408,4.11100707545088,-0.555040090202873,1.17917184614082,-1.36988050266707,0.104630869450209,1.05882301783665,-0.371086189971015,0.700797914146181
1.9466784,3.9758100260643,1.18320683769199,0.674452913004681,-0.963306200807305,-1.29091808164177,-0.092892343871825,-0.144955516546917,-0.229457373100784
5.4212544,3.85756631676461,2.54841326023431,-0.166785107541116,0.231622782414511,-0.208777179196012,-0.815318025274524,0.448138777703564,-0.285181945953649
8.5996512,3.74881007281397,3.18283185202773,-0.886870998931574,1.09247200759181,1.1185173115365,0.746083998420476,-0.42688203022685,0.677180544002487
4.9218624,3.65103685868664,2.94509817438629,-1.10530358630845,0.936960194553608,0.254197337735894,0.0388262370082881,0.181580740727326,-0.840313133984628
3.2272992,3.57716175883668,1.94189503594713,-0.719247223777954,0.0217593454122939,-0.97338364604819,-0.676576840822049,0.0484964343485899,0.713110913920951
3.096144,3.51368704535712,0.433006983143936,-0.011906866225005,-0.883535965077264,-0.333535216768331,0.535574187259742,-0.17861208752804,-0.383400472764041
1.1397024,3.45220566509186,-1.18560034199646,0.60028622070623,-1.05279000940203,0.822153732204033,0.113308448437242,0.210534544471607,-0.0223242287492478
0.8856864,3.41776050180693,-2.44481565611742,0.85713260653093,-0.298231412351215,0.411392222812323,-0.540927187097544,-0.184422607087432,0.368481789555114
0.5299776,3.4012534309943,-3.0397084104165,0.639703229173856,0.695591660882667,-0.759594547606155,0.304819248550666,0.053459968705126,-0.613177318379358
1.014768,3.38999425344436,-2.85843621858336,0.072728196733852,1.03833056334383,-0.516923848361899,0.180115350265783,0.126067054433051,0.701011801665248
1.7200512,3.396549006162,-1.95691242037571,-0.49884701772059,0.470762032836822,0.698891735599407,-0.352672272511018,-0.266082346147931,-0.629274927099206
1.6907616,3.39350203067076,-0.623870733889627,-0.803046692437293,-0.545220788105835,0.560043694415861,0.105402122619864,0.245605734483986,0.407387989451251
0.35370432,3.41086504658103,0.842789497094532,-0.62179193254863,-1.0291440879576,-0.556481127740702,0.24047276145317,0.00821549210461351,-0.0486133299705917
2.07915552,3.46226795337321,2.09163619590263,-0.0603052080986937,-0.55760145736413,-0.615614408834372,-0.328331804526677,-0.417749433133461,-0.428559944776423
9.17136,3.53531157494011,2.77139762774983,0.473537258326733,0.32099218115325,0.298093410275623,-0.0517858005538638,0.599271951035559,0.852108637320545
5.2109568,3.60809824387558,2.66745632874149,0.597000152089529,0.773928192038669,0.561142636629031,0.40901503103669,-0.333559078775097,-1.08942809229129
5.976288,3.71551699203195,1.86076942257609,0.313844885909696,0.577232227205094,-0.00284412559080522,-0.185701656122486,-0.255288157632719,1.05535075186514
2.8747872,3.84379428336223,0.539955722839655,-0.195960488045547,-0.074235780822529,-0.53611591287239,-0.473089872694712,0.678853781726231,-0.810915897386086
1.139616,3.97916058345116,-0.978742678775456,-0.621548013977323,-0.691697317591321,-0.336676299003101,0.556258295038842,-0.621058257478787,0.39663313124684
1.2171168,4.12170623960552,-2.29482587423815,-0.668353795137127,-0.764295763325418,0.419755708902418,0.250629906717908,0.0968424030682208,0.105124680617441
0.5966784,4.26778235430192,-3.05394378276438,-0.28053782670428,-0.189613153529334,0.628629094599638,-0.922726425622954,0.523119766536593,-0.609219064872517
2.5026624,4.40914987106977,-3.04155072756232,0.315486652103339,0.600348454301434,-0.221177144603834,0.372855751796137,-0.791607277862482,1.02062828894908
4.450896,4.55184850868465,-2.2190622253922,0.768592716924486,0.952065337023179,-0.852721739222003,0.885424957953763,0.503811364113991,-1.24917622200423
5.65704,4.67491519264609,-0.796797723665945,0.755806608988057,0.453367861625686,-0.0729424383908423,-1.16005268115575,0.157940555270159,1.23679384408709
5.440176,4.78975180128779,0.902125947571824,0.290791731605205,-0.497654908909597,1.06850339554554,-0.1040063086243,-0.690288659240137,-0.927196659825503
10.744704,4.88801650469408,2.44334169560625,-0.361894152082537,-1.06441405628638,0.441734812465495,1.4363651513999,0.706275134829759,0.356462405276705
5.3145504,4.95597460212618,3.41376585999543,-0.812728739954894,-0.664926463118672,-1.16325043585986,-0.995786031417453,-0.153090320383606,0.405335444492413
4.787424,5.01414465178715,3.59269553731599,-0.709670253693691,0.506898630242292,-0.750879283204853,-0.763437510043438,-0.494413361158424,-1.13523719535426
17.31456,5.07443942939339,2.9262968629078,-0.0774440333630834,1.36365823520414,1.17797324813508,1.64266488239566,0.7050001655527,1.60772273395196
7.9488,5.08532776107267,1.47282311685154,0.603977819326991,0.851048000328672,1.01321603643341,-0.499772407268619,-0.32248443984729,-1.66640488514424
3.904848,5.06965577940712,-0.375141865827979,0.968400249763975,-0.54365964019355,-0.953073982431875,-1.14123073464971,-0.195658380098471,1.3878212317282
2.2151232,5.05440990124575,-2.09351094980383,0.854671725019538,-1.36371605463974,-1.15050174022846,1.38482778720604,0.436746418107033,-0.831516198843974
2.0123424,5.04256625044352,-3.23671643014756,0.294556642695734,-0.800979985914387,0.667684027441121,-0.0801634107675113,-0.277475795012043,0.0931660707899358
1.9955808,5.02377105584185,-3.53786553497849,-0.471179702800256,0.52527051096683,1.19819616790826,-1.24141974794561,-0.098142195071989,0.678878991123089
1.0394784,5.01027041903689,-2.91533411487729,-1.02690663672991,1.31119388349199,-0.34475986934778,1.16846099816399,0.373918789028933,-1.30455506933128
1.6798752,5.01832439876855,-1.52324901420698,-1.04023389672744,0.812779396023049,-1.16790651438798,0.166020777981705,-0.320561975773955,1.63191488663042
0.6967296,5.06282287705044,0.262593353026,-0.493803108354372,-0.499625450499644,-0.0174938005428333,-1.37516827534516,-0.101737392355118,-1.64378601216436
10.334304,5.11437018714374,1.88478001273135,0.231742759365637,-1.45579101920455,0.914742384328529,0.991534532048248,0.484574341872052,1.28012611483649
5.978448,5.15926279016949,2.87298813296063,0.726343407642866,-1.08041827285227,0.301262500879361,0.6209662329435,-0.436453564763754,-0.576579588120284
6.4647072,5.22613318027237,3.02270975724365,0.832614044927126,0.469432556178985,-0.520398555752594,-1.51726817140932,-0.0469248605364495,-0.312126080995771
11.866176,5.30984775225254,2.3168303155622,0.535588264081041,1.69152211431025,-0.540925680706491,0.490844111830403,0.532961559372666,1.11824099012519
6.29856,5.38518388098962,0.943440600498662,-0.0318648621503775,1.21471345773972,-0.00182708104360306,1.16704539321459,-0.623878758210753,-1.64231108502277
3.936384,5.46791376521416,-0.659137307784268,-0.536326482099002,-0.556567603463918,0.684402433031902,-1.29582943577816,0.247692513992894,1.7855286493937
2.2832064,5.56057971571101,-2.01988713968009,-0.730975157515515,-1.87358967745168,0.538333500141649,-0.299754562683319,0.300232477455131,-1.562528470983
1.6730496,5.62355971356222,-2.80644670060571,-0.60859536164536,-1.40060168263467,-0.721970676908796,1.48069596087084,-0.639826663619941,1.04053999078452
2.3588064,5.68050681188673,-2.74969923819762,-0.175759658613646,0.619966564192456,-0.97074751932469,-0.554855401321984,0.633794931162472,-0.26160301519529
3.4405344,5.74497037979399,-1.83245637927063,0.407163021146022,2.25986485261181,0.654878655705276,-1.17971603699211,-0.292302714525554,-0.63346406100303
13.273632,5.82739679010637,-0.315592189582888,0.845894786861109,1.69764123469573,1.36857792483737,1.22207849332373,-0.245946415324554,1.4231616990458
5.3103168,5.89694560576816,1.28952925548159,0.812406760108167,-0.820226260476766,-0.546501487664684,0.470599880380488,0.657058166587893,-1.94259698742326
4.574016,5.96447973854012,2.50714788186314,0.308438112718212,-2.75885743675678,-1.70180438891089,-1.45366587827509,-0.63893466123617,2.10590370644418
2.6372736,6.04264839482556,2.9890835786538,-0.374014800815481,-1.89188602674979,0.372727754510113,0.360999093174259,0.20521449381301,-1.85515243774775
15.727392,6.15989773741187,2.60711677134778,-0.841615791679915,1.14089995392114,1.99460080149944,1.20488853862885,0.308514543286834,1.1590850173386
5.589216,6.26324959756162,1.35949902670976,-0.961375016301184,3.10440569820703,-0.264363232991898,-1.16143135551167,-0.657421479577404,-0.180868415063985
4.762368,6.38460353932724,-0.368252855292268,-0.61046818579969,1.87754502942573,-2.20548099471638,-0.357388471596127,0.727899178717471,-0.824603648160167
2.8419552,6.52030940319179,-2.07696507710883,0.058905187460696,-1.43262870754458,0.0452214791288747,1.30847236661418,-0.526586928684899,1.58376516769451
1.982016,6.68723804732558,-3.24362740670387,0.726983591851258,-3.4428640923493,2.36700341573797,-0.570743272135763,0.0556677020675527,-1.95896351221446
2.007504,6.84784730268328,-3.57063992722099,0.961490986040981,-2.04142802816863,0.116110695273991,-0.901076653273685,0.464568913977423,1.83787477226937
4.0561344,7.02370865169002,-2.90762743241254,0.657495786136698,1.5697017955328,-2.49249328307645,1.23609617108387,-0.766980072991361,-1.23817246818945
11.350368,7.19016180033689,-1.44675632267147,-0.0644957287440891,3.7263076452078,-0.404209279255392,-0.0648520073840124,0.626922982445754,0.263055814410709
15.362784,7.31456823130062,0.38622761093628,-0.839650933594097,2.08344917763371,2.57564330860789,-1.16264745277591,-0.0842688763288594,0.871098668101077
6.422112,7.37383276689855,2.11186935557508,-1.16306280743059,-1.7430570835822,0.852946945232708,1.09693590420556,-0.425025265416668,-1.76173775206145
9.382176,7.41186913008646,3.39996316053241,-0.627138601985658,-3.67778699408749,-2.37876044480009,0.402251403667866,0.721245840055319,2.23169823781683
4.6534176,7.42530996473944,3.95323049820133,0.536948235160513,-1.7203345921411,-1.26462309909415,-1.58005542254488,-0.683336444752832,-2.15256219109042
24.618816,7.41467523875751,3.62331498747882,1.59400989525237,2.01872446641076,2.11315303686067,0.85955750981555,0.338301024046961,1.53966047294531
19.808064,7.32243864137668,2.38863306193261,1.70614361965052,3.54170789996922,1.6092639657752,1.08282897041224,0.210926480368845,-0.483904702120803
7.788096,7.17000799173334,0.594859753732804,0.767211938061147,1.47794968398165,-1.54548200240774,-1.60502765466868,-0.509010188602646,-0.603242095974136
4.228416,6.98391150885411,-1.23982537542361,-0.619092647822281,-1.80810294735298,-1.65816249659028,0.101216314138314,0.505962846332452,1.48767956400042
2.4770016,6.77484777810405,-2.62955367847898,-1.59427504644737,-2.98410558589522,1.03247655102226,1.5202251284823,-0.277867731128299,-1.94268210511784
2.649024,6.52888994574471,-3.25989068940887,-1.58122333398775,-1.13992780372325,1.59543511439862,-1.17815003639307,0.0359777832403183,1.91159263588371
3.126816,6.27444544427186,-2.96618815943461,-0.527262118705675,1.67204484253077,-0.465629990522872,-0.569099235484373,0.186387067578985,-1.38022693034739
7.628256,6.01098203643377,-1.87669831001872,0.923548857989391,2.58365997029234,-1.3943629472928,1.49868047459865,-0.374941639985245,0.486869053006961
8.29008,5.74546944434076,-0.322677479677759,1.86190723518728,0.873413139938349,-0.00254857892920165,-0.529395189710093,0.501398357818191,0.548010227759341
3.6289728,5.49395280440974,1.26378571111073,1.67826840718743,-1.50250772441689,1.09132794102147,-0.997352465378119,-0.461933972680669,-1.45439843500148
9.9038592,5.26144517584462,2.43160089108545,0.402604382446184,-2.17423465397972,0.315976876155648,1.12122998891443,0.119321820515725,1.94805311692693
1.6825536,5.03305741934807,2.831133013563,-1.27875222970673,-0.725616736318682,-0.762851090156938,0.116858563591502,0.421229792623195,-1.89632171187973
2.7608256,4.83737401780977,2.4068485965319,-2.29486679934013,1.25187639306753,-0.478399510718515,-0.995020421650649,-0.846592549229853,1.31614639822369
4.252608,4.69474752463425,1.3174604047711,-1.95357017948271,1.7910059707261,0.336037144853756,0.436326405255242,0.753804103207467,-0.437449313600421
3.0059424,4.59925969398197,-0.159857711852519,-0.449433556923795,0.437839699793016,0.359551185378868,0.431763133150769,-0.214940014647943,-0.583647001207529
1.598832,4.53965066259566,-1.66707742437201,1.28458837564436,-1.33923865238566,-0.0639520496491476,-0.51683948016413,-0.558806313814494,1.43179266271392
1.1379744,4.50223974601115,-2.83873826447778,2.16641293411984,-1.71150666051562,-0.230496006348331,-0.0761467230225988,1.05980061151705,-1.92531069107507
1.04328,4.4758542963856,-3.36846452437907,1.66153646304719,-0.329128556017101,-0.178590559016549,0.328867046480677,-0.934940473732031,1.94058722417807
1.544832,4.48503435435298,-3.04658016207786,0.149016787790056,1.39662766247174,0.0470428523288339,0.0445489836884772,0.188920793913548,-1.49173526311227
1.7289504,4.5140084211156,-1.94086121104296,-1.45977282125393,1.61108210767681,0.26710706664043,-0.369612011718908,0.681145970478881,0.633793409928801
1.2865824,4.57363599260104,-0.29878432463556,-2.17843767503348,0.0889928957414217,0.144784919690413,-0.0195906682449464,-1.15096311547979,0.412421167229606
0.92310624,4.65223676218441,1.44472155972271,-1.60719009964585,-1.5901778595607,-0.368138405339463,0.503477825864966,0.863129562324088,-1.4328856299035
8.725536,4.74642920177077,2.8196067595717,-0.11745938895422,-1.64400669173123,-0.41807789794369,-0.250527022815741,-0.0171305099269441,2.14455559163466
3.9207456,4.83322185689907,3.42529667712656,1.36866730388176,0.0210721588547325,0.358591403981426,-0.536451506835868,-0.845519577254873,-2.34411664456344
19.3262112,4.94099862178708,3.13655916451629,2.03666685930207,1.76958605621322,0.755176485583848,0.74199717003603,1.18536708609398,1.95450150217505
6.200064,5.02069663116589,1.96264992940356,1.45383410436633,1.67110009409946,-0.337459768476505,0.0661811310619279,-0.829452620324573,-1.07044676664915
3.621888,5.11452877898865,0.29054845703818,0.0885720292803341,-0.130594090645319,-0.964108084519348,-0.826398215380242,0.0993265287728181,-0.0281299629924341
1.4063328,5.22335586119912,-1.41994576318309,-1.22620085326116,-1.81260237256739,0.203836188591523,0.456575206154724,0.511492571139311,1.00620965164047
1.4818464,5.34241220747163,-2.73772941541974,-1.78156304868165,-1.71754496898035,1.07911498421362,0.502454947451102,-0.775837214738024,-1.66038071085866
1.384992,5.42253099687535,-3.39701881253062,-1.39256026961726,0.0126891194478953,-0.0866836465418657,-0.783801427826868,0.679870138545184,1.87500503460791
2.7953856,5.50025213174852,-3.16030322989265,-0.229078762047766,1.84392610731718,-1.02252142864394,0.176094587547455,-0.2445649272741,-1.55804274424154
6.472224,5.56549595185135,-2.07617400140014,1.06211031314973,1.98749511457946,-0.0269929767537344,0.540453395065551,-0.325743986936148,0.792986423172201
10.425024,5.63366912488844,-0.3911199239002,1.79284609033375,0.211809450377559,0.980922843489703,-0.575483701717577,0.75997678542862,0.214953832934752
4.9828608,5.68128751265581,1.42544515356011,1.51835774697275,-1.91507070036226,0.0866773361964902,-0.02630643433562,-0.842942499931402,-1.19207991086432
11.24064,5.70924671777206,2.89832727821283,0.399232488898012,-2.28473698438649,-0.897465672530113,0.575860268460651,0.546643840999908,1.90096167075742
3.7319616,5.70885457586031,3.64098404839909,-0.916163904627395,-0.351519492874142,-0.0641388532624977,-0.400759061782199,0.0838972698807349,-2.09102126388545
13.064976,5.72377653463527,3.52659950922112,-1.59868557085189,2.20295247011422,0.945228954105397,-0.173215730749621,-0.7297005091781,1.7046891629227
10.257408,5.72442536730093,2.52522732831514,-1.34838288944722,2.68733279781934,-0.0464162427232662,0.367175321582363,0.964629777622759,-0.877462457163363
5.358528,5.71100072647059,0.868858108771402,-0.365225223616721,0.389565801053771,-1.01639957464688,-0.0489092377374319,-0.56681450653975,-0.123627302564108
2.9649024,5.6955084120415,-1.01320900000456,0.788482750477051,-2.47809828432167,0.191089872743557,-0.144006999534209,-0.214561164173928,1.0492034410327
2.2690368,5.68724577026658,-2.63825119854094,1.46721243112563,-2.95701993861233,1.15980150156776,-0.0412649202821977,0.86738340719471,-1.68258105470765
2.062368,5.68249107336611,-3.60943229347108,1.28571384017647,-0.412345796391667,-0.319079877997973,0.109800781430858,-0.976581633529398,1.86995388352372
3.4763904,5.69459858717051,-3.67763711344778,0.371098226226521,2.70338754018539,-1.38871978743787,0.187850282028634,0.444614223835622,-1.59814375134687
5.880384,5.70442258270543,-2.870403662839,-0.791068693729575,3.1390565246746,0.30833039370904,-0.416955363204726,0.355559894185295,0.924620239434623
5.839344,5.70987866027885,-1.4042107483203,-1.53992628851874,0.311341650056587,1.66006945801364,0.01443858108582,-0.898377923964616,-0.0186808471372544
0.9557568,5.69201345846934,0.343165228803702,-1.43950980894113,-2.97640940587798,-0.204623523744492,0.673628216888436,0.865728474305893,-0.864701312467751
3.1313088,5.68140654268988,2.01654902829749,-0.44008323330842,-3.21950656469997,-1.85282736137466,-0.523482706396573,-0.240518607259354,1.53385652235275
6.1877952,5.67729109967732,3.22989867240192,0.90409822968808,-0.0796142002004874,-0.00890873328756688,-0.584664567642984,-0.621774235531415,-1.86887623574158
25.251264,5.66291348908643,3.65929913153184,1.74139831241383,3.16969450311909,1.95265767038012,1.11179596425801,1.0962360026488,1.76188748905017
12.324096,5.57202484025615,3.11545399580264,1.454258317267,3.07487115861391,0.238735956422728,-0.0473978711302326,-0.772754815632872,-1.17342004943737
5.843232,5.44958064430253,1.85430618168392,0.35622623330098,-0.040738453836901,-1.74741675610294,-1.09821927611136,0.0461042509818202,0.392893043479495
4.00032,5.31883267455901,0.287958994699848,-0.778482868759735,-2.85977967126872,-0.345443373045109,0.770499800366689,0.578580373444804,0.357614335340965
2.700864,5.16660800983416,-1.19217123433532,-1.29919686058912,-2.67824766168234,1.50751504203447,0.580009567240675,-0.758216756128897,-0.901889869627383
2.744496,4.98121596188578,-2.24825487384088,-0.97543555086298,0.095100054879598,0.425623334799099,-1.09254161371942,0.533720992895355,1.1936224879697
3.393792,4.78767249979181,-2.61881301714947,-0.034678437357438,2.64105798938894,-1.17775256834215,0.204571801620604,-0.0606111103768171,-1.17249258239624
6.116256,4.58637076721274,-2.27189342301237,0.891171901892015,2.48868516988786,-0.405497882187997,0.865285807726036,-0.377389032950794,0.885800414633621
3.59424,4.39050482266702,-1.35226901256604,1.21963311568394,-0.0515092415811057,0.916420655475627,-0.740363659086093,0.581073359804866,-0.424964993674724
0.3774816,4.21700561531088,-0.145602770065948,0.757939538552921,-2.38434490249856,0.303503471766314,-0.32647457617613,-0.505541901188777,-0.0952017027394258
1.88532576,4.06841421121214,0.9747638204304,-0.225671988951006,-2.33111603911998,-0.780506647963929,0.816306464151371,0.166999239879422,0.49866574279326
1.5983136,3.950159144592,1.68210075569849,-1.13624874164368,-0.131550408115099,-0.212067990139971,-0.206391744373509,0.220938582001711,-0.719818598372735
4.2760224,3.86610690648548,1.78481242374465,-1.41605713959087,1.97798302781656,0.642169884926382,-0.620769012613218,-0.517349494850113,0.684038019158107
4.965408,3.8261328679271,1.28339142277351,-0.880130579221054,2.03707624940419,0.0145686720705693,0.479651502217476,0.52359784317518,-0.481257885772145
2.4830496,3.82046510860375,0.325414273386792,0.122975189855837,0.124363817428047,-0.701314288676917,0.239249289268901,-0.321107838077611,0.135451999613887
1.460592,3.84192091085008,-0.805640479040653,0.96790106540379,-1.82352619273533,0.0897786833863385,-0.540912175913399,-0.0411900038358837,0.200430402232971
1.146528,3.87246302075479,-1.78071153291841,1.13486566406057,-1.96755520943758,0.762453714005084,0.039536443251005,0.378419765590682,-0.43987726809496
1.2567744,3.9222513630322,-2.26263275720311,0.590616562799152,-0.223550213846267,-0.158082228803432,0.489115380216613,-0.529492248454833,0.515501244766389
1.9579968,3.98865483902804,-2.07512315650764,-0.290114285401752,1.6465832626124,-0.918178321594195,-0.314651560136928,0.371874193883382,-0.454969903085053
3.988224,4.05955418130479,-1.26181365621708,-0.973142827421112,1.81252235393524,0.124553780578904,-0.356243104374244,-0.018080968641524,0.27200340393742
6.310224,4.11825569560037,-0.0623292767689739,-1.06683699514876,0.191035102779012,1.07106969247972,0.546518468655352,-0.336010088652988,-0.028354736360029
4.6149696,4.1474903176437,1.17525623475787,-0.520651535971894,-1.51947121629118,-0.0125019573233136,0.111271774822759,0.537537830403742,-0.166109864305195
4.1478048,4.15444249797009,2.13620835883472,0.396814866105147,-1.55849367228173,-1.12402186210198,-0.61776607562018,-0.404183125371274,0.30563227406354
9.542448,4.14505171622056,2.57816716481684,1.18146546455179,0.0340134442390307,-0.0773724515452309,0.228499416544229,0.014486783550316,-0.351341693662595
14.328576,4.09702184496862,2.35299328140095,1.32757076505849,1.49223680720215,1.17461884359246,0.537599604736491,0.414900608414596,0.321228123838214
7.46064,4.00494881691613,1.52796780645964,0.732685406499569,1.36403556189244,0.287390929455905,-0.463232010517395,-0.51623502333806,-0.151740345008385
3.1910976,3.89334509119756,0.387863248783415,-0.208180026321019,-0.0140574061707311,-1.05559689494447,-0.262993123761565,0.301084597671066,-0.054239561961107
1.9237824,3.77894756697192,-0.72548518467575,-0.938296485996522,-1.16059424784719,-0.440048674064774,0.581713749848534,0.0655971841098697,0.225398315101057
1.3483584,3.6497805986916,-1.55302384091255,-1.11431951597482,-1.09207219556276,0.875369662666518,-0.0716396437429512,-0.363566899985997,-0.313063925107183
1.4377824,3.50183373600846,-1.92012382354437,-0.697547918576601,-0.0680064026193615,0.578731215136811,-0.485061613604486,0.469064329802762,0.328718770251445
1.8121536,3.35229467189989,-1.74915425852028,0.0820593769055054,0.891140042093899,-0.608901172112574,0.367830201242056,-0.298862076200196,-0.249703711279506
3.0849984,3.20676631230284,-1.12747782285957,0.791674958395903,0.951394323197243,-0.653117629686467,0.210672713707475,-0.0692176936472857,0.0817028627805426
4.307472,3.06327215555949,-0.272570263736366,1.03383408324825,0.165814044732626,0.312903165791283,-0.48084788757944,0.408519494347272,0.126050441132382
2.7258336,2.92599319373528,0.560051402273462,0.691703537067435,-0.669770461215044,0.646673451057479,0.11421396765539,-0.505345289714749,-0.314948146820572
4.2296256,2.79705243325839,1.14023574577344,-0.0293297233454286,-0.838213922982614,-0.0428740684446817,0.359981070020649,0.273616595077253,0.413548373094211
0.5262624,2.67314687621576,1.3233120214044,-0.727490279398505,-0.300656085051817,-0.583272873239578,-0.340762382799283,0.143196593224359,-0.390317893750237
1.2887424,2.56912967220396,1.1176761041223,-0.994760562079717,0.430991940394516,-0.189655029158733,-0.0955992787938013,-0.479378168036647,0.242119394189141
3.1638816,2.49431176280595,0.626952890318914,-0.70261673878228,0.724193752274444,0.409567151500766,0.3082677223693,0.460810871305998,-0.0519012237076859
2.5485408,2.43712555388419,-0.0177025427831341,-0.0950831160234944,0.3192380494475,0.277706324884969,-0.164177613711896,-0.157624617999366,-0.170808649337645
1.3427424,2.38378808512545,-0.660132463679309,0.430254114277243,-0.400215197033662,-0.257590150099664,-0.107328432238963,-0.232105027701209,0.359790621740158
0.8344512,2.3311004403959,-1.12860720988746,0.611709377984987,-0.724743190157097,-0.307968599568138,0.224928573968575,0.467708385073588,-0.454028490669144
1.1235456,2.28490496802397,-1.2830127157284,0.451606175757498,-0.318205215109113,0.11787687784485,-0.113119995599779,-0.402297712608422,0.421930188201343
1.7052768,2.23733038041318,-1.08838603713196,0.123371536305122,0.397239883976278,0.278339097869273,-0.100262616931208,0.0681931806246839,-0.276195300605947
2.2462272,2.19337015491078,-0.585771128868931,-0.1308367339816,0.721557394642165,0.0284082081960066,0.226879405018342,0.3355980038745,0.0667450834219942
1.8144864,2.15605158264988,0.0946272953194633,-0.190843201280828,0.336035667331984,-0.210940809892236,-0.142978379314274,-0.555428379135854,0.137642231456691
1.8454176,2.12152171739471,0.758160764986946,-0.124536438203119,-0.396492629473373,-0.171187352559783,-0.123827949805853,0.419888731713304,-0.289248890107235
3.7442304,2.08801450791658,1.21512331123633,-0.0788339631827044,-0.753765418935378,0.0997478296629551,0.309011834003367,0.0114695118661032,0.352841839181775
0.820368,2.05450855097667,1.33769934639486,-0.132336113554392,-0.357181468275413,0.292814400826795,-0.144614556431205,-0.462821691355614,-0.307990449574663
3.7474272,2.04053404471524,1.11824783222518,-0.200425902815845,0.447738419238928,0.0762538548366307,-0.229107816790774,0.639779055258008,0.16983032492046
1.1280384,2.04206523862109,0.598802582499155,-0.186657251911819,0.8033839011418,-0.420289468664151,0.317326628591094,-0.460353489121981,-0.021829039269913
1.1202624,2.06714483494801,-0.0924697124979007,-0.0243265575603142,0.293460350850705,-0.322458369180553,-0.0174951122283404,-0.00230521946969033,-0.0992946399019467
0.5870016,2.11204557339535,-0.805230957362288,0.210605079703379,-0.615610042160949,0.416627934045436,-0.36299534556353,0.439389608119034,0.11546343698512
0.552528,2.16979263872339,-1.38725456607962,0.34539222114216,-0.985188621152306,0.528696935422631,0.284709100815966,-0.629153342877608,-0.0448134881423141
0.3812832,2.22880962019434,-1.70995654970944,0.238733620641331,-0.358709977007758,-0.380962408531816,0.181527450667592,0.458502291648994,-0.0873726817698148
0.16810848,2.28839912925074,-1.66834106217042,-0.0715081667395265,0.731848169251548,-0.721317494366637,-0.426303712316612,-0.0114303576077625,0.234796009049759
1.51308,2.35429787288793,-1.22084414209879,-0.385178531478669,1.19369268027291,0.299628791361383,0.117117322369389,-0.457006365271523,-0.33675752623647
4.524768,2.41875757883995,-0.443902684353439,-0.499188713223657,0.432812719184878,0.881719081799591,0.336348447290288,0.651349745929518,0.326351293936495
1.19390976,2.47764710604048,0.501500451722685,-0.309120979647899,-0.888393419323443,-0.168478991018293,-0.344879687150774,-0.439853559784157,-0.170730531377909
1.2617856,2.52627065812288,1.40150953850476,0.114732556113225,-1.40376826445252,-1.00316471875833,-0.0693243214742885,-0.0318769259686396,-0.0901164918579962
7.01843616,2.57622024643078,2.05554748852796,0.566078568927767,-0.437822831700767,0.0330024314713246,0.396095716932645,0.489041429388456,0.396185399662068
6.295104,2.6106927740681,2.25993869415052,0.737884434543709,1.09113358564505,1.08156273855389,-0.249870382365821,-0.666946675929437,-0.659084143282002
9.38304,2.64007456867008,1.94417686190482,0.503283690303383,1.62244380422922,0.178121643802756,-0.147584872728898,0.495180955061485,0.816408953413812
2.4426144,2.64757190336219,1.1277008198088,-0.064402988074647,0.480799301391862,-1.12285725119588,0.3495709396764,-0.0605713507467537,-0.792940567215132
0.6334848,2.65589795113774,0.019154196951052,-0.608541792036451,-1.20786162676472,-0.327500240818898,-0.0928126149192841,-0.351254556587424,0.602713638359827
0.5075136,2.66320942836984,-1.12759551997263,-0.809592268008201,-1.73204180711363,1.12383645547919,-0.296764922745429,0.501414920456232,-0.291815485179003
0.5966784,2.66352241657562,-2.04864353050369,-0.55209112025101,-0.513047378952527,0.472686014873639,0.291702969053633,-0.35154458492719,-0.080248242343894
0.815616,2.65038381492141,-2.5138581118871,0.0310139217773133,1.29028353370621,-1.08370361092829,0.141761300043931,0.0727236133046063,0.46888560369913
1.035072,2.64257595299439,-2.34975054972429,0.663274882366455,1.91608779229167,-0.560338502588516,-0.367247901196285,0.181956957831081,-0.78065576398756
3.8850624,2.6392090551083,-1.56427611879771,0.979100065222306,0.639517538478582,1.02292285102557,0.0307694073111429,-0.325267985436856,0.927100311597752
0.7954848,2.64992996556798,-0.318349788990969,0.770315748022686,-1.36865009248246,0.645438511605213,0.384201199248595,0.328968170554387,-0.865511420807071
0.50494752,2.68214767920756,1.08394105030209,0.0958645141940862,-2.13227670410174,-0.991696981757713,-0.279319421605332,-0.249047283228558,0.567809669400171
0.26637984,2.7293904194881,2.25161846052183,-0.739730837942453,-0.835776787157793,-0.791816668777525,-0.300647455405182,0.0689727659350641,-0.116084871521317
5.52459744,2.80919258317709,2.86644604596521,-1.26277310710226,1.36307845301414,0.937948734243447,0.540253704417444,0.170167650122675,-0.398461989727899
6.52752,2.9232099741665,2.70873164855142,-1.16789371018448,2.27296718947199,0.861842523886888,-0.0946214101249489,-0.467598618458512,0.783957714694691
2.59416,3.05925512066956,1.73031841713317,-0.497572169747406,0.848576348415294,-0.976421551306035,-0.611573099111999,0.593021160656148,-0.974759194018431
1.097712,3.21296634476509,0.128345668989725,0.419941034643442,-1.57517217225889,-1.00258107040077,0.603646785217697,-0.402149065460765,0.905237046633593
0.6364224,3.38394159560126,-1.69239013923816,1.12867372500261,-2.52447047120859,0.969763456211757,0.229169269461934,-0.121608373800113,-0.615114131715186
0.5616,3.5651930429503,-3.23413948219,1.25624981835281,-0.922743746323548,1.13694629543114,-0.916265347109245,0.701480520464394,0.163325695278833
0.520128,3.76335846519717,-4.01474266634155,0.738837455637318,1.73449532918338,-0.949313618379648,0.477486531850662,-0.967929771494512,0.327576935078277
0.963792,3.97885405763899,-3.74502856829823,-0.181015287575913,2.73029480509142,-1.3384700615779,0.639463067823979,0.630092903402737,-0.765575147312334
3.7301472,4.20505024091615,-2.43377988377804,-1.07385638296289,0.891371958389685,0.83113487544273,-1.09956582949929,0.164572032003324,1.00998905866757
1.0150272,4.41475923432759,-0.412794116081293,-1.52464092245076,-2.05967726620865,1.49055968733738,0.162903393364234,-0.985206979158992,-1.00005740631755
5.8746816,4.60095978895058,1.81588636219852,-1.23727414493352,-3.01369087988523,-0.628619540099859,1.19285119334002,1.35985231030012,0.781449951616127
2.8458432,4.77386753983494,3.70572858423139,-0.218977286654011,-0.734830044268454,-1.54297337060334,-1.11347647297496,-0.919907379299246,-0.375644636623006
16.0343712,4.9465281648833,4.76305422772922,1.09450997385253,2.55987661373646,0.432987610353632,-0.523264332020973,-0.205658010614823,-0.141793192079516
24.985152,5.06224663151918,4.575438707038,1.90110560129621,3.24124284333382,1.4729424885939,1.60681450989985,1.34461325305225,0.633981861214467
9.059904,5.0835309990103,3.11304291639185,1.705407417742,0.457087683523513,-0.128577015731383,-0.424427237881328,-1.57054884424636,-0.819933988415478
4.214592,5.06691519646195,0.877486134483848,0.758387996879503,-2.68548829529588,-1.02868765698224,-1.25657301177528,0.863522778689626,0.78061403488898
2.3581152,5.02964002707453,-1.46773542574514,-0.395128775409132,-2.81669898626024,0.021831366907468,1.16001138835686,0.333305628107671,-0.562862617472923
1.9506528,4.97149815612405,-3.28738699174747,-1.23728290932015,0.0697670000253752,0.567502841029866,0.508086124311773,-1.28997276483312,0.269703244260318
2.5231392,4.88678598047114,-4.12324305060317,-1.46947191245055,2.77086785506292,-0.0478128948845447,-1.38393957801174,1.48920783629693,0.0342880384649305
3.4617888,4.78957247941827,-3.77617627470274,-1.0512639799771,2.43318481225666,-0.0768300947305851,0.35054957140294,-0.804744483377902,-0.247340624792142
3.0070656,4.66078579581021,-2.41974610719477,-0.244126752000196,-0.508158715229863,0.239328478016824,1.11059280457754,-0.337434888667034,0.34216166516634
1.7784576,4.5253511417315,-0.428504561976191,0.661241309720287,-2.74952817473785,-0.245392531477586,-0.900785761010658,1.33450696074216,-0.265026565065438
0.77307264,4.39610001693723,1.64585175432833,1.33268812931562,-1.88420575741203,-0.540308003250713,-0.612666350787327,-1.61054141216443,0.0499149769626442
15.73221312,4.29213476160961,3.2257036199385,1.47304397538784,0.989875537690281,0.42032060329732,1.14655981678868,0.910589854211207,0.160547478449883
13.596768,4.13860644422525,3.74435757923014,0.816482602842299,2.48102851264902,0.763364519039333,-0.0412260764216676,0.332997320453087,-0.296513975492046
5.224608,3.95413741526164,3.11865312193,-0.301471875588493,1.17251637501394,-0.325801191051799,-0.862253414834082,-1.20296385668158,0.442967876752337
2.0638368,3.77955405581239,1.66480442523385,-1.2110411864691,-1.13386248800727,-0.858128783110642,0.424289211706591,1.23423829669995,-0.555631485773593
0.9040896,3.62885071276993,-0.128374859978686,-1.43646035655793,-1.88069530381452,0.137670763185587,0.416534848394399,-0.594576897909426,0.534363781383842
1.3082688,3.47093416153269,-1.78717045654932,-0.980407444178905,-0.609678924202381,0.797054426752028,-0.491303432040242,-0.284770844275118,-0.390919863804553
1.246752,3.29285129467032,-2.87127516667611,-0.127339722079046,1.0169775238043,0.0643901934936579,-0.0646386976470227,0.930344860297782,0.189144093717287
0.6382368,3.12795651107015,-3.04445882079663,0.785131221679314,1.33766870310042,-0.586046607477354,0.403345954918046,-0.96632497167517,0.0657132177878622
1.2984192,2.97812328852235,-2.29769875796586,1.34081127902874,0.234462617227021,-0.253712616722289,-0.173001908729495,0.372272761330371,-0.385694730428243
3.2871744,2.83425659462451,-0.920928688244778,1.24539896359541,-0.940752545570479,0.275068113114466,-0.241077076050152,0.410486467231246,0.701863020338008
0.7289568,2.69906551074333,0.636974221144891,0.527736050035384,-0.919074661226057,0.348602885976177,0.264105879134847,-0.854284681179563,-0.934749946409405
7.0141248,2.57416667434237,1.89062188361024,-0.48409103007065,0.0979078648132126,0.0414662605563252,0.0529718497493515,0.667226654653697,0.983308619554796
1.1208672,2.44096672346222,2.447388141771,-1.32292660839272,0.81030416038909,-0.368338051871133,-0.240323789681188,-0.0210206630136116,-0.790141543900287
1.1428128,2.33483858325433,2.23039151152385,-1.47836357900218,0.524650081210531,-0.278635418737423,0.141578624159679,-0.550077020148045,0.392139276454789
0.5636304,2.27817884228646,1.37443910766695,-0.826231726225229,-0.308288352519971,0.259862630531065,-0.00270237709234938,0.549986924160061,0.0668136267041429
1.4970528,2.26622978846448,0.127502434569733,0.224342188641417,-0.787656968471765,0.333077169885973,-0.222482100605703,-0.13440371538458,-0.580648248086732
0.6365088,2.26418582884667,-1.21353609903606,0.996910356836736,-0.51160019009021,-0.262177911378605,0.237545284539932,-0.361528254935299,1.00611140982874
0.4370976,2.28107705916842,-2.2585754380064,1.10419668588342,0.24371584638486,-0.370131120070635,0.083452589256376,0.54405814573431,-1.2296531991187
0.3134592,2.30834268521195,-2.71381848618898,0.560925279409327,0.722983628458994,0.222827673276847,-0.432721478392007,-0.297615617776734,1.15062663129911
0.2934144,2.34945517977162,-2.43036476018718,-0.231505345370477,0.478072790042454,0.391251336701813,0.274976001532904,-0.203259818579661,-0.772888133319201
0.2080512,2.39228556063208,-1.4843116661553,-0.795572331054486,-0.24605945448281,-0.218369166354095,0.29985684014867,0.555173759689122,0.151623028631445
0.997272,2.4341211437254,-0.122346246239184,-0.826433790157094,-0.717811639671044,-0.421345779778473,-0.59237654054942,-0.468709427983621,0.577194853432112
1.3585536,2.4663463450813,1.28990514935314,-0.36566058917419,-0.461075639491816,0.219045023632284,0.153056417507237,-0.00259738289680388,-1.22046591609485
11.4668352,2.49585480071508,2.39023295253092,0.277877483457315,0.286024893822195,0.488669313430946,0.583987793040241,0.526467451028147,1.60517504634339
2.0087136,2.49220973707146,2.85233806355073,0.669500833474493,0.737216191967317,-0.21505121378649,-0.670639936759316,-0.685583974437855,-1.58567997458845
9.058176,2.49848409671115,2.62792488377249,0.688417570815444,0.5434476013344,-0.435411210432947,-0.0110403942233163,0.404746941070688,1.1889412265531
4.625856,2.49003950579507,1.7447641619145,0.329912758423385,-0.183954633231952,0.157699985622504,0.653486592409799,0.0800161866394967,-0.54461506270785
2.5683264,2.47191276925956,0.434105696072868,-0.161881130344656,-0.766352823990036,0.416958088206176,-0.496908621730729,-0.41002883398257,-0.150028255322809
0.6498144,2.44127552211404,-0.968724509784488,-0.490046353559677,-0.615679637431589,-0.083610286094066,-0.203817880597646,0.42628468821637,0.743942976104312
0.4675104,2.40983619568526,-2.08817967675985,-0.463728515213149,0.185392032440036,-0.35498832161633,0.639376836495431,-0.175186782239785,-1.10479793750736
0.4066848,2.36367349697538,-2.66006346748241,-0.162134058902631,0.843954286757658,0.0180384549581771,-0.348235168950216,-0.123446050381387,1.17940499711967
0.6051456,2.32065703152523,-2.51735910752967,0.224902678537231,0.72242541878702,0.338495490826657,-0.263885040325976,0.296549896956973,-0.957173151721856
1.4332896,2.27696869230292,-1.71176001432571,0.435221815171286,-0.128201270127251,0.0197639371371299,0.52143405536881,-0.283519991636708,0.500873575687837
0.780624,2.23223772700245,-0.465324353384781,0.337264135469883,-0.917516321554476,-0.316911994085942,-0.223135878882161,0.139351049607409,0.068161224301578
0.3292272,2.19531885457232,0.902351132792557,0.0255094129188777,-0.827665713676701,-0.0289683839917234,-0.23896976064384,0.0422464493994041,-0.590888303257953
4.6342368,2.17556646646188,2.03832180880883,-0.276307469279819,0.111975395168112,0.289519750023209,0.397930545014746,-0.189839386112491,0.910535949517869
2.8480032,2.17828406830449,2.63561839123617,-0.382725033179724,0.972417874762258,-0.00788383873597362,-0.214785432106159,0.214362538246274,-0.972973737659906
4.6796832,2.2064067841127,2.51363264587446,-0.264687752279535,0.833954523369535,-0.335414393327367,-0.179978799365187,-0.16838166519552,0.736866987106995
3.084912,2.25293996912226,1.66136641380317,-0.0607807708470064,-0.24610458750287,-0.0348934766222375,0.391316684755217,0.0412524276291918,-0.310873565158867
0.6986304,2.30968189866394,0.268781098028374,0.0605720722518481,-1.18301429157309,0.341616353618844,-0.243268188922941,0.0978905514409419,-0.188200547736821
0.2858112,2.38373077951424,-1.28933315107273,0.0529004750809565,-0.922960428928273,0.0783959056347473,-0.168051325581408,-0.199957911742035,0.604112375369079
0.23131008,2.45902823617428,-2.60654672747417,-0.050290966503565,0.325845909055175,-0.400135326319476,0.412977200887188,0.175841215538331,-0.849832854572565
0.27124416,2.52796973512665,-3.30034086466486,-0.111719731256858,1.31458052319919,-0.130480078902589,-0.20388867559342,-0.00888547034935793,0.888940069860246
0.19289664,2.6024247223835,-3.10356548507325,0.0118723286073226,1.02821343233046,0.495038575659504,-0.219675316837637,-0.177838430284394,-0.710629405865289
0.463104,2.68127104846922,-2.00508251596428,0.277138554910755,-0.33023304650488,0.204058112953463,0.389754807494031,0.233201832849127,0.352760712452569
1.34925696,2.77613181355352,-0.242922188555655,0.488942385166603,-1.4375351278647,-0.583852249594562,-0.141446427200921,-0.117607876505206,0.0824538107262766
2.9300832,2.86851710378657,1.68607458237789,0.371521453119299,-1.20328199900036,-0.381005366535938,-0.31639486633776,-0.139361906945274,-0.518085704629445
9.7760736,2.94460248588532,3.22084356852401,-0.128584535969442,0.227696660056768,0.637038444995743,0.478149237189292,0.385038196861824,0.876216685571184
5.7172608,3.00851329271877,3.93018859185948,-0.706044813893966,1.58191365822138,0.661037232449061,-0.00606896620604289,-0.359064764550572,-1.02598803290628
7.3465056,3.08782068667118,3.63247501706093,-0.886815566985225,1.55878554668937,-0.559196242744737,-0.550079147405764,0.0303049457010786,0.919519648313582
3.539808,3.17337213980198,2.34894656135981,-0.481522298411261,-0.0413027077608448,-1.00381696273673,0.37610764336828,0.34710303002646,-0.611572758189369
2.1162816,3.26499895884828,0.373924028611687,0.325032731825585,-1.82501496240413,0.369224759875855,0.357991805291398,-0.492547474697208,0.179181542486392
0.8464608,3.37039081400766,-1.7886085566614,1.05896159682328,-1.98146703781633,1.31134806320735,-0.672612091382029,0.271429073568995,0.266508455125091
0.5476032,3.48851841269344,-3.58174235808954,1.20116614170294,-0.159393354084851,-0.126718589332501,0.030686923745017,0.143796640807255,-0.656622055703803
0.5475168,3.61014927763707,-4.53690011670932,0.539687382720631,1.98748886323865,-1.61075713127473,0.72367054517254,-0.482032195832346,0.900939353137447
0.40926816,3.73588384569972,-4.368783369508,-0.608555189219232,2.31707172733035,-0.215940694123564,-0.51844064701132,0.502803604028546,-0.952843389801226
1.3821408,3.8582956482871,-3.08062613472648,-1.56713398661889,0.316638163523649,1.82529470457621,-0.462099858197146,-0.183344466372362,0.798744968904225
0.58174848,3.97665276212192,-0.953540558661193,-1.67399148307246,-2.17316085776219,0.649381519531746,0.912253775098081,-0.264823960730996,-0.464239433774132
0.48112704,4.08995265006393,1.50440663287827,-0.727072704156219,-2.641396670282,-1.93627570318675,-0.11865208980993,0.553101908544726,0.0264945730009099
7.0146432,4.20094213724273,3.67942017809623,0.825105982700192,-0.441367687981417,-1.13751681584952,-0.943434954197196,-0.486513072158499,0.417021819624123
18.1363536,4.29657166878535,4.97552820139432,2.05811565653065,2.34710709850053,1.90684305887355,0.78743302667872,0.0799185243948886,-0.779399995634116
22.34736,4.33747975610947,4.97344932088327,2.11998150068838,2.88292969240005,1.63899678864448,0.506491042665353,0.434402105689614,1.01084881296781
5.424192,4.30627996955963,3.65745510873853,0.914339599269113,0.601506978347733,-1.60336425457003,-1.0643138217756,-0.550801747592922,-0.924430472719096
3.0436992,4.25836898414994,1.49536581272543,-0.733642805418432,-2.10821977119873,-1.84561239929739,0.30733309897127,0.308895480946179,0.618460876538939
0.970704,4.20202986044238,-0.905497199811275,-1.83693763237722,-2.64346456957857,1.26020145174882,0.729604953280361,0.0483189732462099,-0.205462894892381
0.8179488,4.13199238487073,-2.93998438798618,-1.81239731397349,-0.670562140154098,1.96343074857697,-0.813195255589302,-0.264671553655215,-0.193872383171045
1.0844928,4.04170193449133,-4.13005055722801,-0.754336542028022,1.78825485772631,-0.890232935537336,-0.0148613759700668,0.269521725871658,0.507631636290408
1.5216768,3.93939434883715,-4.20885979706793,0.692175488495792,2.46037296918354,-1.9542973860074,0.767196865902292,-0.0939037387514952,-0.642691537588404
3.0415392,3.83258185483681,-3.20005224787265,1.69732749606147,0.87998083592167,0.581971793904207,-0.58469277252942,-0.0720507404956643,0.598405799229449
3.4507296,3.73342519494944,-1.39842089359295,1.71962064907194,-1.36379056789725,1.91352898043194,-0.237279528096805,0.0990694387632604,-0.409969412097759
1.1967264,3.65355955417492,0.704021834106427,0.782192624164942,-2.24459171583593,-0.313891528969427,0.708445718439112,-0.0114044142652031,0.135723831433239
0.6114528,3.61027071501179,2.55143292916435,-0.565739883198636,-1.11735946666412,-1.87111430394242,-0.390923854162795,-0.113078504188879,0.101083861366494
3.4193664,3.6054411070398,3.63568199977396,-1.61174820550319,0.827542714367544,-0.0195730981052362,-0.389892270235744,0.0591473470044073,-0.28984240498741
8.0803008,3.64318545812796,3.65654503053132,-1.83593090249987,1.83674531023153,1.69176064461712,0.665191632821998,0.11423519057943,0.342596569833786
3.426624,3.72638214935905,2.5989600687062,-1.17306708782279,1.14393343798438,0.205075349537752,-0.226263065168255,-0.333068716642364,-0.320304522626142
2.2234176,3.84596912296597,0.722321296862585,-0.0362166399184851,-0.533643259870757,-1.6091983098616,-0.518780846288545,0.300230288105601,0.184387831419026
0.9932544,3.97728018967983,-1.49852086280439,0.946607801728613,-1.72114743501554,-0.453031710827482,0.654558056307537,0.00643152768592861,-0.0153840243415852
0.6213888,4.12267980657448,-3.42249039568158,1.3622475621695,-1.35934782426326,1.50817002150149,0.0268229518294322,-0.394613398917203,-0.114353343582519
0.6057504,4.29282798609936,-4.45226430508404,1.14098407723905,0.237791558584134,0.671640571390259,-0.729803517801828,0.549975590812697,0.129331390288797
0.4917024,4.48363027566435,-4.25628333225203,0.459241609171527,1.59355469097617,-1.44427348398504,0.488543867193431,-0.365441083566618,-0.0638162049700425
3.1536864,4.68306112185506,-2.86561028104533,-0.381479700652155,1.42791943341933,-0.951917189263869,0.370156192055217,-0.126321834272206,-0.080985390244977
5.4297216,4.86207512732243,-0.670831517668906,-1.07251707768702,-0.122784581433292,1.29412984637329,-0.768405664673045,0.63104361396941,0.25175591996921
5.5937088,5.0215033789503,1.76314931753458,-1.29444665439455,-1.51180424273079,1.28523508151679,0.275004652151745,-0.728411138483759,-0.325318364618164
7.2820512,5.15854873561397,3.80332293608905,-0.897664021556461,-1.35927524106702,-1.01518973102211,0.578530702920553,0.326849068975891,0.27299903234045
9.11088,5.28630693132485,4.93196441660259,0.0168713323619043,0.190158248445418,-1.50360459919687,-0.73006910898751,0.383740945358402,-0.0582043235598674
12.43728,5.4023473380744,4.83131661380503,1.03673102910926,1.54864232023638,0.693442433377211,-0.0182123690747931,-0.939100624814124,-0.272305249466199
18.997632,5.50822279053374,3.49030181296979,1.6294139027532,1.32135835078428,1.6573608403922,0.757362539171433,0.924224943458679,0.622986023338804
6.172416,5.56284065242696,1.16952831453974,1.37555987915315,-0.297050099332195,-0.354065166570719,-0.563988548156187,-0.245428561258146,-0.840983726248894
2.1374496,5.60444659208691,-1.4693278807716,0.442026481265902,-1.48085384752408,-1.55873246523442,-0.16143103452541,-0.575120305526156,0.924918756322099
1.3725504,5.63620910680456,-3.71312272068376,-0.702837118823493,-0.998920129422642,0.0589945039576442,0.593619369447307,0.968788219065947,-0.849196386157902
1.2489984,5.66120962431563,-4.95897282908894,-1.49683828974934,0.520909485377129,1.40034179743647,-0.392512998947436,-0.674526085601557,0.612013453720417
1.3203648,5.67095409051717,-4.88661793682402,-1.56466152824125,1.36233526094589,0.174998112602034,-0.124714010115508,-0.0826160677896855,-0.229854330597982
1.4352768,5.66662372251264,-3.50771892573954,-0.853084302173864,0.677746420957571,-1.16570626636244,0.506806550988088,0.802769285677607,-0.212249991067175
2.928096,5.66464963078491,-1.15825159432132,0.337411528421333,-0.65193379228226,-0.291303714385415,-0.402345791763389,-0.961752267517849,0.64698919166662
8.2137888,5.66944438723289,1.53352341385124,1.40869889932723,-1.16704256969188,0.890136685216763,-0.151084990371172,0.392334701215844,-1.02178742125625
16.382304,5.65280863433684,3.78433679891675,1.7283270870952,-0.458399003232035,0.247693613149419,0.556389626240882,0.489285504976177,1.23478547590584
9.019296,5.58933583655275,4.9527157923694,1.08904123072226,0.63787403032067,-0.604390207582734,-0.287970099082215,-0.969957736786298,-1.14580186161816
15.151104,5.51243313647667,4.80411878870961,-0.0663294341891334,1.10822916655435,0.0429731469448264,-0.211548431490051,0.777961991002797,0.802115559117106
8.863776,5.40237895147117,3.3966279824233,-1.10990190070462,0.510568306873657,0.418298171109656,0.383434670489244,-0.0705175860399304,-0.267297566613753
4.072896,5.27706252757106,1.17808205138012,-1.44611868486334,-0.48798101886838,-0.306968638784785,-0.0679902154635381,-0.576909809716771,-0.282997864891838
2.77344,5.14362158018412,-1.21755061647164,-0.9214113265088,-0.921566237224724,-0.311714055340003,-0.238113786431677,0.729450813892566,0.722292251570598
2.7244512,5.00295028365601,-3.15595217469259,0.096420462971719,-0.479252201793685,0.607111994570173,0.162641087359703,-0.342922254797168,-0.960828087544291
2.031264,4.8406968412352,-4.17381158804776,0.964725914049013,0.314940536885906,0.322765848072648,0.0989530129414979,-0.220117026182537,0.986630409026265
1.4734656,4.6876449566558,-4.00684964058619,1.25236611052202,0.798520014031538,-0.834770860540233,-0.0619371488521835,0.572777091265586,-0.784864817033915
1.8188064,4.54457198697376,-2.76937425699116,0.826894967555945,0.563706542123995,-0.472523481109766,-0.206072538378554,-0.53375116418923,0.370271120048032
5.6377728,4.40324382305439,-0.885410849555296,-0.0696810191539278,-0.200330678555597,0.986239165503923,0.101298521628428,0.13590333961088,0.141946358863698
3.7183104,4.25176275753153,1.0692363155806,-0.930486879328202,-0.812936539876967,0.687697440700213,0.369191042602081,0.351088394654595,-0.609018420534797
2.8473984,4.10631302880849,2.58739086027075,-1.21698211097005,-0.640121976145589,-1.03607131415154,-0.387788167139583,-0.558014421203481,0.933969327224015
3.1110912,3.98498820809396,3.31843522029087,-0.742109632953023,0.19172638786151,-0.946637991890555,-0.31883000612645,0.316447741288788,-1.06285472910742
12.572928,3.88299766618741,3.09676910795615,0.147246962868119,0.797918395442625,0.930262757309145,0.710785096839776,0.108449997404778,0.899367311779402
7.019136,3.757113103285,1.96950928169435,0.805167874915028,0.478754788030876,1.11805925633345,-0.108053410093294,-0.405510417554303,-0.473357109438016
3.2321376,3.62564265170285,0.341488784341832,0.904351317672572,-0.291077947989754,-0.669308309650081,-0.680298842047288,0.468866913126544,-0.0415608044390743
1.0301472,3.50689950226587,-1.2460752445685,0.5032219003457,-0.594317113869893,-1.20427037314369,0.582367330820998,-0.294060965982578,0.486108829303696
1.0525248,3.39542929018941,-2.33770613235137,-0.110816931298484,-0.214481996478196,0.33672634640755,0.260095057408444,-0.0593555382184969,-0.774752745141828
1.2183264,3.28241527006505,-2.66172945082022,-0.579904472085955,0.276831512170713,1.19313243952076,-0.773765601348057,0.404000476997157,0.850474578822661
0.6970752,3.1744937925615,-2.16897256364936,-0.651429011651514,0.322009724201213,-0.000767052965255496,0.312249228580404,-0.535611391613592,-0.711347779552162
1.091232,3.05890592096223,-1.07940718397801,-0.358706757559863,-0.0412051991517507,-1.12122429880701,0.528699645931675,0.352977842863054,0.40682245775049
2.2788864,2.94755630848965,0.25989863567996,0.102337321956229,-0.234736067325236,-0.266875233739087,-0.656052569692452,0.0889013629498714,-0.00424225289601197
3.3535296,2.84457589864396,1.4379860907985,0.452411420765626,0.0131058070365217,0.986667780722899,-0.0653357114235114,-0.54930717209563,-0.403263700465748
8.8312896,2.75769667633273,2.1095626457544,0.497929183661697,0.310788953597065,0.475893657930905,0.646328324521913,0.703437512426719,0.692596522835269
0.7256736,2.67211604347777,2.06437233646799,0.206781640012134,0.111680162589741,-0.853125752864429,-0.388242100797183,-0.430080053875661,-0.801286104558833
1.9717344,2.61315745606012,1.37590715810667,-0.179650030662008,-0.39286618651624,-0.610912287668289,-0.293867220215573,-0.121622062256832,0.713931819090141
1.191888,2.58424990677004,0.274681881908768,-0.425777600680384,-0.567004462092016,0.629292394124635,0.461088076768289,0.557813301435105,-0.51973545653868
1.070928,2.58350071148986,-0.913949855451289,-0.436992496711298,-0.0997516783776019,0.606283831127175,-0.0989547708564847,-0.673906636877202,0.232315174070049
0.6117984,2.59206147404946,-1.87471429376077,-0.296654841956333,0.541068047732885,-0.502858634855649,-0.288088586491586,0.369466906510666,0.0491482586942532
0.6692544,2.59737781298628,-2.34326869810182,-0.118879414596585,0.638639998775176,-0.582924915131234,0.276143362992455,0.177256165799983,-0.258152910402941
0.57672,2.60153424453363,-2.15839636802262,0.0614687134396685,0.0555941437933212,0.435296252047214,0.0434789878121749,-0.603188737234056,0.380564847702874
0.7626528,2.60851990515734,-1.33204713595497,0.254396759774822,-0.607338435349836,0.571716276314341,-0.223125706090399,0.64452301326929,-0.412756027290979
1.8077472,2.63114987839804,-0.0549445061709661,0.446069760068241,-0.638131745042687,-0.382349587808733,0.095402236429704,-0.288601231604109,0.364226767829501
3.7882944,2.65847291506006,1.29710176493691,0.499801110837526,-0.0361739160766661,-0.61903398010758,0.0290646418986654,-0.28270941561818,-0.301365150129126
8.210592,2.67751945141802,2.30530104775181,0.28529521326172,0.558111535540462,0.305883178789392,-0.0200696787680313,0.711572284444834,0.258457283643717
5.161536,2.67726147262666,2.65572401521193,-0.163764061583392,0.584511270763912,0.695843011017572,0.0798973771902165,-0.66700014873522,-0.205912389440996
4.4054496,2.68470556570788,2.28337682060399,-0.569630292786966,0.141962465721678,-0.125048230307902,-0.125035451843064,0.19827192531425,0.159202519727102
1.5231456,2.697761123651,1.28303799152583,-0.691013051862407,-0.358212372795866,-0.765579672573789,-0.0427360176016116,0.360568109427092,-0.128421106388571
0.810864,2.72726318784056,-0.0678099574721667,-0.420282199531575,-0.531584344251712,-0.0842745738932087,0.266249664279944,-0.661665409492257,0.0836948718809171
1.088208,2.76721008625642,-1.42407346083962,0.0943166902957076,-0.327884065676482,0.741237215044974,-0.224683826585164,0.497901981163119,-0.0279092790989622
0.6235488,2.82714452617209,-2.42139733959174,0.5703624867222,0.0830846131101869,0.274607425874083,-0.182370948806621,-0.0137865176036441,-0.0681280114091854
0.530496,2.89443318509904,-2.82350213451046,0.693819314931879,0.393571723236119,-0.734310484897579,0.430596481446973,-0.494954783115329,0.170384682459724
0.6129216,2.96588806943813,-2.53203847218618,0.370777438867101,0.41412381258732,-0.478598928904339,-0.12230278064872,0.688412216828232,-0.258434184777169
1.5300576,3.04195493438704,-1.61307480736915,-0.206468667973595,0.14364778717361,0.681082972681628,-0.421475326126643,-0.428795626948223,0.306162373477023
2.6123904,3.12096216935574,-0.292715429541361,-0.685247251690754,-0.263085841078838,0.665574239987618,0.466203451559584,-0.139714901337517,-0.304860576407923
3.675888,3.19611086428256,1.09621988358483,-0.766792539183792,-0.531403137626284,-0.5926081800513,0.125977663999884,0.649677307505025,0.24688757965727
1.88068608,3.27094813964486,2.22065258231144,-0.364565291654008,-0.378861851412118,-0.822145035932133,-0.610664241672491,-0.739090727722131,-0.123307710786716
8.4184704,3.35042248965357,2.81095330710182,0.307365972488189,0.168039756290292,0.46638441930885,0.31279774468035,0.314887493127357,-0.0599600006031806
11.02896,3.41808120805941,2.69072342753462,0.809889561333569,0.630512178470203,0.916332712656818,0.401652520346252,0.334369794402199,0.252636797583839
5.2662528,3.45583399484294,1.86802127284912,0.807488593399325,0.545950961787792,-0.295066558226592,-0.580308603777834,-0.72839661351799,-0.364045553055823
5.406048,3.48182372482428,0.597554575681519,0.351478352613401,0.00370692485249075,-0.875955750888033,0.085670279165819,0.664543234231388,0.404877809013949
2.6350272,3.49217345723663,-0.779546371703481,-0.267224248919865,-0.546326934543613,0.153751693139822,0.466241597401735,-0.196738628384405,-0.365057041998474
0.80136,3.49212086186923,-1.89063515407537,-0.663520004781745,-0.615043654070551,0.846636639101441,-0.414646175028638,-0.341429420886021,0.280462695019218
1.1407392,3.48566801862776,-2.4459993674859,-0.609315087043508,-0.116091947703027,-0.00713731443695438,-0.0948563363993863,0.630356932706006,-0.162297477233846
1.126224,3.47269661275122,-2.32253240871587,-0.175677946329229,0.51508973771076,-0.79111679667629,0.425033331566563,-0.520438554647813,0.0298457290663183
2.8159488,3.44871700279005,-1.58718207849164,0.333540238473004,0.698553977412035,-0.109875174748412,-0.224144196569896,0.131572251699069,0.117229676027811
4.798656,3.42490424816514,-0.443815411784273,0.612712668055448,0.265394431991531,0.753569375898238,-0.162995219922369,0.297463317430385,-0.250976299476825
4.3697664,3.39427059788514,0.777296225589805,0.486980402112325,-0.440042341506992,0.20256776392712,0.270791687226945,-0.527653707439144,0.347108353481998
2.9519424,3.36940101769693,1.76353744624933,0.0722269972765823,-0.761638228294437,-0.674440091280027,-0.0513619335896242,0.472188139387773,-0.370407654263828
4.3987968,3.3560987742165,2.26046978581768,-0.35900223975949,-0.386201985715302,-0.292370374307449,-0.166450591180032,-0.212673604353955,0.287359819319487
5.0658912,3.34995573925913,2.1276673288374,-0.565202803202738,0.334501593739794,0.543534201260737,0.0960938384446808,-0.13497369048643,-0.128611419918792
5.725728,3.34993220775802,1.3994138380978,-0.447018561906527,0.738065233801959,0.332707597490391,0.0698529701454447,0.40681106739527,-0.0743071982271787
2.9023488,3.35558655297987,0.273984482570806,-0.0952602259221483,0.454326786504742,-0.42619229592396,-0.0645809598622133,-0.496083910574596,0.262128801640177
2.0639232,3.36358293920152,-0.944121159506657,0.269628825838866,-0.261778562300842,-0.355901314461984,-0.073532170628018,0.353729223544584,-0.391412534089415
0.9705312,3.3761010051086,-1.91321204569229,0.449074537469538,-0.738512083982998,0.318606697623388,0.0765039087982787,-0.0293689152341815,0.430291204086116
0.8077536,3.40007550581657,-2.35418970776173,0.368264605304309,-0.522294800054871,0.346178251573694,0.0893591022589004,-0.349238444037599,-0.380594978676201
0.9856512,3.42844294579729,-2.15773961166899,0.073810386025663,0.159943257550218,-0.262277776709215,-0.191921488963256,0.566125605824865,0.233932337860686
2.6531712,3.46379604955588,-1.38088188106327,-0.260975096315583,0.671012365353768,-0.336585143685847,0.000532565284189505,-0.49313684057179,-0.026883505706898
3.6376992,3.48883613790584,-0.265354481611199,-0.472337102397283,0.522660327106928,0.184052155011419,0.251936525875605,0.12484218254605,-0.203650013826135
6.06096,3.50467163804879,0.891961407810867,-0.422265566734389,-0.0915831216650186,0.345614423674686,-0.147657308279489,0.393656286542702,0.432051684297419
2.4597216,3.50774562337431,1.79268019503613,-0.110515432026695,-0.556433408522353,-0.0844247067266237,-0.200738666985318,-0.74741794275528,-0.590235593465441
9.0353664,3.50802596675996,2.23169066868242,0.326013273344659,-0.438667147102364,-0.301970682906604,0.327277829259295,0.700049961450086,0.638646312361714
4.9676544,3.48237443920336,2.08391600330727,0.608579596418338,0.0520810295722957,-0.0198856644360218,-0.0131062723530267,-0.221306516972828,-0.543977060203688
6.93792,3.45332356127626,1.44723612769356,0.607492268830805,0.487550121681267,0.323783064331104,-0.284521273303771,-0.382711689670675,0.360970558668865
6.019488,3.41328230660683,0.496296498537815,0.285434742464737,0.466266085114893,0.110794386804744,0.163522704377335,0.739530139681806,-0.14502668448527
2.808,3.35801469994884,-0.523576920908136,-0.217825103745816,0.0227658462511876,-0.309390187916862,0.191855779871265,-0.61926804248025,-0.0375233824000381
1.245456,3.28868857375252,-1.35037329044977,-0.628482612643107,-0.402508703544055,-0.161698668733028,-0.222657483938003,0.141636305401989,0.182933894706402
1.1938752,3.20736441065003,-1.7791449782875,-0.694927607466903,-0.408504460615227,0.316615780418432,-0.0809503475438883,0.404789710121269,-0.268215246566228
1.6603488,3.11858019197426,-1.71287012927907,-0.341987159318306,-0.0133559425413915,0.243725538336319,0.267687924269555,-0.672193191207361,0.31423665256202
2.3502528,3.01937558130836,-1.1969303179244,0.252200086445505,0.373591747995296,-0.295107196157225,-0.0354924284750269,0.522080064596836,-0.325286574716518
3.36096,2.92051658069607,-0.372662525946754,0.773345109384599,0.40294192450335,-0.29277225408855,-0.255755111160187,-0.0476896351903007,0.327669789889057
3.251232,2.82331718543856,0.528767489996881,0.901104777812158,0.0581533545654147,0.260685329009189,0.153711157772749,-0.453201873974202,-0.329165958188832
6.3013248,2.73705919484857,1.26729550838628,0.517493819473532,-0.332352734737303,0.332914949575896,0.197659951537386,0.653661388253893,0.305183319051025
0.9848736,2.64441644272965,1.61677136908334,-0.243589405516014,-0.446812593743544,-0.258001742150949,-0.300879836208676,-0.446195644410211,-0.240066004360666
2.0738592,2.57437015242595,1.53016304516163,-0.923800663103374,-0.116176698276283,-0.323472349681885,0.0123016863982413,0.00340364154138331,0.134341713398264
2.1504096,2.52219291625265,1.02742762955837,-1.13792273660608,0.320224973535721,0.196807708079418,0.237476308887525,0.326454549671511,-0.0381596974120387
1.5108768,2.49474242420946,0.242568083327363,-0.741453444267321,0.408132224367677,0.264244033427652,-0.188416650628005,-0.391709698230405,-0.0673534922066253
0.8960544,2.47910243100451,-0.648044316868469,0.0395758331818366,0.018186711016368,-0.223840710261708,-0.107261811740525,0.182806646416891,0.147757286489579
0.8032608,2.48309812545711,-1.40940564675227,0.795955266707185,-0.422171449654546,-0.228296930520744,0.254313963815027,0.0923529905463129,-0.20856762657116
0.9100512,2.49744199117118,-1.85750290281024,1.09977408197784,-0.44273701008151,0.222809173437606,-0.109736085397116,-0.256189042356081,0.218638835642816
0.6883488,2.52396934540225,-1.86583948032799,0.786457378937381,0.00994837544871263,0.189373825308527,-0.15740914726738,0.20776541017867,-0.184286713470867
1.0151136,2.56424934549159,-1.41380913087277,0.0316110487361539,0.475065159400777,-0.257578155826535,0.223435088601251,-0.030152452787405,0.10022199976743
1.18368,2.61916354861441,-0.602872404271421,-0.756230810289982,0.433994097154536,-0.201260316700697,-0.061822246284349,-0.154295933849966,-0.0122940745375049
1.6959456,2.67551895480331,0.350718918775165,-1.17061719425714,-0.128403510430065,0.256169371770103,-0.174994203766194,0.189611778265968,-0.0686607101840326
2.706048,2.73799894542975,1.21962731301897,-0.964799775782534,-0.596488729341747,0.233691760995162,0.2500816002958,-0.0434745407877537,0.132013926465175
2.809728,2.80447046388596,1.78744311650006,-0.230542990294164,-0.425692013858773,-0.263101815744932,-0.0671937351437517,-0.175067975655486,-0.178712150739767
6.4947744,2.87835484831587,1.91255722684462,0.648495724485816,0.239437650382317,-0.289554283205425,-0.236396965822293,0.263448962093222,0.189054887689735
7.4798208,2.93500692193184,1.52268414333574,1.15560784359609,0.644392916254129,0.21457171315748,0.290097155460136,-0.13877776576909,-0.168869111905916
6.250176,2.97403427791868,0.723954129282724,1.03388569017822,0.369834593439535,0.396756704115446,0.0793893750864665,-0.0708444316987564,0.169136660232368
2.8254528,2.99889799716861,-0.24925582544422,0.395809630878007,-0.250081482691682,-0.0830413624170536,-0.379062057621302,0.24557385431203,-0.166982611027659
0.898128,3.01925999733264,-1.10706389818676,-0.372521609227141,-0.536569678261203,-0.439216705975646,0.200396259555591,-0.248618262648211,0.161593550836643
1.1117952,3.03137989541667,-1.62012467676716,-0.87828372479762,-0.243798627190835,-0.0700000596556602,0.259395266250126,0.0643097050285184,-0.138222555422704
1.5136416,3.03318313704879,-1.66135137995546,-0.900852729511294,0.257570225690983,0.451257101922066,-0.401372143119615,0.199365525609242,0.0931387389692864
2.55744,3.02169194425084,-1.23706365757247,-0.479276396729673,0.435019594835421,0.247103095674671,0.0388116180073378,-0.337546138940707,-0.00194311701206422
3.3780672,2.99724477807943,-0.474079166911065,0.145337063890529,0.167011075281811,-0.388622063501654,0.412314016455029,0.25575605320189,-0.11417736453575
4.1930784,2.9599535579408,0.413377646004451,0.663164721384114,-0.196586276583775,-0.386218503180894,-0.344926902125069,0.028845714620683,0.251841934364393
4.0683168,2.91246071359793,1.18657264318104,0.850271804337494,-0.265204645659029,0.315042660907708,-0.165478444977674,-0.316533420904643,-0.362794932927579
8.7962976,2.85695870619137,1.63878135520651,0.648073291496526,-0.0383775531215681,0.521049502608441,0.487910718010124,0.407789746985658,0.411715631227526
3.849552,2.77513718749439,1.62775047023703,0.148603711640586,0.142745921629072,-0.2094617469198,-0.195564304062033,-0.209787828149057,-0.353295596858631
3.4457184,2.68275019201984,1.19844571553086,-0.357731342854037,0.147276030661003,-0.546084631199525,-0.276161751881081,-0.0925387019585487,0.234359664304005
3.1509216,2.58624691515781,0.497592707803936,-0.619752879350448,0.0599540650848961,0.116176153557738,0.373911798075193,0.292985409206358,-0.0820558619327075
2.4152256,2.48540608665147,-0.278564402694641,-0.557760594911934,-0.00968579294258512,0.546479373215029,-0.0536242856239489,-0.277139566180039,-0.07391769813994
1.1399616,2.37747121189806,-0.931561167177483,-0.262939690056439,-0.0493603592671573,-0.0238269598518017,-0.26338472876547,0.0918081475431176,0.213782139649078
0.7159968,2.26517007616787,-1.29824241487695,0.0994431567145194,-0.0811021108188225,-0.511354654108477,0.270040023335785,0.132410490105091,-0.303818203129698
0.8411904,2.15400337592996,-1.29623072135171,0.376690038589621,-0.0835910169164504,-0.0443174446938798,-0.0109636451841706,-0.239674431154823,0.33244436474243
1.6196544,2.04553235052796,-0.9539053903517,0.472311136714185,-0.0200899219954142,0.45963884006958,-0.23521402737073,0.161352823647433,-0.304656731619039
2.5775712,1.94027066383747,-0.39380655528486,0.368758893973586,0.0888808507560486,0.0838472301898628,0.226100098877034,0.0212660744822241,0.221883099739989
1.5393888,1.83258654651496,0.203855142171447,0.114137911713131,0.140104831929259,-0.419598595117147,0.000343046373968879,-0.167927207532762,-0.100951338257547
2.1879936,1.72818703743535,0.681711262226515,-0.172872085982569,0.0727457378210219,-0.0971962150622354,-0.206002337507993,0.181229910441702,-0.0313923295255286
2.78208,1.62103446821835,0.916787492218907,-0.388048691693943,-0.092925322339377,0.373591347981973,0.194360516252539,-0.0699053612460828,0.145166266057766
0.88764768,1.51661611251289,0.883926121464655,-0.435026751873371,-0.19234304152706,0.116930899638614,0.0263974640092867,-0.0609244736445108,-0.208804631967893
0.976752,1.42293098649426,0.639072692267857,-0.281486306829761,-0.0969208731872313,-0.329867829643192,-0.228896687646178,0.107477496607642,0.204714431508894
1.2946176,1.34102535148447,0.272127589281154,-0.00547453181450426,0.0969397031828095,-0.159822082048163,0.152071033206364,-0.0815579211899576,-0.167358239140342
1.8051552,1.2608832734848,-0.127284435641257,0.240767138076858,0.163079384751238,0.246312473270166,0.0889572109640945,0.0108688745757031,0.107514211054858
0.8690112,1.18710253949594,-0.453545951056386,0.357272572594076,0.0506742970904842,0.19026601545058,-0.201633000914477,0.0520406458844109,-0.0411831109117761
0.48622464,1.11594045957641,-0.642329442962667,0.301018017497971,-0.111142992980096,-0.174734319169227,0.0615687890668851,-0.0796169038549231,-0.0278140425771427
0.09759744,1.04808313616626,-0.66548697685968,0.115027967691674,-0.142413281380433,-0.20189952589815,0.135310021509182,0.0625473832625087,0.0905529624806395
0.10399104,0.983583893756576,-0.537837206633588,-0.106567329722074,-0.014292176392499,0.102887599404696,-0.149599123151445,-0.0187559688776489,-0.142027446145058
0.43980192,0.923423298811801,-0.306862050711801,-0.265621841876308,0.123725517621822,0.190719684877143,-0.0189564113412753,-0.0312296195321891,0.170946066916834
0.17182368,0.867877134618707,-0.0375973537189844,-0.30146690195241,0.11515300747504,-0.0406547662204412,0.143727246652831,0.0622838500533848,-0.172852716226938
0.097403904,0.824057289923962,0.213156044837579,-0.202800065469429,-0.0233089313381356,-0.165128464959973,-0.0846715849434241,-0.0701280004799961,0.136254002003971
0.228707712,0.789155239059246,0.384126193458861,-0.035646751213146,-0.154925315398685,-0.0406983889120461,-0.0931399242251206,0.028451277629819,-0.0819651730344671
1.09104192,0.767513672832761,0.444998544955747,0.120237167651661,-0.138223947737722,0.102595855105109,0.138507798282984,0.0302562930851406,0.00712129331202777
0.94826592,0.752373704157822,0.377768534312517,0.185061686007742,-0.00136854370331648,0.0687387901956042,-0.0197844941068087,-0.0940989828354369,0.059258418619643
0.90523872,0.746679174138023,0.209726776821449,0.149219466147476,0.127999864690822,-0.0385241268961705,-0.113543030039385,0.117361076924629,-0.110109169182279
0.5193504,0.744030710925313,-0.0187118164555527,0.0417968539780871,0.120269329921107,-0.0972251035382241,0.0865723631107499,-0.0864892571652711,0.127606872834365
0.18915552,0.750708254885995,-0.2355603461514,-0.0611909965768385,0.00306760440261073,-0.0290109312415666,0.050216316125722,0.00384242178033418,-0.112503806989486
0.179496,0.759614702967807,-0.393511679623965,-0.124016639879689,-0.12291126532851,0.0782376087620626,-0.132189928070127,0.0761033688787511,0.0566469475838574
0.2215296,0.771148393028238,-0.452315036610889,-0.130081174767415,-0.137954312643319,0.0910017580151316,0.0485300854565497,-0.111087869975306,0.026664683055014
0.17195328,0.779549892813373,-0.402809615390695,-0.0935001112503705,-0.0260997557540045,-0.0433348144822871,0.103342323244488,0.0864824638929264,-0.112503940219156
0.47863008,0.792018556671869,-0.243158422599528,-0.0159905524835176,0.133655081799114,-0.124249680655961,-0.115903042671767,-0.00837384859068223,0.180577359539771
0.50156064,0.805491889868522,-0.0148750970817009,0.06994219320645,0.177866327228951,-0.01485487225901,-0.0413337050285995,-0.0906821761038335,-0.217003446805338
2.14316064,0.823477003842174,0.226961193557997,0.131862839138852,0.0425454068828059,0.139565958934923,0.149421188465168,0.147858841599215,0.204209117620441
0.90635328,0.835817435239518,0.402980173147725,0.123155701955525,-0.174947331471381,0.0605042573711349,-0.061635990347516,-0.127209137108968,-0.14174677518836
1.03406112,0.849972295528314,0.477258323892941,0.0617281947379236,-0.22659934553652,-0.116170777511288,-0.0901771232771769,0.0491564061530682,0.0527168230655143
1.5130368,0.862281956990543,0.42574132266395,-0.0278445287840071,-0.0343602591553004,-0.110604962125481,0.104352017706738,0.0405882410801249,0.0351739313067249
1.4593824,0.872996258015123,0.261229075731893,-0.105308580258861,0.221167544120766,0.0805048406077153,0.017164561435905,-0.10130297131744,-0.099208402691162
2.0962368,0.874545875041151,0.0178370620145071,-0.143331161928407,0.260181141036033,0.148766952149865,-0.094816929729664,0.116785267240934,0.131485211560924
0.5424192,0.865325780551788,-0.233906705547171,-0.109328196912905,0.0357392914166692,-0.0080753965011812,0.059988317996491,-0.062302507098912,-0.110144553014442
0.3936384,0.850395794056928,-0.403786490724099,0.0153639108319036,-0.203975197267755,-0.130475022330955,0.062138416876417,-0.00772880659113792,0.0641694266269505
0.3645216,0.835213682462111,-0.425247946936554,0.187863820408405,-0.208646883169284,-0.0468093934749989,-0.108631776508288,0.0561468365547125,-0.0154234453491214
0.6594912,0.816752074791088,-0.292032044348222,0.298103142532763,-0.00339100853830534,0.0912080984763182,0.00656100151002954,-0.0680094567856685,-0.0136540338872743
1.5056928,0.803369628307117,-0.0350859631845774,0.263408681168846,0.191642579153298,0.104352340933118,0.126404967070113,0.0594839654334079,0.0152035544710411
1.0781856,0.788552543626524,0.249309168060966,0.0483035022697302,0.157369206630628,-0.056843716334737,-0.123219323115648,-0.0595381784088255,-0.00244438368505496
0.15783552,0.77657899615486,0.467769744425428,-0.247801220421199,-0.0413101912408939,-0.138353850031443,-0.0296166840603635,0.0721557367903112,-0.00130327939742537
0.18081792,0.774754547914513,0.549123623165614,-0.445806207672956,-0.162962453500501,0.0165924383769495,0.166781049428647,-0.0631291056727448,-0.0228731395167604
0.1654992,0.788418943550968,0.453063335286162,-0.412804627242533,-0.0985292765919664,0.136274690957566,-0.146301412359786,-0.0326084233548964,0.0528182481603839
0.7573824,0.81027018110687,0.16985311510357,-0.166398380701535,0.0128229948379504,-0.0239722461887884,-0.0896980609365011,0.153267509936122,-0.101910428719865
0.28836864,0.837356127482923,-0.241397675185494,0.164683317230885,0.0321295570413078,-0.152824297080277,0.270841419557228,-0.214728003832144,0.152248711900005
0.12312,0.871773520660776,-0.659463972724235,0.414612340182617,-0.00251360111330094,0.027652675919851,-0.125073160050156,0.143851888385413,-0.185664844082955
0.097632,0.916888846047428,-0.944228588280972,0.4528772158289,0.0155451374083176,0.162387262464444,-0.242561946637656,0.0331248833071959,0.166565416233319
0.07349184,0.968022774090574,-0.995299666923148,0.236986733450561,0.0651827669933907,-0.057815577774922,0.336300543160635,-0.24262824364204,-0.0986505453488941
0.05609088,1.02574297050053,-0.766915883919651,-0.132361842546078,0.0427555161181651,-0.195830834028515,0.0206309292715103,0.343680207540748,-0.0168306603745065
0.09255168,1.08451779738857,-0.302136668984172,-0.470245650948655,-0.0918718748509717,0.0599596551454213,-0.421925209337107,-0.254582133325185,0.14735750472271
0.5349888,1.14251744887648,0.289172204164128,-0.581617821681273,-0.191716104284006,0.238813252698599,0.318287360125132,-0.00226433585180041,-0.253555239821666
3.115584,1.2018252599367,0.856465799312459,-0.372797545461379,-0.0808624189759509,-0.0440108190188352,0.240622038951514,0.297081848677921,0.300743547106163
0.734616,1.25506094007568,1.22910896935237,0.0604545418003889,0.173467592344311,-0.29480549441813,-0.571292724667836,-0.457725351819792,-0.269821423118203
5.61891168,1.30660728324992,1.29498296281334,0.505122420228913,0.314762230189688,0.027793348880511,0.198751169254821,0.376976744635941,0.169790943946568
4.3703712,1.33857180906182,0.991484348117437,0.690649783620416,0.113622943053271,0.336386849657906,0.479103645845428,-0.0716309396477624,-0.0214033744970055
1.5665184,1.35563588358894,0.400877889954637,0.527241451144241,-0.231032304620585,0.0683741621534497,-0.544030108623185,-0.247976635272884,-0.0905709695221745
0.9941184,1.36934144174494,-0.293689332960084,0.124911356290087,-0.31326722485226,-0.311909233557047,-0.0904916486892186,0.426768874673969,0.141344495339667
0.417744,1.38004774043512,-0.896355959823365,-0.317309042179226,-0.034384235865248,-0.167095473605281,0.60871466557287,-0.388290832783742,-0.126022113954612
0.23179392,1.38697663404278,-1.24260763489733,-0.598105197573233,0.290594006202456,0.259186006667907,-0.346738062887771,0.161373750048929,0.0622316122697989
