IMF1,IMF2,IMF3,IMF4,IMF5,IMF6,IMF7,IMF8,ORIG
5.07497033186744,-3.23165038732635,0.243486769067725,0.776229491680557,-1.29957549427456,0.700952476629498,-0.220761922942489,0.0357341877336194,2.571264
5.07022789385236,-2.64071777256097,0.0383590983105045,0.221247268586475,0.961229227637948,-1.10681555439769,0.552523517098174,-0.147978940495795,2.370816
5.07310860399503,-1.5173331811222,-0.183781551750847,-0.514204989181698,1.60270243652373,-0.0478433931711929,-0.598440583813336,0.252326011458111,2.919456
5.10445310009274,-0.00691495005594498,-0.219295025301212,-0.910973597239466,-0.546193917340285,1.14570188468936,0.291927562343245,-0.36430359934863,2.48832
5.16734865753707,1.60884648061224,-0.0648084809450295,-0.674711586344072,-1.88448099664009,-0.721084736379345,0.147436844748573,0.411496393951253,3.508704
5.25100779730512,2.9581377361622,0.0916176106837824,0.0721827535454757,-0.0358714540722467,-0.769058645551981,-0.538664021447417,-0.410966278838704,5.0544
5.35389751112204,3.69882238175819,0.0736882321656048,0.844544524805595,1.98166477237756,1.28797856190273,0.649033583201054,0.328408210375163,15.13296
5.45529878301961,3.5774356892477,-0.159347630913525,0.998804532055815,0.616105192567034,-0.0633316809193197,-0.417737470403763,-0.17324335626154,7.954848
5.58266811246809,2.60573678917483,-0.358270213749928,0.356406158685951,-1.86459199850276,-1.28610486592741,-0.0133355902478334,-0.0122097732537691,3.70656
5.74428665167484,0.961470718353194,-0.30424633303193,-0.718498353129913,-1.23596467458008,0.864839852081327,0.357978856671163,0.128447529049688,3.88368
5.93498082074221,-1.04327576463342,-0.00383822867091928,-1.42560120807377,1.48556135583727,0.701832752250585,-0.542708923866862,-0.202810176987831,4.82112
6.13706559588518,-3.00494208805157,0.312485480305531,-1.03792338998204,1.68338227631899,-1.36118134316181,0.470505178257463,0.203039865570012,2.785536
6.34435973602357,-4.45969116448414,0.404624499124582,0.410207886348333,-0.999011029790242,0.213829968014187,-0.171519882957449,-0.144151149280331,1.995408
6.55061656479503,-5.00165210530826,0.184718347612162,1.79951686348962,-2.01201684243252,1.24698835781061,-0.234181872695549,0.0514082136041768,2.636928
6.75115804056211,-4.3908480079172,-0.206104351385485,1.72562852211251,0.434949838717982,-1.06902884392451,0.57029615171896,0.0504254226807022,4.258656
6.94684390553945,-2.6373168334859,-0.481410437821974,-0.075724339978954,2.21633300147041,-0.538150400060945,-0.638123299362585,-0.12288770553004,5.39136
7.12823279561769,-0.0561968814934968,-0.424286140273824,-2.13974573816782,0.1978832865281,1.4809823785343,0.366684736188413,0.158633277439603,6.454944
7.31307576641226,2.82269092927859,0.00420243273059137,-2.35287143430901,-2.21390816936497,-0.443856910508125,0.177855032460198,-0.13450779331757,5.67648
7.48905582033522,5.27472198696837,0.516894143718516,-0.206463473415166,-0.874668537330298,-1.28261997222692,-0.744971922432135,0.0395756750154647,10.097568
7.66032858931093,6.61637050625876,0.741693579340455,2.44912187317423,2.03758569863059,1.37641211232086,0.970935862310381,0.100548306687604,25.203744
7.77310794164231,6.31022669630354,0.394231160692539,2.8832955640023,1.46581707133251,0.385048546380677,-0.624765495838209,-0.229787097141066,20.9952
7.83170462994359,4.32997152150175,-0.277098729723371,0.507056739675097,-1.53945414564111,-1.56659652889089,-0.0314444108590571,0.426410498092704,12.829536
7.83133824340974,1.12220927574704,-0.73026366046236,-2.44365745641333,-1.78786407869405,0.747007234129374,0.77073233303379,-0.561373884043973,5.62464
7.81447852757746,-2.42978852292316,-0.466999614413398,-2.95248214100754,1.14039182420375,1.11405107322497,-1.08443317309832,0.650219722188331,4.392576
7.78341305710748,-5.38074329056639,0.402577519453639,-0.468726064124452,2.01930514915429,-1.60210559905428,0.727648880124438,-0.656362054930586,2.839104
7.75676038157512,-6.91227904137955,1.26057013982455,2.55163612825804,-0.666854047195984,0.0205727178606628,0.152872676064865,0.564239467842361,3.604608
7.74124747864099,-6.60240404990887,1.35061996436241,3.01862858850366,-2.17585877277584,1.62942645175046,-1.06240700921174,-0.388993129244647,4.499712
7.71914252205545,-4.55818049189924,0.336515505913926,0.347830924573448,0.105456518929661,-1.25743719034103,1.36348238645008,0.122616443528032,3.1104
7.70921522328983,-1.28944491990341,-1.24815939036231,-2.72701412601063,2.25763814764812,-0.669963101484808,-0.724761510347407,0.245732755999119,2.1453984
7.73707791629427,2.37165783988821,-2.33324398263209,-3.01091890442821,0.477194901505329,1.75031617655357,-0.554505241214644,-0.702650526768654,2.089152
7.81993684703856,5.43677602469334,-2.07491536203191,-0.243468192387323,-2.30919485872177,-0.777487228267527,1.52420146949647,1.06727302907667,10.231488
7.92464904245579,6.9678805987952,-0.526200834280585,2.59355629640944,-1.2736737796981,-1.2367896074104,-1.57259582596902,-1.30944727543723,9.454752
8.05017834544772,6.47660630876624,1.47201426534378,2.61205570528165,2.10445199160239,1.82720720209841,0.563769993104488,1.31851373780196,27.4752
8.13530696796118,3.97414481682811,2.65053440916122,-0.127184609167297,1.94550904181053,-0.234620149300419,0.870760142650993,-1.06043874417442,17.195328
8.18981674242796,0.199610922322218,2.33389985298854,-2.50393180006935,-1.55337396124323,-1.5355591173414,-1.64619800692119,0.664583893691144,5.00256
8.23499683215225,-3.67104453948184,0.749298410036649,-1.91730137430291,-2.37559162573446,1.51479866933743,1.28144832138439,-0.163965952521583,2.705184
8.28947702565669,-6.42602523668551,-1.18664165766638,0.813734656055842,0.905106573924963,0.197427473811757,-0.0670851123020765,-0.380760472621279,2.236464
8.34444309781833,-7.23483560826815,-2.45491526420841,2.43429040543269,2.57766259498121,-1.69910425086093,-1.19898411469597,0.853710789353586,2.655936
8.38246544077785,-5.86088881976326,-2.42744726650162,1.08194453903748,-0.226587055799066,1.29784005502757,1.67411217030548,-1.15534129226227,2.1775392
8.42058579030571,-2.6714583975414,-1.10970578324604,-1.54267541189608,-2.56830602652382,0.629141967089843,-1.00789656751771,1.23991396956575,4.48416
8.41405619971105,1.34216340884877,0.735833314891958,-2.34238050514102,-0.487864839073982,-1.93361131731576,-0.371368559081164,-1.08300286719265,3.160512
8.40794933154723,5.06532735167,2.24277927178263,-0.177979808070862,2.53269128212969,1.17462333708579,1.63820227204532,0.781279467210833,25.7904
8.33955162969576,7.313989162731,2.56492079315476,2.38355102890486,1.11860332154014,0.903542291672906,-1.96012083179254,-0.417068039557602,20.570112
8.24944592275452,7.4850046546285,1.65745739483935,2.35520955636696,-2.14241103649328,-1.90082899837623,1.2010584746566,0.184297246442023,19.980864
8.11574552810863,5.50912399824218,0.00925150561104599,-0.471513425490476,-1.62115098958011,0.773418577645947,0.283120833340162,-0.0997705346546728,11.09376
8.00126190161879,2.05275014981331,-1.44101079942999,-2.91035576738469,1.79589988057705,1.31301394866404,-1.58655087609228,0.189074841776996,6.240672
7.90623244791066,-1.91274280507629,-2.08154908939129,-2.18879031944177,1.94293320384555,-2.09348634302855,1.84869532621329,-0.442117415042968,3.16224
7.80993199850723,-5.3430194848559,-1.82419485574984,0.969163072698376,-1.496074187837,0.414858927098526,-0.996543334556767,0.673827753045637,1.8293472
7.6812756982466,-7.35404840033985,-0.944424019188126,3.14740253543009,-2.2226020039039,1.99963823042219,-0.367007560390469,-0.675799147387219,2.2418208
7.54148658817912,-7.34828211337268,0.263680757965467,2.0444886209048,1.28246047754335,-2.10705681666972,1.51385834081859,0.406805661824872,2.134944
7.41678284014746,-5.26401914383483,1.45653479841506,-1.19612956544297,2.53770794784261,-0.445325419999095,-1.80187408642129,0.122331082239036,2.758752
7.31042739261078,-1.66332910818172,2.18027594286349,-3.25115987456489,-1.05186434209023,2.60114444411028,1.01993465594357,-0.840674294994002,3.47328
7.2311216126545,2.44203276252722,2.02166171589023,-2.01797297343285,-2.92376477086151,-1.68961417647607,0.324951296629418,1.50215242302415,10.901088
7.11191618998474,5.78726948894876,0.762228288725934,1.16540119228497,0.604485463375386,-1.43784521289873,-1.48832603800788,-1.8842872024796,7.59456
7.01079718426868,7.51482972906861,-1.02486022309518,3.28098689858563,3.4395294144978,3.19073691196894,1.94320524029454,1.89318631300031,31.60512
6.87174240453352,7.08961473157177,-2.54118379172674,2.1648064019911,-0.0709635153591104,-1.21676565439677,-1.45816160944277,-1.48289605396041,3.589056
6.80463681146836,4.81526001159687,-2.72899637337688,-0.916334233581885,-3.64645384136722,-2.32453979198912,0.325283572074943,0.771345503146507,2.506464
6.78010348940131,1.27455872848182,-1.45066105675878,-3.18067964967976,-0.794266541487079,3.03034426498149,0.748466073764212,-0.077847415399996,1.5856128
6.82517323066824,-2.58423932609362,0.654462851642306,-2.58665668946479,3.57999290462099,-0.0851121441954795,-1.4190312091222,-0.479704204941839,2.9808
6.90700356500716,-5.84173777515478,2.34255958205888,0.211835241789792,1.47392452822728,-3.1236438509983,1.37279588762488,0.697741421903209,1.8293472
7.02235171845669,-7.70029527820173,2.63237624941596,2.71952949650889,-3.43934169105384,2.60034147697017,-0.728077043667867,-0.602517264173707,1.3606272
7.16712387765388,-7.70738671763658,1.34989671832932,2.77415049796215,-2.20807202873749,1.12770631579446,-0.26889238887144,0.25965276654724,1.64433024
7.3247191705924,-5.881753867554,-0.785654532859809,0.344075788398241,3.07207802014689,-3.66520176096358,1.14141797109818,0.112150283002571,1.3713408
7.48943789480411,-2.66661358590119,-2.52259085013238,-2.414586160936,2.86296685179149,1.80662620175485,-1.49627865738476,-0.330266296909513,3.78432
7.63446073375539,1.14439300833588,-2.83780723482038,-3.06144338248633,-2.59365395757724,2.36634863209617,1.11887162315507,0.269489089013526,4.41936
7.77286254260361,4.68930765823667,-1.44063451598204,-0.888445968955826,-3.3594643984472,-3.7386869632192,-0.0546608810916272,0.131818857541374,3.08448
7.90836435524877,7.15579438540349,0.922639862958329,2.22893052416817,2.02192129112034,0.51376693045451,-1.21625790647659,-0.777675057913402,19.793376
8.00998530874318,7.91293058634862,2.80556283839679,3.3368428480947,3.67825514583411,3.3788090658171,1.90796003202455,1.40782647626179,40.176
7.98794866527973,6.68496270191066,2.97752274385114,1.26231598890393,-1.36612987020375,-3.06269778249083,-1.37193962266777,-1.61828513126879,11.50848
7.93828324637114,3.99230219123262,1.59553978116428,-1.73914242430509,-3.44028196339983,-0.675753288878435,0.117923531839716,1.42061723878388,13.284864
7.82267406005667,0.516646032234664,-0.51090907869309,-2.93056779632691,0.794540082705631,3.2910260527593,1.05738025347947,-0.831660391666779,10.57536
7.67078465223734,-2.82168904168776,-2.0786075191346,-1.31541459312152,3.26602851062157,-1.82854608438124,-1.37262488050915,0.0855288605995533,4.0176
7.47446864270375,-5.23745836083672,-2.29827287186678,1.43115535441999,-0.266530055639341,-1.52757397078257,0.818458540056146,0.658990164458837,2.3141376
7.25050362627447,-6.1910847671089,-1.16048766300075,2.75879125524259,-2.9195922981788,2.80101450064436,0.155230042118659,-1.16720465741095,3.24680832
6.99294850805272,-5.56315997957619,0.542539731009422,1.53742468229539,-0.0829493776985302,-0.765072987387368,-0.824033712097522,1.3528969253086,4.0176
6.72095735396112,-3.59154925573958,1.80716786762019,-0.953600599958351,2.6291797881752,-1.8163234557767,0.876727843713299,-1.14368292708011,4.43232
6.44858823748163,-0.831478379049645,1.96162143154635,-2.41286343275649,0.362219268317372,2.04589990457014,-0.405635718139391,0.623330180795227,6.749568
6.19868772132309,2.00344070869752,1.01634223704933,-1.64567503905636,-2.32722769891461,-0.0716497042363792,-0.195022392791762,0.0323608426904005,3.65472
5.97251073950338,4.17776618704532,-0.451541358857692,0.443524702244172,-0.611065848485016,-1.70673792279771,0.468243903958294,-0.674077507527804,6.481728
5.77271646293241,5.15153395331403,-1.62256061060184,1.91506258889242,1.95659057151993,1.41291204931948,-0.371367083258161,1.09036614577894,14.0616
5.59833796018682,4.7139810692385,-1.88908302613737,1.59098431935725,0.699436407573577,0.262124171310303,0.0917601345913881,-1.1874185509917,7.28352
5.4738399221806,3.05797525007669,-1.13988931190687,-0.0373749883609493,-1.65200637503861,-1.42625469643983,0.0374704637693621,0.89363030519561,4.0176
5.37059601337453,0.599091370785503,0.0788350455809714,-1.5946963165702,-0.852534212170396,0.894011812355738,-0.0587865487590553,-0.374169327272912,4.19904
5.27792208364736,-2.01989164890026,1.06292623820943,-1.80840791200357,1.3333154180304,0.474287963200092,0.0998695755959588,-0.190546420901546,1.3579488
5.23027887498323,-4.0541695605113,1.40606986324596,-0.440419807928209,0.961341189379899,-1.09361312710822,-0.230607082642747,0.6126991934336,1.1865312
5.21223001220352,-5.01307511726805,0.981384246246786,1.26839112392393,-1.16524017555574,0.358662204843983,0.228676383881444,-0.871989755990869,0.7246368
5.20321882948784,-4.71060987036383,0.0516510746446035,1.79442443101495,-1.09959650007964,0.588965647052802,-0.0175476318286463,0.92469470205852,1.0818144
5.21999763029649,-3.23351709562545,-0.820474220762078,0.746697863535603,1.00635160873769,-0.630509103354426,-0.318284524992909,-0.798891252548216,2.7730944
5.21642568347213,-1.04077767511532,-1.23900506966294,-1.00273630474164,1.13130761346456,-0.0813003374745235,0.48918613916809,0.522845238430018,2.7594432
5.2384233878046,1.39154603553512,-0.909302711392842,-1.76713446104414,-0.716472049567326,0.621349147916821,-0.188498285709431,-0.0855217889401511,0.4806432
5.312894208212,3.50275440197718,-0.0235592395320526,-0.872120923123038,-1.14762234033004,-0.420080308574155,-0.536142472733957,-0.522295801354945,4.424976
5.40952406243682,4.69742224022701,0.755542257401122,0.645001928709242,0.25585769937922,-0.404422838538102,0.986296434491557,1.08317714219565,13.942368
5.50376953361409,4.6231749128429,0.890665125528836,1.36794169332061,1.01381428577114,0.807070894128537,-0.626234547613036,-1.40680739330562,9.440496
5.64743227657298,3.37437875565429,0.438275843682203,0.934822880384944,0.243999271607039,-0.098772020650521,-0.399998146996432,1.37560674462525,9.541152
5.82635976833611,1.23548059939003,-0.294610855958923,-0.220068509793774,-0.893748185401506,-1.05700875084775,1.20519647030058,-1.07799403522858,4.784832
6.01227697528773,-1.31607947266603,-0.882915174098549,-1.23236383711022,-0.810881947314925,0.92430397434836,-1.13566559810452,0.549275995590124,1.7443296
6.20289999939198,-3.63536984671064,-0.933927405504107,-1.2660286515284,0.624514717619797,0.682486573813593,0.175895104301195,0.12763953248286,1.3675392
6.40571288108312,-5.09581279073226,-0.36781663952602,-0.199493529148582,1.31014637171512,-1.71928729378128,1.00700943073964,-0.838349443746429,0.9321696
6.60285471355727,-5.30540079901666,0.459385160559867,1.11470065731683,-0.230583487934125,0.475219588906968,-1.55690061118782,1.42719962078414,2.3661504
6.80807149567814,-4.13804094289293,1.05518914017582,1.56730771472013,-1.67556457582016,1.76887296039403,1.0253545359844,-1.74811786991442,5.8860864
6.99445104622429,-1.87648410793561,0.988681920985504,0.604099905875682,-0.336560599734795,-2.0156991173404,0.271482380662927,1.69681337947754,6.016032
7.18307653718973,0.972175306839741,0.310390737314032,-0.990822675915867,1.96004630538526,-0.437971744627112,-1.41118022627561,-1.21699860867241,7.4421504
7.3472735366228,3.65940927386138,-0.618691218067925,-1.83698056739336,0.968458283340714,2.66566028346021,1.54289038064821,0.354782226765258,16.833312
7.46648791631478,5.47324032962453,-1.22668469870434,-1.02226509077287,-2.02622309230167,-1.57173123536565,-0.470811435994985,0.786717700954905,7.8955776
7.57271861588739,6.00337747863879,-0.989696171275782,1.02194350314981,-1.49347132042667,-1.63166176511571,-0.933687809759694,-1.8648263012854,6.794496
7.68258848676233,5.11091872089565,0.028514325260901,2.4006036492011,1.94441483735748,2.90374151054704,1.55743466504898,2.522447907732,29.235168
7.70842501456599,2.85359532163557,1.0589834339575,1.38801533359067,1.92188812356421,-0.561855848013248,-0.949744360313213,-2.51027112723716,12.907296
7.69219212972349,-0.134468996340838,1.55963635374946,-1.07470215299444,-1.45684119084588,-2.27829983712175,-0.134370084378366,1.96682193568762,6.270048
7.67008432685581,-3.00454667349577,1.29991279348978,-2.45635541061991,-2.1184958418733,2.27261639162617,0.87040972352311,-1.00295594651885,2.869776
7.65739763150049,-4.99535937627614,0.373410196354688,-1.35484266841176,0.904833815001077,0.33273240375598,-0.856888384223235,-0.200360865744626,3.113424
7.62492820937094,-5.66368091549659,-0.855527575060325,1.0506909857969,2.11586928437254,-2.38956584447658,0.259603219842032,1.38010011042354,3.1617216
7.60077534926359,-4.83298425278122,-1.70846593056397,2.42750294824706,-0.285751025929036,1.68223514619036,0.426705071921798,-2.2244098493579,1.4599008
7.60685997803218,-2.72938589837701,-1.66600058056114,1.44395363231057,-1.96052353243029,0.819953272778479,-0.701905401372347,2.50223421304487,2.665008
7.66169880943888,0.056347915791768,-0.721628815375963,-1.00359080251636,-0.356797738462313,-2.3888099706403,0.310783599597818,-2.22476115364687,0.9947232
7.72539583730728,2.66134056767209,0.519801201347007,-2.67969519872896,1.4683880698479,1.18602506426596,0.284451910327122,1.40218549496947,12.2673312
7.80132945413892,4.36594575134426,1.39683148516527,-1.8432266072865,0.857237700324914,1.43133006403813,-0.495463589956005,-0.196251536346777,11.403072
7.90934498976285,4.76241324257249,1.51437783997723,0.921106704887489,-0.828150007338648,-2.41787522135955,0.109272804185563,-1.13747122298842,9.04176
8.05111322019813,3.78402778467988,0.828758459009468,2.93667561077801,-1.25036689587362,0.460605142140901,0.412679197329093,2.19886613265356,18.357408
8.17898400021645,1.67843801720279,-0.372762342768273,1.99546744403901,-0.0482923458413065,2.05626124922263,-0.578937722683611,-2.73365841126885,9.777024
8.31834787789835,-0.873419280408837,-1.37473642661894,-1.01864987217584,1.46975783426808,-1.98197918860871,0.249550391538688,2.65355493918741,6.292512
8.46372512457004,-3.11734713095317,-1.61945067932937,-3.12701095021706,0.950570330661976,-0.621526750023136,0.274037591241556,-2.03972465455331,2.7931392
8.56077724109846,-4.4628570084966,-1.03077780776179,-2.20749970111873,-1.45994317589062,2.42933401567398,-0.567312608622739,1.06837497983501,2.0946816
8.6467689291998,-4.42771180925956,0.215078038812677,1.12906097991791,-1.67134380562132,-0.936508198144997,0.559366945359089,0.162459545545592,3.6341568
8.74617074243058,-2.94859640254865,1.53714907069068,3.66359531990062,1.26820981101685,-1.86379766990845,-0.276911583811909,-1.43914907398385,6.612192
8.86531606341412,-0.457012722695205,2.15014120295168,2.5867761253937,2.30052794680756,2.09427460371906,-0.210075383974144,2.45227310677491,22.408704
8.95707043769222,2.21040260678965,1.49767924157621,-1.44074960222622,-0.973902979357795,0.543407062912204,0.624729004952722,-2.97932369564253,7.567776
9.04806274153181,4.26869569860513,-0.106696783211438,-4.30476360141474,-2.759656995122,-2.33470109393775,-0.596104847320824,2.96623332405511,5.9692032
9.16611677487015,5.11846218832226,-1.72688303091826,-2.74063775685407,0.590241592999247,0.881800455995049,0.118821341787924,-2.40323485626804,3.3840288
9.35896532168124,4.49968011017935,-2.39351719432663,1.92502772074759,3.09860480046166,1.65904545663107,0.37209947375482,1.27167857591828,21.736512
9.55180767503535,2.37924219221164,-1.88592427767344,4.652553407993,-0.369218654809781,-2.0399399976478,-0.689654279460269,0.141009785769114,7.826112
9.79040589018003,-0.650028947566979,-0.40195926049943,2.48996344530806,-3.36023306109725,-0.133816903858848,0.724644757488071,-1.50619929296724,7.012224
10.0577154583705,-3.76932440220786,1.25865976230231,-2.49545136710205,-0.049629345230686,1.95718650508446,-0.528668234101987,2.44430349884532,3.901824
10.3893233181647,-6.02926002290801,2.24495617548091,-5.0841358255567,3.53479632968876,-1.27740771336776,0.0394190816864349,-2.80529925024999,2.342304
10.7262256814856,-6.82162725505989,1.89146119042587,-2.55221424209259,0.320931289487062,-1.06196926036606,0.47266494770904,2.43485200497861,2.4571296
11.0934560443763,-5.80275047817083,0.412782767657502,2.73679393255579,-3.6934433336981,2.06143670225023,-0.755459240842065,-1.41493223286116,6.024672
11.4498251009364,-3.21149973919871,-1.42482720946741,5.33122449471231,-0.79100084199919,-0.524198371417179,0.562864990976879,-0.0732644028283576,13.156992
11.7499982250478,0.272934097630416,-2.60142049485484,2.40968017494613,3.77982504922907,-1.65033048614671,0.0301472350321728,1.69182953360319,21.994848
11.953286989017,3.76849271030602,-2.31925562857523,-3.04321201771992,1.47145385892399,1.96993374548774,-0.482179859727123,-2.87054930722334,10.9512
12.1148328707258,6.53627622205148,-0.393103892764168,-5.14514617621589,-3.4597332798199,0.281991267824385,0.68649953213516,3.3769643558905,18.41616
12.210586683333,7.87581790508799,2.17865351751704,-1.72100446190413,-2.08400709002228,-2.42013537978549,-0.570854723015848,-3.03710788112808,14.33376
12.235144472721,7.41362102096531,3.83907501228791,3.55103481868447,3.10743045819326,1.69902982101874,0.279098490967689,1.97130069362654,43.790112
12.0995681299915,5.10883371997352,3.32485263534959,5.01172312425065,2.70159876100823,1.39133664827675,0.224349644566636,-0.294627983246125,34.375968
11.848808078985,1.63007190009703,0.922077474797513,1.46136730399765,-2.16917123947377,-2.61574358006521,-0.366213512230331,-1.31173992502193,13.276224
11.5308836353596,-2.01855868302103,-1.89086356514797,-3.10943538322317,-2.79881042174391,0.54953096745797,0.277687003379584,2.52102720610545,6.486048
11.1635605665721,-4.8788149784165,-3.4716922774135,-4.11538239850366,1.32559468254792,2.18644078839763,-0.126352955372785,-3.00666110842561,3.655584
10.7276119491998,-6.29652703470356,-2.97795734761725,-0.982952643380617,2.72910968055594,-2.06546684769248,0.150638507289316,2.75027465657692,3.911328
10.2727113266695,-5.92442212565924,-0.662506264435939,2.86424749494839,-0.363907953362627,-0.524823144143307,-0.132852635435478,-1.76726592265439,5.049216
9.80617360717357,-3.96560811691454,2.07797315764423,3.53058842114887,-2.3977451184277,2.27447475566162,-0.111545003789234,0.311388456342774,10.67904
9.34388631003914,-1.03924992467751,3.58801763287864,0.628487771278106,-0.452044513344793,-1.14142936275806,0.53637218794685,1.24603153988528,12.112416
8.90699331131719,2.00694192693203,2.94408353699839,-2.61792576671893,1.84996174366555,-1.2623880813585,-0.814089046929147,-2.5052030551162,5.127408
8.51694276850927,4.31477997340671,0.476315155891992,-2.97456781059328,1.00730202965113,1.83937346460028,0.493251765478803,3.05539744627197,17.0826624
8.1421948364446,5.18907240531296,-2.47065669794055,-0.491417676228671,-1.29778987773806,-0.216416093948568,0.320088182654353,-2.78264838306742,3.1313952
7.82011801757769,4.47661055086979,-4.08104861538621,2.15334217828908,-1.33913655538607,-1.33369693807173,-1.09507274756405,1.76593852280466,4.2997824
7.58702984896848,2.48053826025868,-3.29684899824258,2.39502450771702,0.582213266056403,0.942629947965717,1.10614435069373,-0.384028466021556,6.468768
7.43896629398932,-0.234097730653727,-0.604208977097327,0.135239649790731,1.20693809574737,0.223361112884143,-0.424118641938107,-1.1468923666226,4.54896
7.34799894308448,-2.97092308996621,2.29935070986027,-2.26328403202696,-0.13440807202138,-0.750878654171509,-0.673204949857395,2.3550497927492,2.0912256
7.30287940352222,-5.0121055461461,3.64180534351893,-2.35094607105088,-1.04853368326535,0.329259406390593,1.40411696986149,-2.99489888878236,1.4497056
7.27882402410754,-5.8252629871977,2.64212527893075,-0.0851397378279101,-0.316232185578558,0.0752281473439959,-1.25706523327564,2.88532480708904,1.43208
7.30886510017642,-5.11009389698226,0.0615103303267977,2.27093887129008,0.780982052327153,-0.0547856300889704,0.234380919125389,-2.07854818657608,3.46248
7.36244552995984,-3.06494570358688,-2.5118228862096,2.22713329306858,0.531864035285855,-0.0050970231457557,0.928403786155268,0.690681048455374,3.19464
7.45316791565613,-0.193651780731674,-3.48610752069101,-0.162990591608307,-0.476404413655366,-0.344301746298876,-1.47821015357506,0.933266134402917,2.6331264
7.55849890553762,2.7209562121507,-2.33893435483603,-2.45734202714302,-0.739307681375757,0.462614089273087,0.989757591387032,-2.44138570097553,1.80965664
7.6763929821308,4.89956115791733,0.174328515605794,-2.25036030717188,0.0813581277886227,0.194853683151439,0.179263586400953,3.42803868097697,17.725392
7.76429690518598,5.71834419075194,2.46002546115232,0.280616064805675,0.799726552567703,-0.969945836856206,-1.20150812565022,-3.58807111667607,7.9521696
7.87632973235332,5.06293901680681,3.26801753809347,2.70930517724206,0.473268376276382,0.724904762539384,1.44348205829688,2.86573493618702,28.919808
7.94146415207925,3.04300721319543,2.07033092693453,2.37499150610881,-0.815686553371129,0.550350795125344,-0.827940018053019,-1.43812600064942,10.37232
8.02481421777573,0.32764003812606,-0.229549459500087,-0.343879519763914,-0.833655943818093,-1.2485541350161,-0.0801474314616062,-0.250209805560623,5.729184
8.12363468162582,-2.34594145824125,-2.23352046354848,-2.76464181021996,0.648082604891909,0.29625495316972,0.653008616593464,1.69669956897985,2.0270304
8.23348458257726,-4.31628793558785,-2.84973911027955,-2.52371265151537,1.06770601325303,1.09813302465223,-0.772326035693073,-2.59411309685934,2.0180448
8.28567054357933,-5.21046658009842,-1.92259960153928,0.103869364131766,-0.481530285630537,-1.1254576842456,0.613820069016877,2.79408710956806,2.13624
8.32810916572772,-4.74489464932151,0.0713229869339965,2.81749303546819,-1.04320728401938,-0.1108967363187,-0.212397491238769,-2.19532227811683,4.834944
8.35490923144086,-3.04176475577024,2.02089638739135,3.01184414892966,0.340976570763727,1.13593393818578,-0.289509837326793,0.974579064558338,11.042784
8.38709621687324,-0.515128277006963,2.87372205049534,0.332331770511146,1.02781774122918,-0.812065332480715,0.716743828783141,0.524946643013426,14.592096
8.4001952654537,2.13928272331461,2.11133810705318,-2.89905860672841,-0.266352972374152,-0.428285037222312,-0.884123600866692,-1.88698341709588,5.6631744
8.40286575597314,4.23881132636283,0.171813695391189,-3.53705391982707,-0.970566370454947,1.16836239737113,0.673924197063555,2.75382859712752,15.876864
8.37518877632914,5.22540347565542,-1.86064474172148,-0.720186497700877,0.248209127445468,-0.5253128435006,-0.0285952732451649,-2.83626925143506,4.7021472
8.38158131185345,4.95066410164953,-2.72290912308799,3.17633040446651,1.07251805360394,-0.640595570879593,-0.74462953501639,2.11819434154616,16.23888
8.39177889386721,3.42868591187041,-2.03391401948465,4.17007608678929,-0.368558083887231,0.834965719468102,1.06935118073899,-0.88576673398015,14.784768
8.38893751038142,0.993647318212681,-0.294825949476097,0.900769633116938,-1.27514288020076,-0.0163712300196613,-0.671870076660457,-0.483757644857866,8.071488
8.387406768449,-1.72312376732591,1.51877795310079,-3.561754514455,0.508420494794852,-0.548306910404893,-0.164370779146438,1.65250928560704,4.3642368
8.40397951372843,-4.00914768745179,2.44037780363839,-4.66283478361897,1.56901143073798,0.236609898947217,0.860577568353295,-2.35698391984872,2.77344
8.43099158847019,-5.30003481221407,1.97789875312969,-1.06348478719848,-0.616967305891475,0.187284054482869,-1.00158044253693,2.41741766564573,2.814048
8.48298067481414,-5.26307498187993,0.430972447991976,3.83357534242183,-1.97893885692994,-0.0814231513592785,0.485198499051628,-1.87187200571438,4.904928
8.53413846764644,-3.9639088925791,-1.38444690660412,5.00478127017858,0.498837566993413,-0.26223737251765,0.281795075661291,0.846674288452859,9.138528
8.57407292394224,-1.75645592007623,-2.47944283548689,1.04642189970516,2.40586765326516,0.0707005143227105,-0.793591980639027,0.3874420185217,11.035008
8.56769129711967,0.785215197974255,-2.2470659650356,-4.18807528168022,-0.216639625954182,0.548781233314913,0.807347424998573,-1.45617329136072,1.4349312
8.56368438480366,3.1636411042969,-0.639090116134048,-5.17044366252972,-2.63129211692852,-0.372289404999927,-0.249417750118065,2.15374929426469,4.9176288
8.56942551936073,4.85614839562543,1.49757656609533,-0.747634803972658,-0.19204807828963,-0.727142529005186,-0.570226901115062,-2.37477436115291,9.8769024
8.55946522440996,5.41091947278624,2.83773381816036,4.48989376957835,2.67810660492253,1.04646402245409,1.0012812447647,2.03200809244633,34.79328
8.44464831200001,4.56551818262349,2.41021049462418,5.01231794220205,0.594198404573325,0.304567457830706,-0.630647132923377,-1.13044757615587,22.085568
8.26622786571011,2.64794652783533,0.608993579605106,0.554408180807633,-2.29868836202462,-1.31792621673899,-0.00400686660905877,0.101407242232661,9.647424
8.0685379132853,0.279052962909815,-1.31613684964153,-4.09300406942009,-0.719824201304807,0.543310426150991,0.478694393259977,0.801694631267736,5.350752
7.83509314323914,-1.94569930680853,-2.24659775967397,-4.39007823992712,1.89567571200336,1.03558017092928,-0.580971336433837,-1.37634386880044,3.519936
7.55092849944216,-3.50975335911598,-1.73525824991351,-0.360680037476209,0.787736987252227,-1.19314245364572,0.465967787180921,1.60858720187036,3.96576
7.24703498788402,-4.023145298758,-0.136234299700343,3.84010193695434,-1.37653557937181,-0.202083660594803,-0.175263392974725,-1.43938375516721,4.593024
6.93476587184271,-3.41782766601236,1.51919182547889,4.08371511450048,-0.662104063185321,1.31155767647118,-0.164312884675326,0.963706577196913,10.054368
6.62747509696439,-1.92924390824126,2.18910260198801,0.329616857574231,0.970058415217017,-0.673624260066616,0.456741353875208,-0.3224345621089,6.1442496
6.35472507646748,-0.00233538639459223,1.47618175435188,-3.53613362233229,0.416843570426903,-0.857234402180244,-0.603581908838619,-0.327999497400092,0.46300896
6.12373878847267,1.77361560292795,-0.216933640359123,-3.812186608754,-0.785513818746569,1.1436333379457,0.403671134327909,0.756636405685353,3.75709536
5.93317334347867,2.85618541629887,-1.90280075777643,-0.510118919858642,-0.213919266594109,0.071408086487422,0.0342506464058995,-0.921566604657431,2.7420768
5.79186080484855,2.94290220920839,-2.54943152527671,2.98328083445738,0.645964050585079,-1.15978727336224,-0.548085119054121,0.778536449539821,5.187024
5.72428579082155,2.05357215585676,-1.71446702362116,3.36336683759512,-0.116418317211603,0.58438425342095,0.741354702226115,-0.494332495801519,7.330176
5.71112331874191,0.424896929415231,0.0622572318447859,0.413893718213457,-0.846625267872609,0.639278254201656,-0.605305644297675,0.081240996328124,3.633984
5.7455648363411,-1.47386755072278,1.68745068767564,-2.85003555907927,0.26993626068587,-0.924773842489922,0.100009979077133,0.274788975737551,1.5822432
5.80387334335644,-3.10006775947323,2.16249913135646,-3.27221418060063,1.0358844247607,-0.08341583010959,0.480388649050475,-0.517495143883219,1.3116384
5.89113247852527,-3.92357243585846,1.26944611765108,-0.518350624456338,-0.37169584774423,0.923461008989926,-0.83010237696234,0.57927824395903,1.3533696
6.00468723962023,-3.64307415026496,-0.386510448332468,2.62440135307326,-1.3562112826887,-0.488287689181227,0.674401035009107,-0.508953853566001,2.4817536
6.13279844851221,-2.29532457373481,-1.78440961860647,3.05553141133884,0.294841864994229,-0.669905766070423,-0.125961761351954,0.312476142011781,5.057856
6.25001952248606,-0.255149763287703,-2.10684587949395,0.429823213088363,1.642645817592,0.903070511910679,-0.527603104118567,-0.0707752799174078,8.859456
6.32630328641103,1.89788105208945,-1.17570170655619,-2.52859663100996,-0.101465498930614,0.200944240947748,0.944889209506612,-0.101967875455241,7.090416
6.3650778027634,3.61089539404317,0.531595486302818,-2.75214503976746,-1.78245716875971,-0.989072322374628,-0.738097383665455,0.240454305225257,5.59882368
6.38067990055954,4.46171415420385,2.0813879868524,-0.0549527088555091,-0.0592060594332289,0.375950667963854,0.0244019119621856,-0.305265989565826,15.8523264
6.33343507115948,4.16982431880784,2.49268058160732,2.61215772491485,1.90168051713338,0.779620768527963,0.760023375302367,0.319191669296738,23.935392
6.20836866477453,2.81308033257059,1.49839388623028,2.53483004684751,0.42535836871926,-0.672938463022097,-0.922232636587874,-0.154637498244892,13.112928
6.04681321029751,0.860701078712277,-0.221152413256418,0.0694258776684587,-1.71160367542677,-0.315420376280215,0.499296323122123,-0.0389835447466761,5.507136
5.88004032465064,-1.09727000548852,-1.62864080851704,-2.1565269969695,-0.680351766394393,0.729132581618863,0.182370325915331,0.186834097050686,2.2660128
5.69000191429699,-2.59882379435705,-2.04186638827702,-2.14090564417744,1.41810098405753,-0.0986443884804003,-0.701646558155122,-0.247812041532856,1.4779584
5.46821445109159,-3.32615331084544,-1.35316186771542,-0.171185412000138,0.899172988073815,-0.521646667275597,0.826945643553845,0.260996875882866,1.7967744
5.24158224022026,-3.1261205188805,0.0283752577712124,1.79030672201225,-0.985089305618973,0.362425603166841,-0.4425757820897,-0.18992025448133,2.792448
5.01923407669369,-2.12479888476125,1.32111837318105,1.95121782476439,-0.99931956258719,0.213643572601271,-0.249503537790448,0.0320609755318926,4.848336
4.79712168808073,-0.676121615493806,1.80725489515373,0.300303551805279,0.517075976923919,-0.396738858677174,0.809029811610498,0.165450567969497,7.401888
4.58206710035676,0.791762557827829,1.27214713702502,-1.48753882553554,0.971915698218654,0.0301985798638768,-0.858041707533128,-0.337451917624458,3.623616
4.38420670263235,1.88894157204909,0.0770212072969011,-1.76865238340739,-0.0867746099179685,0.275890375510113,0.324747767301538,0.406131639148152,5.38056
4.19892781499507,2.34014446468791,-1.10874038801534,-0.464466522519208,-0.864622769494448,-0.155579142654451,0.42315542060065,-0.361886782127326,2.541456
4.03763766515894,2.09648921073796,-1.63606653692416,1.11119472289086,-0.301627610082905,-0.137092099380065,-0.894958560406142,0.203474591997585,2.3937984
3.92159705665392,1.3130595322154,-1.25391713973232,1.54654557349224,0.60471018248947,0.106680735307934,0.722363694563516,-0.0197388320266002,4.968
3.83695532853891,0.211079693999184,-0.309940934540016,0.483967889308798,0.463033170613679,0.00387092276452365,-0.13692740809361,-0.221483195579807,4.669056
3.75624662600266,-0.947053648992943,0.563037530377383,-1.04892871252232,-0.38893504345103,-0.00988782868820528,-0.489116317252873,0.445418326311352,1.6654464
3.67522077085036,-1.85055472957838,0.943704421153951,-1.53207188753305,-0.528500029764429,0.0012895180771523,0.802285532304319,-0.567375962969887,0.7170336
3.60311366962752,-2.2340890668051,0.811040277966657,-0.467814461491652,0.190237778637274,-0.0655100748152157,-0.630743060913955,0.539045768424452,1.7214336
3.52812877792828,-2.00470647353188,0.394156960384004,1.04841848638479,0.508607202507284,0.0832718485853415,0.0748647853627606,-0.364138096857287,3.4380288
3.45781815573174,-1.20776847155887,0.0196985130138648,1.52016449564192,0.0287445389603771,0.0781346026341026,0.553262012220324,0.0997407508794828,3.4807104
3.40012118518584,-0.0470602466218888,-0.154485748584883,0.492308117158849,-0.425430323952722,-0.238060710171617,-0.88248761232163,0.171705255688906,2.448144
3.34920971957235,1.14306669083962,-0.227577723120571,-1.04344980189289,-0.25496949900978,0.0623655320151805,0.662117861259066,-0.399025495393905,2.8792368
3.29902007268981,2.01542873931474,-0.365320522228209,-1.57578139320565,0.26520697642162,0.306344250848572,0.00506699558154758,0.530997254570928,4.9073472
3.25558211460761,2.33574712426179,-0.560771649172248,-0.523031690847446,0.466566162818791,-0.309831120281772,-0.686205874447642,-0.516492253434322,0.4777488
3.25549757213258,2.05967842001121,-0.589849276531185,1.13765625424945,-0.0100859593092778,-0.165803166518655,0.926774004297018,0.333943337023947,6.018624
3.28893028823932,1.2159275370928,-0.33514232050496,1.62326488857303,-0.729145251430793,0.392974875269794,-0.673535818425391,-0.110973292261563,1.9122912
3.36502087336608,-0.00782139382070012,0.176586922664041,0.333301257860324,-0.402250347291606,-0.0902707035783577,0.0304997211374351,-0.116015079073927,2.3497344
3.47177513363216,-1.35484723205741,0.673649485633548,-1.48460721497092,0.761486965229982,-0.426212423078167,0.568042834362835,0.21866690550883,0.6346944
3.60373010664759,-2.51208326204394,0.824031326755398,-1.89738753198028,0.779173636649676,0.369976978019616,-0.842354964663858,-0.199835215371117,0.4962816
3.73927718593785,-3.20216677872972,0.434461262642806,-0.345245316495734,-0.738930709905999,0.217397060915752,0.634182811110134,0.0539333002053424,0.5723136
3.87455170989366,-3.19340641725367,-0.31496409883195,1.72614956259727,-1.1513767535626,-0.531111844680687,-0.0478724997533729,0.180079765458632,0.1308096
4.02225595669939,-2.37496178546163,-0.950503828542568,2.20589930961175,0.630433020144892,0.13214103002235,-0.572752737140891,-0.415804749645,2.36262528
4.16972671990829,-0.880237186816718,-1.07264190741845,0.389439976329978,1.46933227602638,0.418361600648904,0.816999312298737,0.523451249541672,7.071408
4.30150875618122,0.961538984126273,-0.563527499028955,-2.04597418125532,-0.430217151586662,-0.390630107709152,-0.52466135888056,-0.41223943154885,1.29848832
4.4204741707909,2.73381238312674,0.367101503458205,-2.52245672161601,-1.70303769314244,-0.0925985507542832,-0.0548392224935627,0.112635831221212,3.57788448
4.53441660186969,4.00110421115836,1.23030751179328,-0.312940649036298,0.185109817990784,0.409964703818267,0.550144095972508,0.307237787418341,12.22138368
4.6215890601356,4.36810306913731,1.46292363489944,2.42815524895204,1.88312448392563,-0.215267005444481,-0.672540414909921,-0.719111083355415,14.474592
4.68353973208868,3.67686900066519,0.872926710199109,2.85619803371671,0.191826332271086,-0.125380250086085,0.452554142577663,1.03924112026939,15.702336
4.7077407003634,2.02634380284324,-0.253797738966583,0.356239256993116,-1.93078817762095,0.292062006769862,0.00207499789459511,-1.10648887976357,4.0381632
4.73273407653989,-0.149495896394802,-1.20334855568521,-2.57026662672458,-0.463062820119607,-0.0765909596848874,-0.356902619368434,0.913295780249923,0.376704
4.75989823013614,-2.32993853999333,-1.43211141033939,-2.97558579823848,1.90121843502116,-0.258834174531402,0.39003325869432,-0.518534126062476,0.6522336
4.7719885868144,-4.01295273926105,-0.862611826220724,-0.424282287564634,0.697042471805357,0.234028686724292,-0.178841190559802,0.00119935157120246,1.1048832
4.76510736002006,-4.76785860961501,0.17476332482247,2.62758442905531,-1.79395251947982,0.19633906641019,0.0103161580342609,0.579667564028003,1.50984
4.76603134078208,-4.32164997041086,1.15847210425765,3.21855558050081,-0.836059662942382,-0.356385767714275,0.026027829248221,-1.08126704533063,1.9437408
4.77559695184802,-2.73700673408693,1.53621547840398,0.643656822936008,1.66212349018016,-0.0888212080791707,-0.0359596304353174,1.35452032972393,6.4101024
4.80602986749554,-0.367281394860755,1.07714299889011,-2.6882669675985,0.946573799395422,0.504679900102581,0.126278634791813,-1.32202552784379,1.2365568
4.86356948424396,2.19260457570818,-0.0195559469296558,-3.5325395670613,-1.59408720145328,-0.24821624923903,-0.338928655032679,0.925836814716311,1.91608416
4.94087161359355,4.24432155410904,-1.21640377925032,-0.979908742878069,-1.12729917981466,-0.501982884298905,0.437385154118531,-0.26481757589001,2.9170368
5.05916881820266,5.23305503636037,-1.8354767755223,2.63081211755729,1.50815272925539,0.699444539466575,-0.228358987316696,-0.532307636299325,10.8826848
5.21840648342088,4.8221959533453,-1.52764792191477,3.74362095159038,1.21230740769112,-0.0103940426258589,-0.375706700912841,1.19146708201786,12.369024
5.40745491797257,3.01160810781034,-0.461567831530753,1.09180692186268,-1.54537866860494,-0.894869969134347,0.928385252593509,-1.58127945434859,5.609088
5.61341264010205,0.188978249262895,0.798266048247482,-2.84383131118219,-1.40963338822117,0.758343532426416,-0.963051012968188,1.56486038016431,2.4938496
5.83524972467068,-2.92282716584914,1.62128740762905,-4.10652340993525,1.55006464221402,0.444760683023689,0.264198121398752,-1.14057457064011,1.2237696
6.07275160604276,-5.4632932614419,1.6102022397675,-1.25193986000536,1.63856426325631,-1.28696948935948,0.80988641793031,0.384808821843421,0.9584352
6.33233385537732,-6.66784830931211,0.790543600461539,3.02583725204268,-1.54515999506645,0.52153750759751,-1.56102319971701,0.49905896872103,0.5276016
6.61712171998095,-6.11374828025077,-0.437519417564111,4.40071585378063,-1.9739768809653,1.02993452882446,1.3091437264314,-1.32485441207599,2.0288016
6.91676075664583,-3.88085664906171,-1.51697126949223,1.25779924722677,1.38142745296777,-1.49613537310626,-0.111926510761756,1.82397058638711,6.656256
7.18597099555866,-0.564164663301046,-1.9830711934285,-3.451908288232,2.2444477410942,0.0498370210257701,-1.35213309508469,-1.84961785837387,1.28101824
7.42514510571567,3.01467041882115,-1.49439266447663,-4.79904201455471,-1.05216355559426,1.80302869236667,2.20196266411765,1.45444534059261,9.972288
7.64711228083745,5.97028571856157,-0.107983269918168,-1.06118877195791,-2.3825675782477,-1.52780711241837,-1.68647138112993,-0.698063134454436,4.899312
7.87262130062675,7.53968303707922,1.58576373086386,4.11623527617698,0.713437106130001,-0.897400452301653,-0.0942637105839074,-0.265371207091457,24.7567104
8.02004423604829,7.126162341551,2.52439864599756,5.10024311807982,2.31856171455961,2.39000414421569,2.01907290761597,1.16868543798914,38.571552
8.02533797860842,4.72304415471455,2.09573557857919,0.669481064362126,-0.229679342083137,-0.575702194566799,-2.51492591578652,-1.55220308763224,12.642048
7.98108481881988,1.16327793087123,0.778114038687933,-4.24964455013963,-1.66889075054019,-1.90298841947476,1.46431403548981,1.51402755086295,6.1128
7.91071672221281,-2.49890519179651,-0.653560187288542,-4.43895695517874,0.0316798578054358,1.72981375000595,0.417152814204845,-1.13833905655946,2.9463264
7.8094938914526,-5.27929892855378,-1.58354346463252,0.0673543582419061,0.973116870831678,0.750015727600505,-1.95299973005025,0.593754650536095,3.463344
7.66845457323758,-6.48149897392356,-1.73962811872642,4.30819679212921,-0.0467502158593715,-2.06688168190644,2.30928492040384,0.000316397634597756,4.359744
7.51182641119863,-5.82170457897708,-1.15595459228335,3.86314593363844,-0.226784756635103,0.572560701013668,-1.27533485783813,-0.459735194113581,5.5078272
7.31144844258425,-3.6059974756749,-0.204279551110539,-0.666869652560246,0.322287725686344,1.60108810692053,-0.497349842966668,0.703734688259456,5.552928
7.09740614293152,-0.463606447742289,0.801894173372712,-4.24901944870229,-0.271408139938883,-1.38486846483471,2.0526224146951,-0.630239228537401,2.3880096
6.89749336228449,2.74531594398053,1.56626493565659,-3.05587114858784,-0.755305156175228,-0.777389761201973,-2.45345790323567,0.296088460159543,1.1846304
6.74154442287612,5.12912646478119,1.76699763307588,1.37211380134931,0.52751051676451,1.64081049384707,1.29082021476153,0.0585413923278565,22.95126144
6.51565593908913,5.82932374841801,0.988369883560048,3.82846085372627,1.05900481190311,-0.196561123896889,0.679813306223167,-0.319376793005136,20.810304
6.24556645720408,4.73791988719789,-0.390527574974821,1.96055802419598,-0.389853870431375,-1.09070073255792,-1.96318930613365,0.595171529010558,8.392032
5.9924702464907,2.37237717192699,-1.51625868005675,-1.62168190029776,-1.17306102185873,0.633388479902473,1.84884852400082,-0.814151497641354,3.84912
5.77608907297092,-0.479717134969813,-1.78210984497382,-2.93903028509702,0.115136998518265,0.406004444413811,-0.704473472485078,0.826365800165883,1.1860992
5.55358164829465,-3.05114898495736,-1.20287281557458,-1.07720957040466,1.05200098025126,-0.56295462881858,-0.694344769503394,-0.657553620156744,2.0304864
5.29807202873994,-4.66233148721536,-0.149436107919604,1.49461781630356,0.150504210931023,-0.0276080800306445,1.57174432488446,0.400243321477168,2.016144
5.06567537566997,-4.79804980271067,1.00169206938005,2.13024303253534,-0.695544922262299,0.399951421328224,-1.40422648328451,-0.052161046501058,1.0361088
4.8536926629234,-3.48297223100349,1.71560286252698,0.458478228741975,-0.394635242667244,-0.178568039152092,0.286848242273117,-0.423947005819788,2.5758864
4.64241635039427,-1.21066048038476,1.58539413923629,-1.46669383935129,0.198663301009178,-0.234208860141545,0.969374710031436,0.944576973867991,5.193504
4.44497582146216,1.30751923448118,0.659721856427616,-1.49516361845493,0.51104461123397,0.267607999009474,-1.47294766462433,-1.37340366667085,1.24187904
4.26369749811376,3.29457259352392,-0.644645024546128,0.162799456828156,0.294005635495288,0.024874914022923,0.858587145780573,1.53011911221896,11.75796
4.06598473226467,4.11901330099822,-1.74090409895491,1.3695383940132,-0.509257557453198,-0.232017938304328,0.378938870670939,-1.30718512038745,3.9159072
3.89900615612824,3.65336946017156,-1.94103528118893,0.868888722239286,-0.657673216834084,0.230760657955354,-1.20830402747768,0.752908836033708,2.7541728
3.79953250851892,2.14350371025261,-1.04359594349196,-0.587176810723519,0.339324028493928,-0.115952324229822,0.911600093279762,-0.0504826588703171,0.7699968
3.77171701670047,0.0426165255298784,0.409798853138486,-1.36494502277194,0.772919355188858,-0.321680295483628,0.0514951858119149,-0.789464649601359,3.1184352
3.75734903393766,-2.15158542797026,1.4343909922772,-0.779305273441515,-0.350890077314731,0.450250840365313,-0.945151716918316,1.51987060946804,0.7959168
3.76854088009331,-3.81141458900866,1.47773019863048,0.564828793705222,-0.872695235711919,0.100223981373668,1.08868229389707,-1.93268793806293,0.448416
3.79502524574544,-4.47099976677198,0.601863996966645,1.28625216564767,0.294707691178223,-0.750232018676106,-0.413083956944189,1.85519437410719,0.41573952
3.84135449880154,-3.91712153606789,-0.561922390535006,0.67837609311468,0.959122583510835,0.482561642151637,-0.591038996299601,-1.28289043263052,0.34651584
3.8902160640381,-2.29845103363738,-1.28653717026598,-0.636134443130176,-0.263821921917125,0.552453094048622,1.1408786211042,0.307400779176074,0.24784704
3.94532065774574,-0.0295495893207333,-1.13844858436815,-1.28203178770307,-1.05907876512752,-1.04862045927843,-0.804846651532654,0.847797187793257,0.90072
3.99148144013809,2.26998160880412,-0.279297654164752,-0.605350419500298,0.190004193142184,0.181149594014824,-0.181004448740093,-1.89091712019545,2.460672
4.03480186399598,3.99106413014646,0.714861844912548,0.707774664617434,1.18577679788973,1.11408705999145,1.07844976486207,2.53498245254911,20.067264
4.02130803619413,4.60918170121698,1.14702339113924,1.25751396599653,-0.0969020683584139,-1.11019583852671,-1.15829432615179,-2.53542367423325,3.728592
4.02290049170065,4.0910633387621,0.9358781103376,0.693360537291536,-1.08228295881145,-0.200969442074821,0.470030513652757,1.93878739270288,12.6974304
4.0111881120926,2.55294683323797,0.226215247036702,-0.498491706492719,-0.0691645112454254,1.21511635194102,0.382373645826863,-0.949940159673018,6.548256
3.98730127742737,0.396609948406059,-0.54050842866269,-1.24058792876885,0.97649774283702,-0.745017807494654,-0.777652132189527,-0.151946681801768,4.269888
3.93760849889887,-1.83256720159758,-0.925980945596401,-0.84097789912732,0.232567487872028,-0.532572481268216,0.583049164011855,1.14096906981223,0.648
3.88870635490862,-3.5175011668387,-0.679341851354155,0.42718484110282,-0.761990260779493,1.1575505467118,-0.0402888431315922,-1.78474746386943,0.7787232
3.81928387746688,-4.25669792151932,-0.0217547446203967,1.34495414511277,-0.35871968824846,-0.481721454987265,-0.399504646531539,1.96327831457227,0.5454864
3.75437092990427,-3.83723780465804,0.651279837886226,1.04468839115256,0.604696843928529,-0.629693277339547,0.488128739935693,-1.63786739276563,1.1517984
3.68776755650786,-2.3999476224238,0.894371262931658,-0.288314299832468,0.408093703343448,0.952680565561461,-0.272982949734025,0.89706028602597,3.707424
3.61596586073471,-0.352667349163298,0.541866780792817,-1.44604957747012,-0.449752185191136,-0.252079827290831,-0.0124901827867105,0.0637697079408674,2.1292416
3.54813742311771,1.76779860845999,-0.153863654273707,-1.24485292857963,-0.370804163356676,-0.589294391291689,0.196912533835958,-0.964107467437804,0.27994464
3.50699541699734,3.42879263022196,-0.707767844110827,0.244236605730209,0.336270615890664,0.730248344537683,-0.234922496932684,1.54416767753993,7.75389024
3.49906585859079,4.18472065479479,-0.786953848429573,1.56676089035207,0.23913889784092,-0.230800740223434,0.121414092490478,-1.69945859315171,4.2167088
3.53310118556659,3.81092733506593,-0.400115198509307,1.30703949911295,-0.358704258188053,-0.474797800258798,-0.0450407298255758,1.3492943179504,7.85808
3.59439249991298,2.33565720206802,0.100407261354184,-0.4402380280176,-0.234319771225075,0.674910734758978,-0.0201670715442783,-0.657928192375914,4.204656
3.67436853487564,0.0988118458332992,0.346497292066639,-1.93766880120896,0.350823950912879,-0.241639940112147,0.0702308584679223,-0.18561766927851,0.8401968
3.78491637248733,-2.30168476479284,0.236287025058704,-1.50175475242271,0.224221126108654,-0.445138885177466,-0.147548673058332,0.917997874974879,0.09333792
3.90169826480261,-4.24956682657405,-0.11628115654933,0.534845927447419,-0.459175023930813,0.647214704455021,0.138476159790457,-1.39281674059448,0.29465856
4.008252151932,-5.19504396284486,-0.38793394086387,2.15127782180468,-0.253536655399514,-0.140687416888613,0.0208177327237557,1.53058631746396,0.4732128
4.1251514203488,-4.76318565877841,-0.243773540667423,1.70320358259446,0.644829343293062,-0.47267819144985,-0.206874923957581,-1.29570818954183,0.10329984
4.24633381462745,-2.97662389802367,0.273859845289599,-0.510244996551631,0.330145216760759,0.51958795392204,0.237964060106558,0.735000877410522,0.77891328
4.39202755120185,-0.214576338338785,0.80543420921735,-2.34416471867479,-0.818445023787717,-0.0140871963375802,-0.06426414351206,0.000368019877083323,2.46730752
4.53578940484207,2.76315229076992,0.806672047299473,-1.99553903483049,-0.582097820859456,-0.549406418611053,-0.276541465146021,-0.778969689729511,4.6324224
4.6573922941407,5.1063362468944,0.0834442752411961,0.326942085507033,0.933612839675121,0.558464305053111,0.558902739881754,1.44987957398004,15.2944416
4.76315004498109,6.16490600437656,-0.927747122221587,2.55162395257832,1.00338802092434,0.17840442326242,-0.414599352498521,-1.78355602381016,9.2289888
4.89649106267095,5.66965553277894,-1.42796854570313,2.54866393246564,-0.847506032969958,-0.793144461057206,-0.149002774378134,1.67286956069252,11.566368
5.04300427653826,3.65376850465388,-1.00047365145052,-0.0204511081147769,-1.54453223437405,0.340508683094048,0.665552907042692,-1.18995491150462,4.99824
5.20003872834851,0.561836236899445,0.177562857458709,-2.9229265564623,0.562185951786678,0.657954694991719,-0.711532308380096,0.445847781820896,3.5034336
5.37505186935669,-2.83806507702456,1.41059854705287,-3.23358618721235,2.03059265956708,-0.86127018197577,0.180186041021926,0.37510172690878,1.039824
5.56710820959122,-5.67629236769001,1.85617263457059,-0.326725339237277,-0.166948809864207,-0.168910680576247,0.529785205103797,-1.12636458284897,0.8898336
5.7631589485039,-7.20626359063159,1.08024142559457,3.18345529760155,-2.48660871626843,1.08813126478085,-0.910484293537797,1.63280364336939,1.2373344
5.96593430616361,-6.9597249563183,-0.550872418363366,3.813751052668,-0.387971343737633,-0.572711625056763,0.648635642450598,-1.78497089056119,0.74146752
6.16811763659165,-4.91932436439667,-2.07011085785739,0.637196545899311,2.8020317701127,-0.83512016318388,0.103333422840134,1.53788730835766,2.9953152
6.36708866065073,-1.52677290457427,-2.46195730988085,-3.473373038528,1.07067124200563,1.2559086364403,-0.837530377649191,-0.943043860520957,0.78728544
6.55280329143055,2.39776969565498,-1.33031495465502,-4.41660029577153,-2.958039050524,0.0339576849909914,1.0369923687502,0.142739824472217,0.766928736
6.7379336131985,5.88917830063617,0.819785007748389,-0.916567062224885,-1.81286062176941,-1.41644745963867,-0.500094434245161,0.695766027842394,10.79936064
6.90437302691381,7.99594239194037,2.70838610136155,3.77833763659843,2.88967282867391,0.954048755247455,-0.483734960404106,-1.41269983410436,26.18276832
7.00032949999242,8.04308164041902,3.04836464165591,4.90633101508883,2.56524713701968,0.884886299186616,1.25938378896708,1.88138904911363,36.75888
6.98374888449189,5.94839710352817,1.53380367061305,1.19713367048715,-2.45024117431705,-1.46090334511197,-1.01171472961114,-1.80671495802634,8.711712
6.94586328984466,2.437109623897,-0.732491203109836,-3.5118940450529,-2.85281595306455,0.295484722443107,0.0772697369278047,1.34028395757182,5.085504
6.89815687473673,-1.52131828683342,-2.36931510905477,-4.64959677267821,1.95443155133052,1.02677811910257,0.779574110950406,-0.662804327141243,1.5688512
6.83495273255811,-4.92616963664435,-2.51052181088984,-1.32034523801767,3.00885083843742,-1.02554339932734,-0.960822734459605,-0.043195420046804,1.415232
6.738465282499,-6.97302389126364,-1.22662433760208,3.09010077797399,-1.45224019072336,-0.0469271969559797,0.451679341634144,0.652902744834541,1.7883072
6.62136964383836,-7.17355553693323,0.674943376517006,4.44137477843367,-2.97938852324158,0.963186228107484,0.369973717684305,-0.998827989226836,2.5962336
6.49946505317718,-5.50748003225293,2.11097580691177,1.66553669655592,1.07240709961796,-0.73900495504243,-0.839953049033525,1.06482076147759,4.4093376
6.38859763881537,-2.4341602701858,2.31669736087406,-2.48100886478343,2.92811854989835,-0.243691978136027,0.612670667020403,-0.893687086233074,4.8580992
6.31387558991065,1.23810625291379,1.25146321323774,-4.1619372193555,-0.751067590606583,0.846839174054747,0.0923988469127225,0.564453814049748,1.6308
6.30181198049299,4.53665036093501,-0.460218088508548,-2.04085792298279,-2.93412736096922,-0.59225734610661,-0.790822058003145,-0.272689882415701,1.52757792
6.34393663436541,6.52193590002865,-1.96534267642715,1.64542013422418,0.286220018089694,-0.355035383327845,0.791637523230796,0.0109280713616082,10.266912
6.44149942656325,6.61795927925298,-2.53103246607159,3.51364903784489,2.77290274448048,0.89719011676751,-0.10802220814385,0.129813240316794,14.297472
6.61182608895074,4.78668452260694,-1.88471152297186,2.12242924006397,0.0203613698714707,-0.515696135995435,-0.821704365823208,-0.240566465494703,6.551712
6.84336834757505,1.47086609568504,-0.423056700512304,-1.10405335419375,-2.77650538216147,-0.601951418260863,1.08332842522422,0.237224261465941,3.924288
7.10065235314698,-2.49813949211146,1.04850707076938,-3.30847346087878,-0.48002468121413,1.06487285717118,-0.451575285998004,-0.226672752249214,1.3368672
7.37470641450618,-6.01633390795919,1.87117791992947,-2.55614938926672,2.70461492099417,-0.202176366150857,-0.628335191072172,0.267867735693527,0.8874144
7.68774319505963,-8.00526924269913,1.81997602780692,0.513335188283095,0.944239466123264,-1.01182704896067,1.30325540752973,-0.40850129410042,1.1124864
8.03189822260263,-7.83185619611752,0.990132630133483,3.09410615527815,-2.66090683410508,0.930318669525132,-1.08711698243702,0.544353006304659,1.1163744
8.39178912779529,-5.48161873221458,-0.27231433948971,2.77341241549145,-1.52159964128977,0.324542472043352,-0.010107100914934,-0.652878427630243,5.2938144
8.72160087896938,-1.58929562023389,-1.49854857183135,-0.209702354252259,2.43617752235782,-1.20303137037062,1.25027234795288,0.662345707518135,9.8100288
9.02182666269656,2.85191783383425,-2.08947367867822,-2.96829712343575,2.17237058037634,0.687731645022418,-1.62133977521503,-0.444291916899472,10.576224
9.27186152615212,6.66954002014979,-1.67233096764937,-2.81753770645319,-1.98352958112999,0.728697808922924,0.818380207001122,0.0424579997735365,10.932192
9.51233455949701,8.92026931286047,-0.231900915093351,0.211485210370018,-2.58054373287472,-1.2319350408405,0.751239217815064,0.544123705155945,17.875296
9.72204331335964,8.9492775608724,1.55403952266733,3.08557561617544,1.40800765995351,0.145091510713243,-2.01576006755716,-1.2048256245483,21.758976
9.90956960307359,6.68603087863209,2.72935877791659,2.90657550093538,2.89996058726784,1.18991659382204,2.00664009294465,1.7833829100874,36.628416
9.99241723587451,2.55015931169856,2.44866081491878,-0.270054702310484,-0.786376779526337,-1.01018727121422,-0.499046104290339,-2.01858923725275,10.935648
10.0491505096764,-2.25848812801767,0.942610802932397,-2.9581215749778,-2.71508889327499,-0.165711384615416,-1.32306612299038,1.96149727539787,4.5655488
10.0869697834432,-6.43266920997364,-1.01186925429189,-2.41751804996665,0.262863608818206,0.948440829804348,2.1514866717663,-1.60433030252093,2.1175776
10.1176548926059,-8.84653293992335,-2.43709515914944,0.583992609016934,2.42001669100832,-0.677096445977079,-1.41907767374381,0.96709264937445,2.2946112
10.1163598477501,-8.90354680582849,-2.67953845757477,2.72925814403972,0.109100322471387,-0.165512801548869,-0.321602477460609,-0.103638824657546,1.9402848
10.0972575119319,-6.57408647415272,-1.5748295822446,1.91326014719292,-1.97729389393755,0.810131135677189,1.88898061888692,-0.811686471909763,3.0588192
10.0801101426848,-2.45549899964893,0.390420127029512,-0.750018314925832,-0.284682127504274,-0.681965988060592,-2.14857179944932,1.62513259875022,6.253632
10.061158220795,2.32536001710844,2.2097060121738,-2.42055464353153,1.48102692787001,-0.171091276040639,0.8263213534067,-2.21798284914277,12.521088
10.0146588951946,6.42008444843673,2.86709155992452,-1.55145995614086,0.224768614308253,0.895518505566526,1.15711717324917,2.45125760046329,27.7344
9.89294995515353,8.66935893811343,1.9554422077775,0.761730482311426,-1.01450417115502,-0.62501313181639,-2.29223995865686,-2.15493931319839,14.427936
9.75168421538009,8.60612937416025,0.120143117424101,2.30904436206718,0.246074185203233,-0.179900608901812,1.89002812076273,1.44091438753618,29.080512
9.54319466487091,6.26636157902607,-1.67766684922224,1.56270403520318,0.713112127712581,0.702667085296939,-0.246106500829884,-0.43096724376398,16.231968
9.31411523541852,2.43366844791402,-2.3870953658037,-0.53566879870606,-0.629856334350437,-0.35281505054664,-1.35757683417153,-0.556264885633922,7.606656
9.06821454026687,-1.7975258357378,-1.68159608425217,-1.92087713385469,-0.568180342111794,-0.333803137953933,1.85289321019368,1.30013524626941,5.259168
8.81328091006036,-5.29323672573137,-0.0727144190793445,-1.42187762908023,1.08587662672208,0.524024215561198,-1.04117234314318,-1.66377582506909,4.188672
8.51894344168351,-7.22309163023311,1.40741501724508,0.257785866984427,0.604782066079189,-0.0864762630104102,-0.331836692181369,1.65208616052026,2.9865888
8.2389277149626,-7.09052425857568,2.03320985320977,1.62886716728088,-1.40785834958863,-0.218116371488175,1.34661338241141,-1.26631373649394,3.0037824
7.97562673035391,-5.05766428136091,1.51445505878903,1.47794216459945,-0.862484179813727,0.0255062079160797,-1.45662970609446,0.5601835912275,3.27888
7.71641144832142,-1.83622888054498,0.151610413578377,-0.0614583485075551,1.5979857415814,0.0410907975994374,0.635253342805787,0.256608109706088,10.234944
7.43931661970197,1.57618570698866,-1.29539714887041,-1.5673776731913,1.21302794817756,0.28722136677268,0.547489122350429,-0.952757317681688,6.253632
7.17106543758788,4.28536957308171,-1.93344305499129,-1.52847096122918,-1.61492277786952,-0.278417851589998,-1.24708465758901,1.3945412767813,4.7542464
6.94004632610081,5.65871314120738,-1.37077383282317,0.0400863431755238,-1.61995145808212,-0.415966347950768,1.00303008412379,-1.52753055278639,6.2878464
6.73959060806738,5.39422212772454,-0.0512087400203242,1.47194957675297,1.39039038791112,0.721019190606589,-0.198599136008118,1.24119914299013,19.044288
6.51298929931317,3.57939446754599,1.06874857554652,1.22673483274626,1.8821099597082,-0.000182668124951497,-0.574896777451979,-0.615105636542219,13.027392
6.27842146397955,0.860020396749762,1.40250561635392,-0.209811706557987,-0.968653750196934,-0.817377057365759,0.957836853635419,-0.0992410205414374,6.530976
6.06547066390641,-1.86304125555787,0.942573946569123,-1.15414968889394,-2.00250775487104,0.615469917103329,-0.807422303258188,0.682767036654649,1.5971904
5.8617424928826,-3.81519392641432,0.0507798875479505,-0.788792591409901,0.436241061882569,0.355657730148728,0.187070156384644,-1.03699833289579,1.964304
5.65697315310954,-4.50194134343566,-0.728785071202951,0.227549280194132,1.97713633549365,-0.906395140415008,0.546407213466404,1.10971590957728,2.273616
5.45904121041355,-3.80712003131362,-0.968055173962558,0.747953997756642,0.0922042590847099,0.355963184594812,-0.961172573077394,-0.921283317823214,1.6095456
5.24744838280445,-2.06280407107355,-0.647587553542642,0.359667838312269,-1.84831741914368,0.624691004802699,0.80277050855612,0.553840033325058,1.7493408
5.04655014428698,0.177504311223033,0.00402505903557939,-0.199622142522763,-0.495815109907081,-0.77742595578637,-0.102851204407353,-0.0852779455642603,3.6346752
4.85929016163562,2.21785194531647,0.565248715465713,-0.235139965830123,1.61148366390335,-0.0789155650513024,-0.751978937800999,-0.394309844220835,5.5462752
4.70105194512164,3.46296711231513,0.715708060621452,0.0919200417937879,0.806418496109138,0.782662809484905,1.17604811249639,0.752512813501346,12.7291392
4.5572200579848,3.53749712448579,0.363739094509187,0.0678536260800712,-1.38488789611826,-0.497700083237702,-0.887946976647416,-0.943171585277633,1.6861824
4.46138259034426,2.49946989003696,-0.190714690748272,-0.364501865087888,-1.03515460669581,-0.365219755208444,0.0168058735964302,0.927226072310974,3.8232
4.41933152531137,0.691919371110799,-0.607782495845342,-0.604485987518475,1.00655331500189,0.602990717413715,0.807171304636143,-0.815086218345944,2.2097664
4.43042240914258,-1.35270636523596,-0.708087454011637,-0.166628418853412,1.02407310108905,-0.160404618161885,-1.18376535446136,0.563370940741283,1.988928
4.46141167605892,-3.09519931262606,-0.568314074669611,0.56715451100023,-0.812113388266405,-0.41396943350261,0.803833022703759,-0.281729013985436,0.5008176
4.49144610313326,-4.0520308313671,-0.308269497243838,0.785391751307431,-0.994501978551868,0.458343569408085,0.119979920054383,0.0240623496531572,0.9278496
4.51981510542041,-3.90260643851594,0.0367412439867152,0.186130875437181,0.703529812211451,0.0520742590620523,-0.974505776556967,0.206246587514563,0.68054688
4.5509032997253,-2.60959203832866,0.457011950081412,-0.652630697434651,0.995265910498564,-0.433051025029712,1.22126574877731,-0.389375196296296,1.381752
4.61525785734089,-0.435314230791908,0.879485141138618,-0.83036541327592,-0.597828261136651,0.249174445790077,-0.700905070351929,0.508759020802079,3.0345408
4.68934490422501,1.98569190704994,0.982083994784255,-0.234646183278193,-1.12134040822316,0.0757530606573577,-0.373704021991309,-0.644783216214433,6.536592
4.74520165300172,3.90490419773432,0.506082137615389,0.504059970411938,0.430373727072172,-0.19079209373853,1.32540338061923,0.807350004053782,13.697856
4.77340940099697,4.74669605412998,-0.406921116735644,0.779459407047152,1.31591644164772,0.245808051920481,-1.38746632334619,-0.88087431548638,7.8655968
4.82160561363632,4.32516954930378,-1.17740676969412,0.528135630171083,-0.0774357787122603,-0.130000851368593,0.489635078015372,0.826502802789999,9.4325472
4.87747335034335,2.71021951336507,-1.34515056160573,-0.130595269617138,-1.51128915474519,-0.290098094412214,0.725093847896461,-0.651692584387856,2.8721088
4.96178428623288,0.33316838645201,-0.727885809664599,-0.77143390715523,-0.343129879269358,0.576564140431564,-1.43772241422155,0.340629151981909,1.934712
5.06682041762689,-2.20847222426257,0.342543534874926,-0.940416952063682,1.52700637314969,-0.25329050294638,1.10828067549897,0.0378640837424158,3.1021056
5.20239828741202,-4.24704575938305,1.25167776176614,-0.372258678303373,0.742264499816569,-0.588146612451947,-0.00921288650770006,-0.466947853003396,1.0464336
5.34737398686046,-5.27959367732684,1.39409997832785,0.589226596952098,-1.53402292242317,0.875111854404184,-1.13418466892426,0.837742501997766,0.64649664
5.50427720007146,-5.01450787191653,0.650441895238047,1.19919736149714,-1.16970083322233,-0.0224708764628264,1.51951487644986,-1.07107652111362,1.0621152
5.66812649285096,-3.48968371308649,-0.559094954080368,0.807562395389988,1.4132359850704,-1.09719831053664,-0.871553401164063,1.08815321398618,2.8956096
5.8352771266014,-1.06359279867213,-1.50612766956324,-0.446944413443148,1.57027448648936,0.957478829401403,-0.412777384070613,-0.879611657033187,4.8359808
5.98627279101805,1.65312981468126,-1.60115869843621,-1.52666772168043,-1.20827462686254,0.521231414037693,1.4728799739214,0.481197963995268,6.1275744
6.13439424892604,4.02022917677077,-0.679820444171821,-1.23304992587209,-1.8828300655558,-1.5108509459224,-1.51418301615505,0.0705639517887554,2.69148096
6.28752964239043,5.45776876675575,0.777086016022829,0.404083329171955,0.922604910806909,0.593827185123223,0.444092897830618,-0.692711015976,15.6741696
6.41103802326222,5.52777476336239,1.82482470911548,1.81577886105182,2.0674670343488,1.16591013391571,0.963308756728076,1.22110283734513,25.472448
6.45667624677418,4.13623860473089,1.74873278512539,1.51228734181485,-0.540358829208076,-1.44631943250535,-1.59474531565021,-1.41250110466531,9.647424
6.47802066578297,1.74874067588336,0.727540799696567,-0.140727701833388,-1.90953440914358,0.0686266321976863,1.17740375436702,1.31158998663323,11.204352
6.46520896544025,-0.994619026836435,-0.603290748532053,-1.62762248620997,0.233620763331726,1.29439334625489,-0.0681605321560343,-0.950840539833325,5.0956128
6.42829237631085,-3.35308507560747,-1.44528292235365,-1.56964959116451,1.77082558011823,-1.03928025572176,-0.905796617860941,0.47270733837791,0.8938944
6.37573628180665,-4.71002311368696,-1.33861346322578,-0.0186481380445631,0.0628230938022061,-0.351533412027937,1.18700678748591,0.0383143926712681,1.8618336
6.31280326121775,-4.74638797246825,-0.432049753621065,1.56158355810516,-1.5719396988391,1.19344658438638,-0.715114355069656,-0.486398440631015,2.1190464
6.22893977797308,-3.52758808018948,0.637643406651095,1.66113122508071,-0.28242931992295,-0.604483674675054,-0.0693532459066405,0.828357581724691,5.056992
6.14316540999437,-1.40449347821957,1.24053892735634,0.23145597352208,1.41358545983305,-0.518599722551085,0.677762512712788,-0.99813421971107,6.702048
6.05508443140541,1.01868161920551,1.04849599352702,-1.39674322571203,0.44239911352979,0.881668124774689,-0.81440986160025,0.975536098047416,7.920288
5.9792172600075,3.09546155366008,0.253001572611227,-1.70914753824645,-1.22957435152247,-0.267578619985072,0.515345117695255,-0.774969730865013,4.1954112
5.92572800338985,4.27709907644807,-0.627431221138164,-0.452596319357142,-0.583892004721225,-0.511188197401688,-0.0775464784463241,0.406691831305163,8.37952128
5.88237895219719,4.22897058424173,-1.11159972890978,1.13342600979277,0.959710030922489,0.565886888537265,-0.310316173101684,0.0219214003596762,10.2374496
5.85224503459926,2.98057868807885,-0.95627398274825,1.6062250293981,0.636954917053083,-0.0362624001685891,0.531708914171499,-0.424596649535637,10.008576
5.83422990505545,0.889719088090141,-0.300948497591861,0.595668940156767,-0.730626571400818,-0.389074905917969,-0.586232153133497,0.697913927103483,5.15808
5.82342989847215,-1.46026405264378,0.437931517105718,-0.931167695014704,-0.658123401101865,0.298210449615028,0.430444892143155,-0.808054490726497,3.6565344
5.81591728153618,-3.40983093516516,0.845067292114395,-1.57117619149554,0.516049144503814,0.0339638080822463,-0.0535699330705836,0.752603073413653,0.939168
5.83196275533868,-4.38108835009525,0.766007904181587,-0.740155190762088,0.636754566302878,-0.189390204557105,-0.455229090950369,-0.574025586665213,1.2146112
5.85649603899648,-4.1320803193597,0.259042708507669,0.6996735127038,-0.410025374011528,0.056604803595299,0.790068322662957,0.276653049131302,1.944432
5.89338759940968,-2.74741504251122,-0.372193335231345,1.40650471184433,-0.615318974413106,0.0208042372667998,-0.717693060914832,0.0712368610681689,4.538592
5.91420480432626,-0.669783651166908,-0.817397244653537,0.750280403417194,0.272317146044338,0.0323988043446644,0.165713391227305,-0.417755383100378,5.312736
5.91906091805963,1.52632508628353,-0.809669456247991,-0.526522086556079,0.61899561869828,0.0489075682022968,0.659181291539264,0.739676476115282,10.168416
5.90134867206892,3.25669336751476,-0.317811382249687,-1.16387843603492,-0.098228217740035,-0.188720979817017,-1.20504773688184,-0.945106548468567,4.1857344
5.88203397033393,4.1178578999636,0.448729629889854,-0.600949157422188,-0.521662568353066,0.145543224217029,1.05124941156923,0.993911936946427,14.7111552
5.82273920539729,3.86727794766248,1.00236022096329,0.421524992095867,-0.0832985393595966,0.138385952519261,-0.178133714848011,-0.853243803931096,9.3201408
5.76112105146247,2.67571477306393,1.08223278988392,0.987257823737679,0.523965060508144,-0.212807207826135,-0.8297808207712,0.611770590459337,11.52144
5.69067309394683,0.886689178056563,0.589470993945901,0.621287856642942,0.230849757492314,-0.0830968845615704,1.2859400771817,-0.350009177446939,9.57312
5.59929930763106,-1.03729429658781,-0.283123408105265,-0.28523757715553,-0.497006930143743,0.316092954410397,-0.871342724902374,0.127196241898954,4.4493408
5.48678068101572,-2.59892634710941,-1.06870495209472,-0.838353794159827,-0.32123698039844,-0.0206528235819507,-0.0858385870571702,0.0856059336937768,1.4154912
5.35406821097731,-3.40621313266938,-1.28688261509295,-0.532628536493435,0.501884174301024,-0.386819449382924,0.979770555900524,-0.273170280730912,1.6253568
5.21016411941957,-3.26518687441345,-0.731517498002077,0.292396492767597,0.469380251175091,0.29470636470348,-1.20163015884408,0.471417962452275,2.401056
5.04886160247893,-2.25674737664356,0.334194908414706,0.791807580002198,-0.455687904311379,0.290601457791442,0.633792112449854,-0.66385383153712,3.6192096
4.88955514939952,-0.652351634915438,1.35149944579692,0.531749510121067,-0.560295153378572,-0.540938708205121,0.368289290774385,0.848610867204934,6.152544
4.73315824056611,1.09726609211235,1.68989871857651,-0.214306061901837,0.37752130012515,0.00707954021918705,-1.15185688961598,-0.987780366806823,4.46472
4.59056307851295,2.51430779004633,1.0551975524983,-0.739652479700092,0.62419527933577,0.621081979374394,1.16229583125255,0.98990030214086,12.817872
4.42442306852459,3.1615736247115,-0.347320472947622,-0.623820649524367,-0.338940143867964,-0.464061692163447,-0.381657228168295,-0.78063826157426,1.8200592
4.30212762561861,2.97877781976077,-1.62619962890425,0.174773525187902,-0.541139616191379,-0.244719762459681,-0.58292892997509,0.385907522730483,3.4975584
4.21187529337992,2.00693294258838,-2.05199452222617,0.810508128666911,0.191554739555518,0.48052506555809,0.932437257130261,0.0371858448768919,4.4467488
4.16115321553149,0.493475700337344,-1.36045545786221,0.546758404667473,0.345681276256311,-0.11878211816235,-0.533169295811941,-0.448049185361358,2.5489728
4.12621293414708,-1.22218425926232,0.0379747134417903,-0.444459061786489,-0.217804656280665,-0.3186073526953,-0.25902674149209,0.732825470776229,0.63049536
4.12551225671984,-2.68313571854121,1.4075541532347,-1.05286759972284,-0.164366586685752,0.285331995562639,0.769162766124701,-0.853993842712123,0.7403616
4.14525492358941,-3.53440874979386,1.96928722192011,-0.56429537206205,0.232387722099154,0.000606962820259212,-0.658958913115892,0.742645819265316,1.744416
4.18202245377244,-3.55275030835219,1.40306138359017,0.579057088437638,-0.0384381195609895,-0.180526057086497,0.017992981733646,-0.443529207151151,0.7211808
4.24024369778617,-2.70113078967614,0.0385300929997607,1.18863393996994,-0.340274091295937,0.138325736117207,0.630291833435211,0.0236576075977758,1.92488832
4.32418433737807,-1.16701485821663,-1.36256490221274,0.530683919311293,0.152161868388909,-0.0933107781648993,-0.824125865273107,0.359008367439253,2.04717888
4.40709786565175,0.640065065342488,-2.06897119737222,-0.850468392724085,0.425429999103484,-0.0148750784735615,0.35867231649678,-0.620649030769443,1.94999616
4.49893074005329,2.29617117673104,-1.65009863244559,-1.44492904502815,-0.197833030240938,0.259581467417741,0.47723251288628,0.718505054302004,4.19521248
4.60369435393103,3.40473954583833,-0.2957567050435,-0.475423069108563,-0.552935770806018,-0.363730060705397,-1.07377581646432,-0.659583731436138,3.508704
4.72565402270009,3.68271744413002,1.24913729185934,1.11599099762714,0.151837662433416,-0.0597597046662343,0.869499178800884,0.428636787582778,14.222304
4.80874334333813,2.96089582657741,2.02246526598464,1.51567994773016,0.581031544526555,0.564255027027887,0.043611837222588,-0.101193776335943,14.903136
4.85132038837158,1.43508544526276,1.64651008909524,0.307913562453686,0.0456983936579175,-0.268171583980855,-0.892028693813426,-0.120030613992677,6.82992
4.88618113342563,-0.407702905192141,0.489952131806725,-1.10796170736012,-0.415129318319732,-0.444332979547513,1.10754127881021,0.207206168268608,4.9502016
4.9142800240795,-2.05286010281043,-0.759716820954711,-1.26106664884272,-0.209741167663912,0.557865838690748,-0.568090271937442,-0.179164902298721,1.023408
4.9246547646285,-3.07974190886992,-1.48241376460943,-0.116351536259514,0.188657857138404,0.133845647621955,-0.337576805276538,0.0979913477193904,1.626912
4.91634797933877,-3.23169079605291,-1.38419328006046,1.05910908223293,0.3381810095373,-0.652930340174885,1.02894684983637,-0.00139040840391073,2.4513408
4.8924769583698,-2.48558259035086,-0.605032466484413,1.08240989331493,0.119809742664767,0.291987116487162,-1.01303652977813,-0.0265128910424645,3.368304
4.85312192702367,-1.06567121161076,0.392363367495331,0.0285993008947339,-0.341065834726356,0.508991067092774,0.314293774309164,-0.0347747136820167,5.2577856
4.79451040482133,0.622257244283044,1.09594007512653,-0.943156846025172,-0.410899724334566,-0.637101798400194,0.617126141565296,0.19928854561608,6.4362816
4.72379105992845,2.12810523189886,1.22976137911577,-0.827678063778334,0.29731580903848,-0.0794095525102875,-1.1079381204816,-0.384374604926283,5.232384
4.6516937546831,3.05934175823126,0.819083080367816,0.157693504732719,0.712893714224599,0.71309646995323,0.81217437983875,0.501702200062543,13.9874688
4.54509095415389,3.12214528381889,0.0559391844407235,0.827583412781087,-0.196798944649636,-0.446619138727554,0.0500012754439278,-0.473227299288552,7.75872
4.42283304592773,2.35237254247013,-0.630084685023555,0.583900768660113,-0.87671349113182,-0.280793998927352,-0.759208901464959,0.347263881532375,5.37408
4.30267366458675,1.01718734807619,-0.896375244257106,-0.145954962970362,0.0808854867513871,0.621116448453789,0.823182930185239,-0.145122910010236,5.0998464
4.1840856856201,-0.51203360062847,-0.707254601325916,-0.58439426937608,0.988635515016652,-0.288981667760466,-0.295621091239626,-0.116443376451997,3.73248
4.05378339269557,-1.85264526746157,-0.278837139390739,-0.415358178447233,0.0499497655501404,-0.307564573934137,-0.364505313844569,0.390095443819508,1.3192416
3.91727858210168,-2.6545400982314,0.16326989764872,0.0895758155346074,-1.03808307639866,0.595217952813336,0.692230708652655,-0.582793556969241,0.7938432
3.79142326058717,-2.70530451599948,0.485488211967003,0.425507762451157,-0.176312859541837,-0.271355016426048,-0.4803701210886,0.63390509816904,1.33056
3.66884635789491,-2.04224791193072,0.593529757991606,0.287800638904601,1.02568477470551,-0.41033625359177,-0.108378053385112,-0.546814386848785,2.485296
3.54984336270464,-0.887019893341065,0.482036291424282,-0.109151961158692,0.294855469238985,0.710761869669593,0.606726199948584,0.336714213173874,5.2132032
3.4234670748303,0.406937269568797,0.190778394847326,-0.335362464741494,-1.01797234187803,-0.215698395434196,-0.624772987476124,-0.0491549248684838,1.88014176
3.2999241605985,1.50589039526799,-0.155319846080501,-0.156045729053945,-0.383291408515555,-0.576288825021343,0.16596105155672,-0.233927611235535,3.0576096
3.17684240459884,2.13463787572335,-0.446581523095309,0.170519127816397,0.997051578066852,0.750649939286992,0.402810056015491,0.430905904166868,8.540208
3.04674190328504,2.15662054999699,-0.590403305296529,0.24414448425997,0.475316378427591,-0.0390662789494516,-0.6401682160499,-0.484471119588871,2.98793664
2.93183936964393,1.65104870231811,-0.470366530414316,0.0531509884674183,-0.923322732790325,-0.737944893068565,0.40124953795637,0.405982661096979,2.31984
2.83968123703233,0.79657492719218,-0.116739691871314,-0.172835676485577,-0.608622377158356,0.603548168879948,0.0600807883246357,-0.284722723890185,2.9610144
2.74821948256955,-0.211548716873705,0.262564155897545,-0.261714396709467,0.747405792369082,0.209423784160251,-0.44595535178191,0.145155004286207,3.4886592
2.65631713268889,-1.12662171562673,0.493506212308977,-0.117972298202788,0.716722665229188,-0.702656649039691,0.534273484189669,-0.00745884452854436,2.394576
2.56099880962089,-1.7333602066501,0.49144356140742,0.158974226221474,-0.544716697344585,0.363365830150531,-0.285957990773235,-0.102616637942783,1.1329632
2.4673572904488,-1.88637158732064,0.294952066735558,0.340141131534729,-0.754208587321168,0.354864037805956,-0.110659846882062,0.184730463690859,0.35659008
2.37905277472124,-1.55867527766319,0.00769720625252872,0.231011267981901,0.350136428758379,-0.612918899165275,0.398947016223453,-0.242725450785152,0.8200224
2.29823391492525,-0.850054765429547,-0.263827435613763,-0.131951519679164,0.732094530029834,0.151150336793,-0.432192565465822,0.267392987352582,1.5378768
2.2203069378625,0.0386098408770784,-0.442864215457626,-0.446539684446295,-0.187942716496771,0.435500875494995,0.216456857460007,-0.260675040200691,0.83027808
2.16024652806659,0.895826688198831,-0.448291189571894,-0.351435945655686,-0.657337196566376,-0.466267297024297,0.102211979163864,0.220949881768961,0.3796416
2.11971961589827,1.50154288530402,-0.282530612900315,0.108513141668071,0.0204884386191469,-0.0718065273046802,-0.373394859197968,-0.181108112353134,1.459720224
2.10664326331461,1.70059102702506,-0.0138627835519842,0.484047986519608,0.499344244180327,0.440261041650674,0.404418892494475,0.104477279895674,5.5538784
2.09957499440955,1.39976405028231,0.204997443420007,0.318987554652744,0.0111717935451903,-0.285723242107852,-0.225087959840207,-0.0185935070691652,2.497824
2.1123818253222,0.693123530741624,0.321776402090599,-0.209979222267848,-0.324383214849002,-0.120875338291379,-0.0400105470671926,-0.0667088294430876,1.9093536
2.13548933476035,-0.241830421299068,0.29615957434228,-0.559917711697127,-0.0240146784936582,0.278982069573786,0.212514976467397,0.113035059461015,0.95755392
2.18324086653787,-1.13231061170365,0.165223997258833,-0.324747121684105,0.15231953371267,-0.137727963097926,-0.24589697334156,-0.128899526343428,0.07156512
2.23936270019453,-1.76113803988201,-0.0664464483626667,0.224927197429599,-0.0999826440315193,-0.111098929244183,0.12165598915866,0.0790400113500893,0.38719296
2.30331538058025,-1.95659153038998,-0.323308382403059,0.518136467677278,-0.0391635868078233,0.200757808975431,0.0525572313898474,0.0213693162592261,0.763776
2.36585178674849,-1.66334192362153,-0.49207226948749,0.260387893194579,0.25829389700011,-0.0975554505884247,-0.162690798056297,-0.143627147749471,0.14905728
2.4347834106736,-0.92526036894952,-0.433694854369299,-0.236073340013318,0.00551170222428342,-0.0500572481164233,0.162197927763846,0.24992613807081,1.05795936
2.50399149363909,0.0760802134719833,-0.129719170385646,-0.463221530842204,-0.458327211591509,0.116736232237854,-0.0916693919468242,-0.310453862072798,1.104192
2.57855896251623,1.09489827199237,0.308011078664652,-0.209555753425487,-0.0456517673919427,-0.105926854675382,0.00580197615948543,0.292993961565019,4.2752448
2.64147735288034,1.83871408781335,0.623438240065969,0.20085480442794,0.623541600315212,0.00535121231019155,0.0373447117632379,-0.199635530177485,7.21579968
2.68283128401505,2.09745216524709,0.618428021019929,0.361835770548951,0.175713265072647,0.165943486073586,-0.0100855024163978,0.0761507350924425,6.97808736
2.70263410712924,1.81574633101095,0.2950826251289,0.21368814368716,-0.698936014486263,-0.151593780875039,0.0291263097914626,0.0898003026228704,5.2080192
2.70970933091454,1.09920085550452,-0.151823168469651,-0.00742588939235134,-0.28808635430294,-0.040897450876661,-0.0897746586292887,-0.243559517853257,3.4954848
2.69722555162601,0.139867248435644,-0.495353456890608,-0.142178508518789,0.758191730354256,0.208134659510336,0.140138631669801,0.35338661296235,6.215616
2.64694002302397,-0.822591227036554,-0.573446235426268,-0.183529367831338,0.461738549051593,-0.103286385116159,-0.0554808792035818,-0.346264691275799,1.3689216
2.58079980726452,-1.48289603335167,-0.275129868298945,-0.0601473996067234,-0.651683639597898,-0.0357662907318444,-0.0534729744678699,0.28495562646814,0.7412256
2.5109199800388,-1.64124474350876,0.27189451690137,0.164688207381512,-0.587103018333003,0.080782765542859,0.108491825611186,-0.198028260085026,0.9051264
2.43396521113404,-1.27888635631481,0.728881620183204,0.267485443436871,0.508958954207216,-0.0857074391276608,-0.0778188164849217,0.115805393262919,2.4474528
2.36368361182337,-0.514432261563658,0.798403245276844,0.131148836303964,0.706538607669359,0.102825605618332,0.0128905029706732,-0.0436153732418808,3.2757696
2.29500240455336,0.384370158326956,0.360181197510468,-0.180488992568822,-0.36832681289067,-0.0470760959961276,0.00505124293920328,-0.0361641380214137,2.3300352
2.23550006763813,1.1311438314939,-0.371235283173127,-0.368192632855526,-0.785881902424003,-0.137304871042395,0.0408514122809125,0.138458461178422,0.31784832
2.20059362676274,1.50141149944328,-0.959358908019345,-0.195990137119381,0.209276292763424,0.252197775699842,-0.0980387975251247,-0.279014781692467,1.20412224
2.19873625563176,1.36736461285542,-1.04573015433637,0.174388655993776,0.770818628762134,-0.133592195011452,0.0108456184261754,0.384067466670761,2.35490112
2.21920291129712,0.719760983114541,-0.590045460295947,0.30841689654221,-0.154191154601103,-0.289864073393888,0.135254908346726,-0.465656516249872,1.42657632
2.2558846411502,-0.280074160572425,0.155105386330637,0.0456596934311418,-0.802583559817919,0.486715862041027,-0.239419622402649,0.472427787874679,1.07552448
2.30853667844989,-1.33106409668654,0.798075563583352,-0.294119160286539,0.0782496443676617,-0.0657421096357497,0.172201988680709,-0.389639046766448,0.25743744
2.3853917819242,-2.08147705442982,1.01184748359842,-0.291294611341591,0.812925108773379,-0.612769305424434,0.038027999609274,0.182580628187069,0.491616
2.47752708979325,-2.27839695027466,0.658028876895606,0.0308015857200334,-0.0642818281005007,0.585394922839673,-0.313047513647529,0.091895683400554,0.6321024
2.58468945349983,-1.8148208506174,-0.0885374782907132,0.287643225002732,-0.873852822318671,0.263050656828215,0.431507372071345,-0.39809205345479,0.22383648
2.69130202274958,-0.799116255566574,-0.850165421014687,0.158539164019745,-0.0114158252396296,-0.953701945015053,-0.280949754436596,0.649552850344464,0.95066784
2.79810753938172,0.517157404971638,-1.1817118715752,-0.169734185594703,0.956928072753284,0.509655013343273,-0.0752587016886725,-0.760435042716628,2.139264
2.90427514596822,1.77803069045343,-0.854366568203977,-0.271221559983342,0.118401522714769,0.698668213557002,0.426304234727865,0.676479940358069,6.7525056
2.99723846560349,2.60651071459307,-0.0207876150039759,-0.0169253004841313,-1.04280228277277,-1.19413392392482,-0.536432449782826,-0.389564555011094,1.88081568
3.08706214232752,2.76267643103554,0.904572665262539,0.322668144146736,-0.218152472795281,0.233952665058224,0.336183305411802,-0.0257778359093753,9.36827424
3.14820352611285,2.13604046361493,1.36718365262813,0.281981553330028,1.09627364327406,1.13511608527155,0.0633293581909862,0.462870640184155,11.1003264
3.17818832770799,0.883474066984667,1.10654217437469,-0.0934280274314594,0.434091542751027,-1.1193420548339,-0.346033996520952,-0.727821605470371,3.6072864
3.20399468529307,-0.600430657345888,0.313576954561952,-0.285612733231817,-1.00655469940786,-0.281277921644318,0.417617145000865,0.764423979208319,2.6211168
3.22305664147428,-1.89771375186815,-0.608699297577859,-0.084737307451314,-0.657776065589573,1.34124334141098,-0.314162139212055,-0.577003010143471,1.0340352
3.23451831781674,-2.64788845381029,-1.21182453264903,0.216964915598254,0.867537207543883,-0.747727665463153,0.123441228916094,0.233123598513896,0.5096736
